"START_DATE","END_DATE","JURISDICTION","AGE_GROUP","DETECTION_METHOD","FINES","YEAR","DETECTION_METHOD_CLEAN","MONTH","Duplicate Status"
"2023-01-01","2023-01-31","ACT","0-16","Fixed camera",1,2023,"Fixed camera",1,"unique"
"2023-01-01","2023-01-31","ACT","17-25","Fixed camera",559,2023,"Fixed camera",1,"unique"
"2023-01-01","2023-01-31","ACT","26-39","Fixed camera",1550,2023,"Fixed camera",1,"unique"
"2023-01-01","2023-01-31","ACT","40-64","Fixed camera",2722,2023,"Fixed camera",1,"unique"
"2023-01-01","2023-01-31","ACT","65 and over","Fixed camera",836,2023,"Fixed camera",1,"unique"
"2023-01-01","2023-01-31","ACT","Unknown","Fixed camera",92,2023,"Fixed camera",1,"unique"
"2023-01-01","2023-01-31","ACT","17-25","Mobile camera",143,2023,"Mobile camera",1,"unique"
"2023-01-01","2023-01-31","ACT","26-39","Mobile camera",313,2023,"Mobile camera",1,"unique"
"2023-01-01","2023-01-31","ACT","40-64","Mobile camera",476,2023,"Mobile camera",1,"unique"
"2023-01-01","2023-01-31","ACT","65 and over","Mobile camera",148,2023,"Mobile camera",1,"unique"
"2023-01-01","2023-01-31","ACT","Unknown","Mobile camera",12,2023,"Mobile camera",1,"unique"
"2023-01-01","2023-01-31","ACT","0-16","Police issued",2,2023,"Police issued",1,"unique"
"2023-01-01","2023-01-31","ACT","17-25","Police issued",59,2023,"Police issued",1,"unique"
"2023-01-01","2023-01-31","ACT","26-39","Police issued",98,2023,"Police issued",1,"unique"
"2023-01-01","2023-01-31","ACT","40-64","Police issued",47,2023,"Police issued",1,"unique"
"2023-01-01","2023-01-31","ACT","65 and over","Police issued",5,2023,"Police issued",1,"unique"
"2023-01-01","2023-01-31","NSW","Unknown","Fixed camera",27788,2023,"Fixed camera",1,"unique"
"2023-01-01","2023-01-31","NSW","Unknown","Mobile camera",1413,2023,"Mobile camera",1,"unique"
"2023-01-01","2023-01-31","NSW","0-16","Police issued",5,2023,"Police issued",1,"chosen"
"2023-01-01","2023-01-31","NSW","17-25","Police issued",1508,2023,"Police issued",1,"chosen"
"2023-01-01","2023-01-31","NSW","26-39","Police issued",2428,2023,"Police issued",1,"chosen"
"2023-01-01","2023-01-31","NSW","40-64","Police issued",2435,2023,"Police issued",1,"chosen"
"2023-01-01","2023-01-31","NSW","65 and over","Police issued",485,2023,"Police issued",1,"chosen"
"2023-01-01","2023-01-31","NSW","0-16","Police issued",4,2023,"Police issued",1,"duplicate"
"2023-01-01","2023-01-31","NSW","17-25","Police issued",1655,2023,"Police issued",1,"duplicate"
"2023-01-01","2023-01-31","NSW","26-39","Police issued",1989,2023,"Police issued",1,"duplicate"
"2023-01-01","2023-01-31","NSW","40-64","Police issued",1746,2023,"Police issued",1,"duplicate"
"2023-01-01","2023-01-31","NSW","65 and over","Police issued",252,2023,"Police issued",1,"duplicate"
"2023-01-01","2023-01-31","NSW","0-16","Police issued",1,2023,"Police issued",1,"duplicate"
"2023-01-01","2023-01-31","NSW","17-25","Police issued",394,2023,"Police issued",1,"duplicate"
"2023-01-01","2023-01-31","NSW","26-39","Police issued",711,2023,"Police issued",1,"duplicate"
"2023-01-01","2023-01-31","NSW","40-64","Police issued",794,2023,"Police issued",1,"duplicate"
"2023-01-01","2023-01-31","NSW","65 and over","Police issued",221,2023,"Police issued",1,"duplicate"
"2023-01-01","2023-01-31","NSW","17-25","Police issued",27,2023,"Police issued",1,"duplicate"
"2023-01-01","2023-01-31","NSW","26-39","Police issued",61,2023,"Police issued",1,"duplicate"
"2023-01-01","2023-01-31","NSW","40-64","Police issued",70,2023,"Police issued",1,"duplicate"
"2023-01-01","2023-01-31","NSW","65 and over","Police issued",21,2023,"Police issued",1,"duplicate"
"2023-01-01","2023-01-31","NSW","17-25","Police issued",2,2023,"Police issued",1,"duplicate"
"2023-01-01","2023-01-31","NSW","26-39","Police issued",1,2023,"Police issued",1,"duplicate"
"2023-01-01","2023-01-31","NSW","40-64","Police issued",2,2023,"Police issued",1,"duplicate"
"2023-01-01","2023-01-31","NSW","65 and over","Police issued",1,2023,"Police issued",1,"duplicate"
"2023-01-01","2023-01-31","NSW","17-25","Police issued",2,2023,"Police issued",1,"duplicate"
"2023-01-01","2023-01-31","NSW","26-39","Police issued",10,2023,"Police issued",1,"duplicate"
"2023-01-01","2023-01-31","NSW","40-64","Police issued",5,2023,"Police issued",1,"duplicate"
"2023-01-01","2023-01-31","NSW","65 and over","Police issued",1,2023,"Police issued",1,"duplicate"
"2023-01-01","2023-01-31","NSW","Unknown","Red light camera",18873,2023,"Red light camera",1,"unique"
"2023-01-01","2023-01-31","NT","0-16","Mobile camera",4,2023,"Mobile camera",1,"unique"
"2023-01-01","2023-01-31","NT","17-25","Mobile camera",307,2023,"Mobile camera",1,"unique"
"2023-01-01","2023-01-31","NT","26-39","Mobile camera",649,2023,"Mobile camera",1,"unique"
"2023-01-01","2023-01-31","NT","40-64","Mobile camera",710,2023,"Mobile camera",1,"unique"
"2023-01-01","2023-01-31","NT","65 and over","Mobile camera",159,2023,"Mobile camera",1,"unique"
"2023-01-01","2023-01-31","NT","Unknown","Mobile camera",56,2023,"Mobile camera",1,"unique"
"2023-01-01","2023-01-31","NT","0-16","Police issued",2,2023,"Police issued",1,"unique"
"2023-01-01","2023-01-31","NT","17-25","Police issued",98,2023,"Police issued",1,"unique"
"2023-01-01","2023-01-31","NT","26-39","Police issued",141,2023,"Police issued",1,"unique"
"2023-01-01","2023-01-31","NT","40-64","Police issued",126,2023,"Police issued",1,"unique"
"2023-01-01","2023-01-31","NT","65 and over","Police issued",20,2023,"Police issued",1,"unique"
"2023-01-01","2023-01-31","NT","17-25","Red light camera",55,2023,"Red light camera",1,"unique"
"2023-01-01","2023-01-31","NT","26-39","Red light camera",207,2023,"Red light camera",1,"unique"
"2023-01-01","2023-01-31","NT","40-64","Red light camera",301,2023,"Red light camera",1,"unique"
"2023-01-01","2023-01-31","NT","65 and over","Red light camera",70,2023,"Red light camera",1,"unique"
"2023-01-01","2023-01-31","NT","Unknown","Red light camera",20,2023,"Red light camera",1,"unique"
"2023-01-01","2023-12-31","QLD","Unknown","Average speed camera",9790,2023,"Average speed camera",1,"unique"
"2023-01-01","2023-12-31","QLD","Unknown","Fixed camera",263939,2023,"Fixed camera",1,"unique"
"2023-01-01","2023-12-31","QLD","Unknown","Mobile camera",469785,2023,"Mobile camera",1,"unique"
"2023-01-01","2023-12-31","QLD","Unknown","Police issued",117112,2023,"Police issued",1,"unique"
"2023-01-01","2023-01-31","SA","0-16","Fixed camera",0,2023,"Fixed camera",1,"unique"
"2023-01-01","2023-01-31","SA","17-25","Fixed camera",483,2023,"Fixed camera",1,"unique"
"2023-01-01","2023-01-31","SA","26-39","Fixed camera",1229,2023,"Fixed camera",1,"unique"
"2023-01-01","2023-01-31","SA","40-64","Fixed camera",2426,2023,"Fixed camera",1,"unique"
"2023-01-01","2023-01-31","SA","65 and over","Fixed camera",996,2023,"Fixed camera",1,"unique"
"2023-01-01","2023-01-31","SA","Unknown","Fixed camera",184,2023,"Fixed camera",1,"unique"
"2023-01-01","2023-01-31","SA","0-16","Mobile camera",0,2023,"Mobile camera",1,"unique"
"2023-01-01","2023-01-31","SA","17-25","Mobile camera",885,2023,"Mobile camera",1,"unique"
"2023-01-01","2023-01-31","SA","26-39","Mobile camera",2462,2023,"Mobile camera",1,"unique"
"2023-01-01","2023-01-31","SA","40-64","Mobile camera",4161,2023,"Mobile camera",1,"unique"
"2023-01-01","2023-01-31","SA","65 and over","Mobile camera",1310,2023,"Mobile camera",1,"unique"
"2023-01-01","2023-01-31","SA","Unknown","Mobile camera",204,2023,"Mobile camera",1,"unique"
"2023-01-01","2023-01-31","SA","0-16","Other",0,2023,"Other",1,"unique"
"2023-01-01","2023-01-31","SA","17-25","Other",0,2023,"Other",1,"unique"
"2023-01-01","2023-01-31","SA","26-39","Other",0,2023,"Other",1,"unique"
"2023-01-01","2023-01-31","SA","40-64","Other",0,2023,"Other",1,"unique"
"2023-01-01","2023-01-31","SA","65 and over","Other",0,2023,"Other",1,"unique"
"2023-01-01","2023-01-31","SA","Unknown","Other",0,2023,"Other",1,"unique"
"2023-01-01","2023-01-31","SA","0-16","Police issued",0,2023,"Police issued",1,"unique"
"2023-01-01","2023-01-31","SA","17-25","Police issued",710,2023,"Police issued",1,"unique"
"2023-01-01","2023-01-31","SA","26-39","Police issued",1230,2023,"Police issued",1,"unique"
"2023-01-01","2023-01-31","SA","40-64","Police issued",1428,2023,"Police issued",1,"unique"
"2023-01-01","2023-01-31","SA","65 and over","Police issued",355,2023,"Police issued",1,"unique"
"2023-01-01","2023-01-31","SA","Unknown","Police issued",3,2023,"Police issued",1,"unique"
"2023-01-01","2023-01-31","TAS","17-25","Fixed or mobile camera",577,2023,"Camera (fixed/mobile)",1,"unique"
"2023-01-01","2023-01-31","TAS","26-39","Fixed or mobile camera",1568,2023,"Camera (fixed/mobile)",1,"unique"
"2023-01-01","2023-01-31","TAS","40-64","Fixed or mobile camera",1903,2023,"Camera (fixed/mobile)",1,"unique"
"2023-01-01","2023-01-31","TAS","65 and over","Fixed or mobile camera",623,2023,"Camera (fixed/mobile)",1,"unique"
"2023-01-01","2023-01-31","TAS","Unknown","Fixed or mobile camera",5,2023,"Camera (fixed/mobile)",1,"unique"
"2023-01-01","2023-01-31","TAS","17-25","Police issued",447,2023,"Police issued",1,"unique"
"2023-01-01","2023-01-31","TAS","26-39","Police issued",736,2023,"Police issued",1,"unique"
"2023-01-01","2023-01-31","TAS","40-64","Police issued",834,2023,"Police issued",1,"unique"
"2023-01-01","2023-01-31","TAS","65 and over","Police issued",239,2023,"Police issued",1,"unique"
"2023-01-01","2023-01-31","TAS","Unknown","Police issued",1,2023,"Police issued",1,"unique"
"2023-01-01","2023-01-31","VIC","17-25","Fixed camera",180,2023,"Fixed camera",1,"chosen"
"2023-01-01","2023-01-31","VIC","26-39","Fixed camera",708,2023,"Fixed camera",1,"chosen"
"2023-01-01","2023-01-31","VIC","40-64","Fixed camera",1015,2023,"Fixed camera",1,"chosen"
"2023-01-01","2023-01-31","VIC","65 and over","Fixed camera",303,2023,"Fixed camera",1,"chosen"
"2023-01-01","2023-01-31","VIC","Unknown","Fixed camera",725,2023,"Fixed camera",1,"chosen"
"2023-01-01","2023-01-31","VIC","17-25","Fixed camera",2784,2023,"Fixed camera",1,"duplicate"
"2023-01-01","2023-01-31","VIC","26-39","Fixed camera",11589,2023,"Fixed camera",1,"duplicate"
"2023-01-01","2023-01-31","VIC","40-64","Fixed camera",19952,2023,"Fixed camera",1,"duplicate"
"2023-01-01","2023-01-31","VIC","65 and over","Fixed camera",5764,2023,"Fixed camera",1,"duplicate"
"2023-01-01","2023-01-31","VIC","Unknown","Fixed camera",11839,2023,"Fixed camera",1,"duplicate"
"2023-01-01","2023-01-31","VIC","17-25","Fixed camera",1,2023,"Fixed camera",1,"duplicate"
"2023-01-01","2023-01-31","VIC","26-39","Fixed camera",10,2023,"Fixed camera",1,"duplicate"
"2023-01-01","2023-01-31","VIC","40-64","Fixed camera",17,2023,"Fixed camera",1,"duplicate"
"2023-01-01","2023-01-31","VIC","65 and over","Fixed camera",6,2023,"Fixed camera",1,"duplicate"
"2023-01-01","2023-01-31","VIC","Unknown","Fixed camera",11,2023,"Fixed camera",1,"duplicate"
"2023-01-01","2023-01-31","VIC","17-25","Fixed camera",63,2023,"Fixed camera",1,"duplicate"
"2023-01-01","2023-01-31","VIC","26-39","Fixed camera",218,2023,"Fixed camera",1,"duplicate"
"2023-01-01","2023-01-31","VIC","40-64","Fixed camera",288,2023,"Fixed camera",1,"duplicate"
"2023-01-01","2023-01-31","VIC","65 and over","Fixed camera",62,2023,"Fixed camera",1,"duplicate"
"2023-01-01","2023-01-31","VIC","Unknown","Fixed camera",205,2023,"Fixed camera",1,"duplicate"
"2023-01-01","2023-01-31","VIC","17-25","Mobile camera",2125,2023,"Mobile camera",1,"chosen"
"2023-01-01","2023-01-31","VIC","26-39","Mobile camera",10144,2023,"Mobile camera",1,"chosen"
"2023-01-01","2023-01-31","VIC","40-64","Mobile camera",16192,2023,"Mobile camera",1,"chosen"
"2023-01-01","2023-01-31","VIC","65 and over","Mobile camera",5052,2023,"Mobile camera",1,"chosen"
"2023-01-01","2023-01-31","VIC","Unknown","Mobile camera",7544,2023,"Mobile camera",1,"chosen"
"2023-01-01","2023-01-31","VIC","17-25","Mobile camera",466,2023,"Mobile camera",1,"duplicate"
"2023-01-01","2023-01-31","VIC","26-39","Mobile camera",1827,2023,"Mobile camera",1,"duplicate"
"2023-01-01","2023-01-31","VIC","40-64","Mobile camera",3350,2023,"Mobile camera",1,"duplicate"
"2023-01-01","2023-01-31","VIC","65 and over","Mobile camera",1434,2023,"Mobile camera",1,"duplicate"
"2023-01-01","2023-01-31","VIC","Unknown","Mobile camera",1600,2023,"Mobile camera",1,"duplicate"
"2023-01-01","2023-01-31","VIC","17-25","Mobile camera",74,2023,"Mobile camera",1,"duplicate"
"2023-01-01","2023-01-31","VIC","26-39","Mobile camera",306,2023,"Mobile camera",1,"duplicate"
"2023-01-01","2023-01-31","VIC","40-64","Mobile camera",596,2023,"Mobile camera",1,"duplicate"
"2023-01-01","2023-01-31","VIC","65 and over","Mobile camera",283,2023,"Mobile camera",1,"duplicate"
"2023-01-01","2023-01-31","VIC","Unknown","Mobile camera",327,2023,"Mobile camera",1,"duplicate"
"2023-01-01","2023-01-31","VIC","17-25","Mobile camera",1,2023,"Mobile camera",1,"duplicate"
"2023-01-01","2023-01-31","VIC","26-39","Mobile camera",1,2023,"Mobile camera",1,"duplicate"
"2023-01-01","2023-01-31","VIC","40-64","Mobile camera",2,2023,"Mobile camera",1,"duplicate"
"2023-01-01","2023-01-31","VIC","17-25","Mobile camera",68,2023,"Mobile camera",1,"duplicate"
"2023-01-01","2023-01-31","VIC","26-39","Mobile camera",252,2023,"Mobile camera",1,"duplicate"
"2023-01-01","2023-01-31","VIC","40-64","Mobile camera",364,2023,"Mobile camera",1,"duplicate"
"2023-01-01","2023-01-31","VIC","65 and over","Mobile camera",117,2023,"Mobile camera",1,"duplicate"
"2023-01-01","2023-01-31","VIC","Unknown","Mobile camera",126,2023,"Mobile camera",1,"duplicate"
"2023-01-01","2023-01-31","VIC","17-25","Police issued",820,2023,"Police issued",1,"chosen"
"2023-01-01","2023-01-31","VIC","26-39","Police issued",1524,2023,"Police issued",1,"chosen"
"2023-01-01","2023-01-31","VIC","40-64","Police issued",1943,2023,"Police issued",1,"chosen"
"2023-01-01","2023-01-31","VIC","65 and over","Police issued",437,2023,"Police issued",1,"chosen"
"2023-01-01","2023-01-31","VIC","17-25","Police issued",1050,2023,"Police issued",1,"duplicate"
"2023-01-01","2023-01-31","VIC","26-39","Police issued",1863,2023,"Police issued",1,"duplicate"
"2023-01-01","2023-01-31","VIC","40-64","Police issued",1966,2023,"Police issued",1,"duplicate"
"2023-01-01","2023-01-31","VIC","65 and over","Police issued",381,2023,"Police issued",1,"duplicate"
"2023-01-01","2023-01-31","VIC","17-25","Police issued",200,2023,"Police issued",1,"duplicate"
"2023-01-01","2023-01-31","VIC","26-39","Police issued",379,2023,"Police issued",1,"duplicate"
"2023-01-01","2023-01-31","VIC","40-64","Police issued",450,2023,"Police issued",1,"duplicate"
"2023-01-01","2023-01-31","VIC","65 and over","Police issued",97,2023,"Police issued",1,"duplicate"
"2023-01-01","2023-01-31","VIC","17-25","Police issued",6,2023,"Police issued",1,"duplicate"
"2023-01-01","2023-01-31","VIC","26-39","Police issued",16,2023,"Police issued",1,"duplicate"
"2023-01-01","2023-01-31","VIC","40-64","Police issued",38,2023,"Police issued",1,"duplicate"
"2023-01-01","2023-01-31","VIC","65 and over","Police issued",8,2023,"Police issued",1,"duplicate"
"2023-01-01","2023-01-31","VIC","17-25","Police issued",9,2023,"Police issued",1,"duplicate"
"2023-01-01","2023-01-31","VIC","26-39","Police issued",23,2023,"Police issued",1,"duplicate"
"2023-01-01","2023-01-31","VIC","40-64","Police issued",18,2023,"Police issued",1,"duplicate"
"2023-01-01","2023-01-31","VIC","65 and over","Police issued",1,2023,"Police issued",1,"duplicate"
"2023-01-01","2023-01-31","VIC","Unknown","Police issued",1,2023,"Police issued",1,"unique"
"2023-01-01","2023-01-31","WA","17-25","Average speed camera",229,2023,"Average speed camera",1,"unique"
"2023-01-01","2023-01-31","WA","26-39","Average speed camera",471,2023,"Average speed camera",1,"unique"
"2023-01-01","2023-01-31","WA","40-64","Average speed camera",546,2023,"Average speed camera",1,"unique"
"2023-01-01","2023-01-31","WA","65 and over","Average speed camera",85,2023,"Average speed camera",1,"unique"
"2023-01-01","2023-01-31","WA","17-25","Fixed camera",1325,2023,"Fixed camera",1,"unique"
"2023-01-01","2023-01-31","WA","26-39","Fixed camera",4272,2023,"Fixed camera",1,"unique"
"2023-01-01","2023-01-31","WA","40-64","Fixed camera",6412,2023,"Fixed camera",1,"unique"
"2023-01-01","2023-01-31","WA","65 and over","Fixed camera",1618,2023,"Fixed camera",1,"unique"
"2023-01-01","2023-01-31","WA","Unknown","Fixed camera",11,2023,"Fixed camera",1,"unique"
"2023-01-01","2023-01-31","WA","0-16","Mobile camera",1,2023,"Mobile camera",1,"unique"
"2023-01-01","2023-01-31","WA","17-25","Mobile camera",3685,2023,"Mobile camera",1,"unique"
"2023-01-01","2023-01-31","WA","26-39","Mobile camera",9352,2023,"Mobile camera",1,"unique"
"2023-01-01","2023-01-31","WA","40-64","Mobile camera",13530,2023,"Mobile camera",1,"unique"
"2023-01-01","2023-01-31","WA","65 and over","Mobile camera",3317,2023,"Mobile camera",1,"unique"
"2023-01-01","2023-01-31","WA","Unknown","Mobile camera",17,2023,"Mobile camera",1,"unique"
"2023-01-01","2023-01-31","WA","17-25","Police issued",916,2023,"Police issued",1,"unique"
"2023-01-01","2023-01-31","WA","26-39","Police issued",1913,2023,"Police issued",1,"unique"
"2023-01-01","2023-01-31","WA","40-64","Police issued",2201,2023,"Police issued",1,"unique"
"2023-01-01","2023-01-31","WA","65 and over","Police issued",401,2023,"Police issued",1,"unique"
"2023-01-01","2023-01-31","WA","17-25","Red light camera",893,2023,"Red light camera",1,"unique"
"2023-01-01","2023-01-31","WA","26-39","Red light camera",3494,2023,"Red light camera",1,"unique"
"2023-01-01","2023-01-31","WA","40-64","Red light camera",7450,2023,"Red light camera",1,"unique"
"2023-01-01","2023-01-31","WA","65 and over","Red light camera",2027,2023,"Red light camera",1,"unique"
"2023-01-01","2023-01-31","WA","Unknown","Red light camera",12,2023,"Red light camera",1,"unique"
"2023-01-01","2023-01-31","WA","17-25","Unknown",0,2023,"Unknown",1,"unique"
"2023-01-01","2023-01-31","WA","26-39","Unknown",0,2023,"Unknown",1,"unique"
"2023-01-01","2023-01-31","WA","40-64","Unknown",0,2023,"Unknown",1,"unique"
"2023-01-01","2023-01-31","WA","65 and over","Unknown",0,2023,"Unknown",1,"unique"
"2023-02-01","2023-02-28","ACT","0-16","Fixed camera",1,2023,"Fixed camera",2,"unique"
"2023-02-01","2023-02-28","ACT","17-25","Fixed camera",508,2023,"Fixed camera",2,"unique"
"2023-02-01","2023-02-28","ACT","26-39","Fixed camera",1149,2023,"Fixed camera",2,"unique"
"2023-02-01","2023-02-28","ACT","40-64","Fixed camera",2115,2023,"Fixed camera",2,"unique"
"2023-02-01","2023-02-28","ACT","65 and over","Fixed camera",735,2023,"Fixed camera",2,"unique"
"2023-02-01","2023-02-28","ACT","Unknown","Fixed camera",91,2023,"Fixed camera",2,"unique"
"2023-02-01","2023-02-28","ACT","17-25","Mobile camera",220,2023,"Mobile camera",2,"unique"
"2023-02-01","2023-02-28","ACT","26-39","Mobile camera",463,2023,"Mobile camera",2,"unique"
"2023-02-01","2023-02-28","ACT","40-64","Mobile camera",582,2023,"Mobile camera",2,"unique"
"2023-02-01","2023-02-28","ACT","65 and over","Mobile camera",243,2023,"Mobile camera",2,"unique"
"2023-02-01","2023-02-28","ACT","Unknown","Mobile camera",13,2023,"Mobile camera",2,"unique"
"2023-02-01","2023-02-28","ACT","0-16","Police issued",1,2023,"Police issued",2,"unique"
"2023-02-01","2023-02-28","ACT","17-25","Police issued",27,2023,"Police issued",2,"unique"
"2023-02-01","2023-02-28","ACT","26-39","Police issued",52,2023,"Police issued",2,"unique"
"2023-02-01","2023-02-28","ACT","40-64","Police issued",33,2023,"Police issued",2,"unique"
"2023-02-01","2023-02-28","ACT","65 and over","Police issued",4,2023,"Police issued",2,"unique"
"2023-02-01","2023-02-28","NSW","Unknown","Fixed camera",32476,2023,"Fixed camera",2,"unique"
"2023-02-01","2023-02-28","NSW","Unknown","Mobile camera",2069,2023,"Mobile camera",2,"unique"
"2023-02-01","2023-02-28","NSW","0-16","Police issued",2,2023,"Police issued",2,"chosen"
"2023-02-01","2023-02-28","NSW","17-25","Police issued",1213,2023,"Police issued",2,"chosen"
"2023-02-01","2023-02-28","NSW","26-39","Police issued",1894,2023,"Police issued",2,"chosen"
"2023-02-01","2023-02-28","NSW","40-64","Police issued",2047,2023,"Police issued",2,"chosen"
"2023-02-01","2023-02-28","NSW","65 and over","Police issued",522,2023,"Police issued",2,"chosen"
"2023-02-01","2023-02-28","NSW","0-16","Police issued",3,2023,"Police issued",2,"duplicate"
"2023-02-01","2023-02-28","NSW","17-25","Police issued",1387,2023,"Police issued",2,"duplicate"
"2023-02-01","2023-02-28","NSW","26-39","Police issued",1694,2023,"Police issued",2,"duplicate"
"2023-02-01","2023-02-28","NSW","40-64","Police issued",1503,2023,"Police issued",2,"duplicate"
"2023-02-01","2023-02-28","NSW","65 and over","Police issued",202,2023,"Police issued",2,"duplicate"
"2023-02-01","2023-02-28","NSW","0-16","Police issued",0,2023,"Police issued",2,"duplicate"
"2023-02-01","2023-02-28","NSW","17-25","Police issued",297,2023,"Police issued",2,"duplicate"
"2023-02-01","2023-02-28","NSW","26-39","Police issued",553,2023,"Police issued",2,"duplicate"
"2023-02-01","2023-02-28","NSW","40-64","Police issued",675,2023,"Police issued",2,"duplicate"
"2023-02-01","2023-02-28","NSW","65 and over","Police issued",146,2023,"Police issued",2,"duplicate"
"2023-02-01","2023-02-28","NSW","17-25","Police issued",12,2023,"Police issued",2,"duplicate"
"2023-02-01","2023-02-28","NSW","26-39","Police issued",29,2023,"Police issued",2,"duplicate"
"2023-02-01","2023-02-28","NSW","40-64","Police issued",29,2023,"Police issued",2,"duplicate"
"2023-02-01","2023-02-28","NSW","65 and over","Police issued",6,2023,"Police issued",2,"duplicate"
"2023-02-01","2023-02-28","NSW","17-25","Police issued",13,2023,"Police issued",2,"duplicate"
"2023-02-01","2023-02-28","NSW","26-39","Police issued",6,2023,"Police issued",2,"duplicate"
"2023-02-01","2023-02-28","NSW","40-64","Police issued",6,2023,"Police issued",2,"duplicate"
"2023-02-01","2023-02-28","NSW","17-25","Police issued",1,2023,"Police issued",2,"duplicate"
"2023-02-01","2023-02-28","NSW","40-64","Police issued",3,2023,"Police issued",2,"duplicate"
"2023-02-01","2023-02-28","NSW","65 and over","Police issued",1,2023,"Police issued",2,"duplicate"
"2023-02-01","2023-02-28","NSW","Unknown","Red light camera",18135,2023,"Red light camera",2,"unique"
"2023-02-01","2023-02-28","NT","0-16","Mobile camera",3,2023,"Mobile camera",2,"unique"
"2023-02-01","2023-02-28","NT","17-25","Mobile camera",251,2023,"Mobile camera",2,"unique"
"2023-02-01","2023-02-28","NT","26-39","Mobile camera",639,2023,"Mobile camera",2,"unique"
"2023-02-01","2023-02-28","NT","40-64","Mobile camera",702,2023,"Mobile camera",2,"unique"
"2023-02-01","2023-02-28","NT","65 and over","Mobile camera",154,2023,"Mobile camera",2,"unique"
"2023-02-01","2023-02-28","NT","Unknown","Mobile camera",61,2023,"Mobile camera",2,"unique"
"2023-02-01","2023-02-28","NT","0-16","Police issued",1,2023,"Police issued",2,"unique"
"2023-02-01","2023-02-28","NT","17-25","Police issued",40,2023,"Police issued",2,"unique"
"2023-02-01","2023-02-28","NT","26-39","Police issued",121,2023,"Police issued",2,"unique"
"2023-02-01","2023-02-28","NT","40-64","Police issued",100,2023,"Police issued",2,"unique"
"2023-02-01","2023-02-28","NT","65 and over","Police issued",19,2023,"Police issued",2,"unique"
"2023-02-01","2023-02-28","NT","17-25","Red light camera",85,2023,"Red light camera",2,"unique"
"2023-02-01","2023-02-28","NT","26-39","Red light camera",228,2023,"Red light camera",2,"unique"
"2023-02-01","2023-02-28","NT","40-64","Red light camera",381,2023,"Red light camera",2,"unique"
"2023-02-01","2023-02-28","NT","65 and over","Red light camera",74,2023,"Red light camera",2,"unique"
"2023-02-01","2023-02-28","NT","Unknown","Red light camera",25,2023,"Red light camera",2,"unique"
"2023-02-01","2023-02-28","SA","0-16","Fixed camera",0,2023,"Fixed camera",2,"unique"
"2023-02-01","2023-02-28","SA","17-25","Fixed camera",482,2023,"Fixed camera",2,"unique"
"2023-02-01","2023-02-28","SA","26-39","Fixed camera",1083,2023,"Fixed camera",2,"unique"
"2023-02-01","2023-02-28","SA","40-64","Fixed camera",2287,2023,"Fixed camera",2,"unique"
"2023-02-01","2023-02-28","SA","65 and over","Fixed camera",880,2023,"Fixed camera",2,"unique"
"2023-02-01","2023-02-28","SA","Unknown","Fixed camera",195,2023,"Fixed camera",2,"unique"
"2023-02-01","2023-02-28","SA","0-16","Mobile camera",0,2023,"Mobile camera",2,"unique"
"2023-02-01","2023-02-28","SA","17-25","Mobile camera",886,2023,"Mobile camera",2,"unique"
"2023-02-01","2023-02-28","SA","26-39","Mobile camera",2458,2023,"Mobile camera",2,"unique"
"2023-02-01","2023-02-28","SA","40-64","Mobile camera",4066,2023,"Mobile camera",2,"unique"
"2023-02-01","2023-02-28","SA","65 and over","Mobile camera",1074,2023,"Mobile camera",2,"unique"
"2023-02-01","2023-02-28","SA","Unknown","Mobile camera",219,2023,"Mobile camera",2,"unique"
"2023-02-01","2023-02-28","SA","0-16","Other",0,2023,"Other",2,"unique"
"2023-02-01","2023-02-28","SA","17-25","Other",0,2023,"Other",2,"unique"
"2023-02-01","2023-02-28","SA","26-39","Other",0,2023,"Other",2,"unique"
"2023-02-01","2023-02-28","SA","40-64","Other",0,2023,"Other",2,"unique"
"2023-02-01","2023-02-28","SA","65 and over","Other",0,2023,"Other",2,"unique"
"2023-02-01","2023-02-28","SA","Unknown","Other",0,2023,"Other",2,"unique"
"2023-02-01","2023-02-28","SA","0-16","Police issued",0,2023,"Police issued",2,"unique"
"2023-02-01","2023-02-28","SA","17-25","Police issued",609,2023,"Police issued",2,"unique"
"2023-02-01","2023-02-28","SA","26-39","Police issued",1131,2023,"Police issued",2,"unique"
"2023-02-01","2023-02-28","SA","40-64","Police issued",1408,2023,"Police issued",2,"unique"
"2023-02-01","2023-02-28","SA","65 and over","Police issued",356,2023,"Police issued",2,"unique"
"2023-02-01","2023-02-28","SA","Unknown","Police issued",3,2023,"Police issued",2,"unique"
"2023-02-01","2023-02-28","TAS","17-25","Fixed or mobile camera",389,2023,"Camera (fixed/mobile)",2,"unique"
"2023-02-01","2023-02-28","TAS","26-39","Fixed or mobile camera",1001,2023,"Camera (fixed/mobile)",2,"unique"
"2023-02-01","2023-02-28","TAS","40-64","Fixed or mobile camera",1193,2023,"Camera (fixed/mobile)",2,"unique"
"2023-02-01","2023-02-28","TAS","65 and over","Fixed or mobile camera",419,2023,"Camera (fixed/mobile)",2,"unique"
"2023-02-01","2023-02-28","TAS","Unknown","Fixed or mobile camera",3,2023,"Camera (fixed/mobile)",2,"unique"
"2023-02-01","2023-02-28","TAS","0-16","Police issued",0,2023,"Police issued",2,"unique"
"2023-02-01","2023-02-28","TAS","17-25","Police issued",319,2023,"Police issued",2,"unique"
"2023-02-01","2023-02-28","TAS","26-39","Police issued",562,2023,"Police issued",2,"unique"
"2023-02-01","2023-02-28","TAS","40-64","Police issued",642,2023,"Police issued",2,"unique"
"2023-02-01","2023-02-28","TAS","65 and over","Police issued",207,2023,"Police issued",2,"unique"
"2023-02-01","2023-02-28","TAS","Unknown","Police issued",1,2023,"Police issued",2,"unique"
"2023-02-01","2023-02-28","VIC","17-25","Fixed camera",152,2023,"Fixed camera",2,"chosen"
"2023-02-01","2023-02-28","VIC","26-39","Fixed camera",649,2023,"Fixed camera",2,"chosen"
"2023-02-01","2023-02-28","VIC","40-64","Fixed camera",954,2023,"Fixed camera",2,"chosen"
"2023-02-01","2023-02-28","VIC","65 and over","Fixed camera",295,2023,"Fixed camera",2,"chosen"
"2023-02-01","2023-02-28","VIC","Unknown","Fixed camera",820,2023,"Fixed camera",2,"chosen"
"2023-02-01","2023-02-28","VIC","17-25","Fixed camera",2051,2023,"Fixed camera",2,"duplicate"
"2023-02-01","2023-02-28","VIC","26-39","Fixed camera",8561,2023,"Fixed camera",2,"duplicate"
"2023-02-01","2023-02-28","VIC","40-64","Fixed camera",14791,2023,"Fixed camera",2,"duplicate"
"2023-02-01","2023-02-28","VIC","65 and over","Fixed camera",4488,2023,"Fixed camera",2,"duplicate"
"2023-02-01","2023-02-28","VIC","Unknown","Fixed camera",9373,2023,"Fixed camera",2,"duplicate"
"2023-02-01","2023-02-28","VIC","17-25","Fixed camera",1,2023,"Fixed camera",2,"duplicate"
"2023-02-01","2023-02-28","VIC","26-39","Fixed camera",5,2023,"Fixed camera",2,"duplicate"
"2023-02-01","2023-02-28","VIC","40-64","Fixed camera",16,2023,"Fixed camera",2,"duplicate"
"2023-02-01","2023-02-28","VIC","65 and over","Fixed camera",5,2023,"Fixed camera",2,"duplicate"
"2023-02-01","2023-02-28","VIC","Unknown","Fixed camera",11,2023,"Fixed camera",2,"duplicate"
"2023-02-01","2023-02-28","VIC","17-25","Fixed camera",46,2023,"Fixed camera",2,"duplicate"
"2023-02-01","2023-02-28","VIC","26-39","Fixed camera",87,2023,"Fixed camera",2,"duplicate"
"2023-02-01","2023-02-28","VIC","40-64","Fixed camera",111,2023,"Fixed camera",2,"duplicate"
"2023-02-01","2023-02-28","VIC","65 and over","Fixed camera",38,2023,"Fixed camera",2,"duplicate"
"2023-02-01","2023-02-28","VIC","Unknown","Fixed camera",69,2023,"Fixed camera",2,"duplicate"
"2023-02-01","2023-02-28","VIC","17-25","Mobile camera",471,2023,"Mobile camera",2,"chosen"
"2023-02-01","2023-02-28","VIC","26-39","Mobile camera",1853,2023,"Mobile camera",2,"chosen"
"2023-02-01","2023-02-28","VIC","40-64","Mobile camera",3158,2023,"Mobile camera",2,"chosen"
"2023-02-01","2023-02-28","VIC","65 and over","Mobile camera",1492,2023,"Mobile camera",2,"chosen"
"2023-02-01","2023-02-28","VIC","Unknown","Mobile camera",1665,2023,"Mobile camera",2,"chosen"
"2023-02-01","2023-02-28","VIC","17-25","Mobile camera",1926,2023,"Mobile camera",2,"duplicate"
"2023-02-01","2023-02-28","VIC","26-39","Mobile camera",8726,2023,"Mobile camera",2,"duplicate"
"2023-02-01","2023-02-28","VIC","40-64","Mobile camera",14530,2023,"Mobile camera",2,"duplicate"
"2023-02-01","2023-02-28","VIC","65 and over","Mobile camera",4294,2023,"Mobile camera",2,"duplicate"
"2023-02-01","2023-02-28","VIC","Unknown","Mobile camera",7165,2023,"Mobile camera",2,"duplicate"
"2023-02-01","2023-02-28","VIC","17-25","Mobile camera",53,2023,"Mobile camera",2,"duplicate"
"2023-02-01","2023-02-28","VIC","26-39","Mobile camera",251,2023,"Mobile camera",2,"duplicate"
"2023-02-01","2023-02-28","VIC","40-64","Mobile camera",417,2023,"Mobile camera",2,"duplicate"
"2023-02-01","2023-02-28","VIC","65 and over","Mobile camera",268,2023,"Mobile camera",2,"duplicate"
"2023-02-01","2023-02-28","VIC","Unknown","Mobile camera",263,2023,"Mobile camera",2,"duplicate"
"2023-02-01","2023-02-28","VIC","40-64","Mobile camera",1,2023,"Mobile camera",2,"duplicate"
"2023-02-01","2023-02-28","VIC","17-25","Mobile camera",76,2023,"Mobile camera",2,"duplicate"
"2023-02-01","2023-02-28","VIC","26-39","Mobile camera",206,2023,"Mobile camera",2,"duplicate"
"2023-02-01","2023-02-28","VIC","40-64","Mobile camera",292,2023,"Mobile camera",2,"duplicate"
"2023-02-01","2023-02-28","VIC","65 and over","Mobile camera",113,2023,"Mobile camera",2,"duplicate"
"2023-02-01","2023-02-28","VIC","Unknown","Mobile camera",110,2023,"Mobile camera",2,"duplicate"
"2023-02-01","2023-02-28","VIC","17-25","Police issued",669,2023,"Police issued",2,"chosen"
"2023-02-01","2023-02-28","VIC","26-39","Police issued",1215,2023,"Police issued",2,"chosen"
"2023-02-01","2023-02-28","VIC","40-64","Police issued",1587,2023,"Police issued",2,"chosen"
"2023-02-01","2023-02-28","VIC","65 and over","Police issued",405,2023,"Police issued",2,"chosen"
"2023-02-01","2023-02-28","VIC","Unknown","Police issued",3,2023,"Police issued",2,"chosen"
"2023-02-01","2023-02-28","VIC","0-16","Police issued",2,2023,"Police issued",2,"unique"
"2023-02-01","2023-02-28","VIC","17-25","Police issued",762,2023,"Police issued",2,"duplicate"
"2023-02-01","2023-02-28","VIC","26-39","Police issued",1464,2023,"Police issued",2,"duplicate"
"2023-02-01","2023-02-28","VIC","40-64","Police issued",1695,2023,"Police issued",2,"duplicate"
"2023-02-01","2023-02-28","VIC","65 and over","Police issued",325,2023,"Police issued",2,"duplicate"
"2023-02-01","2023-02-28","VIC","Unknown","Police issued",2,2023,"Police issued",2,"duplicate"
"2023-02-01","2023-02-28","VIC","17-25","Police issued",131,2023,"Police issued",2,"duplicate"
"2023-02-01","2023-02-28","VIC","26-39","Police issued",295,2023,"Police issued",2,"duplicate"
"2023-02-01","2023-02-28","VIC","40-64","Police issued",322,2023,"Police issued",2,"duplicate"
"2023-02-01","2023-02-28","VIC","65 and over","Police issued",90,2023,"Police issued",2,"duplicate"
"2023-02-01","2023-02-28","VIC","Unknown","Police issued",1,2023,"Police issued",2,"duplicate"
"2023-02-01","2023-02-28","VIC","17-25","Police issued",6,2023,"Police issued",2,"duplicate"
"2023-02-01","2023-02-28","VIC","26-39","Police issued",18,2023,"Police issued",2,"duplicate"
"2023-02-01","2023-02-28","VIC","40-64","Police issued",19,2023,"Police issued",2,"duplicate"
"2023-02-01","2023-02-28","VIC","65 and over","Police issued",13,2023,"Police issued",2,"duplicate"
"2023-02-01","2023-02-28","VIC","17-25","Police issued",8,2023,"Police issued",2,"duplicate"
"2023-02-01","2023-02-28","VIC","26-39","Police issued",24,2023,"Police issued",2,"duplicate"
"2023-02-01","2023-02-28","VIC","40-64","Police issued",26,2023,"Police issued",2,"duplicate"
"2023-02-01","2023-02-28","VIC","65 and over","Police issued",3,2023,"Police issued",2,"duplicate"
"2023-02-01","2023-02-28","WA","17-25","Average speed camera",251,2023,"Average speed camera",2,"unique"
"2023-02-01","2023-02-28","WA","26-39","Average speed camera",604,2023,"Average speed camera",2,"unique"
"2023-02-01","2023-02-28","WA","40-64","Average speed camera",609,2023,"Average speed camera",2,"unique"
"2023-02-01","2023-02-28","WA","65 and over","Average speed camera",112,2023,"Average speed camera",2,"unique"
"2023-02-01","2023-02-28","WA","Unknown","Average speed camera",3,2023,"Average speed camera",2,"unique"
"2023-02-01","2023-02-28","WA","17-25","Fixed camera",1052,2023,"Fixed camera",2,"unique"
"2023-02-01","2023-02-28","WA","26-39","Fixed camera",3597,2023,"Fixed camera",2,"unique"
"2023-02-01","2023-02-28","WA","40-64","Fixed camera",5241,2023,"Fixed camera",2,"unique"
"2023-02-01","2023-02-28","WA","65 and over","Fixed camera",1323,2023,"Fixed camera",2,"unique"
"2023-02-01","2023-02-28","WA","Unknown","Fixed camera",11,2023,"Fixed camera",2,"unique"
"2023-02-01","2023-02-28","WA","17-25","Mobile camera",5145,2023,"Mobile camera",2,"unique"
"2023-02-01","2023-02-28","WA","26-39","Mobile camera",13069,2023,"Mobile camera",2,"unique"
"2023-02-01","2023-02-28","WA","40-64","Mobile camera",19349,2023,"Mobile camera",2,"unique"
"2023-02-01","2023-02-28","WA","65 and over","Mobile camera",4878,2023,"Mobile camera",2,"unique"
"2023-02-01","2023-02-28","WA","Unknown","Mobile camera",29,2023,"Mobile camera",2,"unique"
"2023-02-01","2023-02-28","WA","17-25","Police issued",839,2023,"Police issued",2,"unique"
"2023-02-01","2023-02-28","WA","26-39","Police issued",1511,2023,"Police issued",2,"unique"
"2023-02-01","2023-02-28","WA","40-64","Police issued",1808,2023,"Police issued",2,"unique"
"2023-02-01","2023-02-28","WA","65 and over","Police issued",348,2023,"Police issued",2,"unique"
"2023-02-01","2023-02-28","WA","17-25","Red light camera",801,2023,"Red light camera",2,"unique"
"2023-02-01","2023-02-28","WA","26-39","Red light camera",2795,2023,"Red light camera",2,"unique"
"2023-02-01","2023-02-28","WA","40-64","Red light camera",5845,2023,"Red light camera",2,"unique"
"2023-02-01","2023-02-28","WA","65 and over","Red light camera",1464,2023,"Red light camera",2,"unique"
"2023-02-01","2023-02-28","WA","Unknown","Red light camera",3,2023,"Red light camera",2,"unique"
"2023-02-01","2023-02-28","WA","17-25","Unknown",0,2023,"Unknown",2,"unique"
"2023-02-01","2023-02-28","WA","26-39","Unknown",0,2023,"Unknown",2,"unique"
"2023-02-01","2023-02-28","WA","40-64","Unknown",0,2023,"Unknown",2,"unique"
"2023-02-01","2023-02-28","WA","65 and over","Unknown",0,2023,"Unknown",2,"unique"
"2023-03-01","2023-03-31","ACT","0-16","Fixed camera",1,2023,"Fixed camera",3,"unique"
"2023-03-01","2023-03-31","ACT","17-25","Fixed camera",538,2023,"Fixed camera",3,"unique"
"2023-03-01","2023-03-31","ACT","26-39","Fixed camera",1172,2023,"Fixed camera",3,"unique"
"2023-03-01","2023-03-31","ACT","40-64","Fixed camera",2126,2023,"Fixed camera",3,"unique"
"2023-03-01","2023-03-31","ACT","65 and over","Fixed camera",697,2023,"Fixed camera",3,"unique"
"2023-03-01","2023-03-31","ACT","Unknown","Fixed camera",61,2023,"Fixed camera",3,"unique"
"2023-03-01","2023-03-31","ACT","0-16","Mobile camera",1,2023,"Mobile camera",3,"unique"
"2023-03-01","2023-03-31","ACT","17-25","Mobile camera",222,2023,"Mobile camera",3,"unique"
"2023-03-01","2023-03-31","ACT","26-39","Mobile camera",532,2023,"Mobile camera",3,"unique"
"2023-03-01","2023-03-31","ACT","40-64","Mobile camera",725,2023,"Mobile camera",3,"unique"
"2023-03-01","2023-03-31","ACT","65 and over","Mobile camera",244,2023,"Mobile camera",3,"unique"
"2023-03-01","2023-03-31","ACT","Unknown","Mobile camera",30,2023,"Mobile camera",3,"unique"
"2023-03-01","2023-03-31","ACT","0-16","Police issued",7,2023,"Police issued",3,"unique"
"2023-03-01","2023-03-31","ACT","17-25","Police issued",52,2023,"Police issued",3,"unique"
"2023-03-01","2023-03-31","ACT","26-39","Police issued",55,2023,"Police issued",3,"unique"
"2023-03-01","2023-03-31","ACT","40-64","Police issued",46,2023,"Police issued",3,"unique"
"2023-03-01","2023-03-31","NSW","Unknown","Fixed camera",43006,2023,"Fixed camera",3,"unique"
"2023-03-01","2023-03-31","NSW","Unknown","Mobile camera",2996,2023,"Mobile camera",3,"unique"
"2023-03-01","2023-03-31","NSW","0-16","Police issued",4,2023,"Police issued",3,"chosen"
"2023-03-01","2023-03-31","NSW","17-25","Police issued",1341,2023,"Police issued",3,"chosen"
"2023-03-01","2023-03-31","NSW","26-39","Police issued",2088,2023,"Police issued",3,"chosen"
"2023-03-01","2023-03-31","NSW","40-64","Police issued",2203,2023,"Police issued",3,"chosen"
"2023-03-01","2023-03-31","NSW","65 and over","Police issued",557,2023,"Police issued",3,"chosen"
"2023-03-01","2023-03-31","NSW","0-16","Police issued",2,2023,"Police issued",3,"duplicate"
"2023-03-01","2023-03-31","NSW","17-25","Police issued",1624,2023,"Police issued",3,"duplicate"
"2023-03-01","2023-03-31","NSW","26-39","Police issued",1835,2023,"Police issued",3,"duplicate"
"2023-03-01","2023-03-31","NSW","40-64","Police issued",1646,2023,"Police issued",3,"duplicate"
"2023-03-01","2023-03-31","NSW","65 and over","Police issued",207,2023,"Police issued",3,"duplicate"
"2023-03-01","2023-03-31","NSW","0-16","Police issued",2,2023,"Police issued",3,"duplicate"
"2023-03-01","2023-03-31","NSW","17-25","Police issued",306,2023,"Police issued",3,"duplicate"
"2023-03-01","2023-03-31","NSW","26-39","Police issued",575,2023,"Police issued",3,"duplicate"
"2023-03-01","2023-03-31","NSW","40-64","Police issued",712,2023,"Police issued",3,"duplicate"
"2023-03-01","2023-03-31","NSW","65 and over","Police issued",201,2023,"Police issued",3,"duplicate"
"2023-03-01","2023-03-31","NSW","17-25","Police issued",27,2023,"Police issued",3,"duplicate"
"2023-03-01","2023-03-31","NSW","26-39","Police issued",38,2023,"Police issued",3,"duplicate"
"2023-03-01","2023-03-31","NSW","40-64","Police issued",74,2023,"Police issued",3,"duplicate"
"2023-03-01","2023-03-31","NSW","65 and over","Police issued",15,2023,"Police issued",3,"duplicate"
"2023-03-01","2023-03-31","NSW","17-25","Police issued",3,2023,"Police issued",3,"duplicate"
"2023-03-01","2023-03-31","NSW","26-39","Police issued",6,2023,"Police issued",3,"duplicate"
"2023-03-01","2023-03-31","NSW","40-64","Police issued",3,2023,"Police issued",3,"duplicate"
"2023-03-01","2023-03-31","NSW","65 and over","Police issued",1,2023,"Police issued",3,"duplicate"
"2023-03-01","2023-03-31","NSW","17-25","Police issued",6,2023,"Police issued",3,"duplicate"
"2023-03-01","2023-03-31","NSW","26-39","Police issued",9,2023,"Police issued",3,"duplicate"
"2023-03-01","2023-03-31","NSW","40-64","Police issued",6,2023,"Police issued",3,"duplicate"
"2023-03-01","2023-03-31","NSW","65 and over","Police issued",3,2023,"Police issued",3,"duplicate"
"2023-03-01","2023-03-31","NSW","Unknown","Red light camera",21667,2023,"Red light camera",3,"unique"
"2023-03-01","2023-03-31","NT","0-16","Mobile camera",2,2023,"Mobile camera",3,"unique"
"2023-03-01","2023-03-31","NT","17-25","Mobile camera",294,2023,"Mobile camera",3,"unique"
"2023-03-01","2023-03-31","NT","26-39","Mobile camera",665,2023,"Mobile camera",3,"unique"
"2023-03-01","2023-03-31","NT","40-64","Mobile camera",794,2023,"Mobile camera",3,"unique"
"2023-03-01","2023-03-31","NT","65 and over","Mobile camera",199,2023,"Mobile camera",3,"unique"
"2023-03-01","2023-03-31","NT","Unknown","Mobile camera",63,2023,"Mobile camera",3,"unique"
"2023-03-01","2023-03-31","NT","17-25","Police issued",51,2023,"Police issued",3,"unique"
"2023-03-01","2023-03-31","NT","26-39","Police issued",73,2023,"Police issued",3,"unique"
"2023-03-01","2023-03-31","NT","40-64","Police issued",72,2023,"Police issued",3,"unique"
"2023-03-01","2023-03-31","NT","65 and over","Police issued",14,2023,"Police issued",3,"unique"
"2023-03-01","2023-03-31","NT","0-16","Red light camera",2,2023,"Red light camera",3,"unique"
"2023-03-01","2023-03-31","NT","17-25","Red light camera",61,2023,"Red light camera",3,"unique"
"2023-03-01","2023-03-31","NT","26-39","Red light camera",241,2023,"Red light camera",3,"unique"
"2023-03-01","2023-03-31","NT","40-64","Red light camera",382,2023,"Red light camera",3,"unique"
"2023-03-01","2023-03-31","NT","65 and over","Red light camera",70,2023,"Red light camera",3,"unique"
"2023-03-01","2023-03-31","NT","Unknown","Red light camera",25,2023,"Red light camera",3,"unique"
"2023-03-01","2023-03-31","SA","0-16","Fixed camera",0,2023,"Fixed camera",3,"unique"
"2023-03-01","2023-03-31","SA","17-25","Fixed camera",592,2023,"Fixed camera",3,"unique"
"2023-03-01","2023-03-31","SA","26-39","Fixed camera",1585,2023,"Fixed camera",3,"unique"
"2023-03-01","2023-03-31","SA","40-64","Fixed camera",2808,2023,"Fixed camera",3,"unique"
"2023-03-01","2023-03-31","SA","65 and over","Fixed camera",1118,2023,"Fixed camera",3,"unique"
"2023-03-01","2023-03-31","SA","Unknown","Fixed camera",266,2023,"Fixed camera",3,"unique"
"2023-03-01","2023-03-31","SA","0-16","Mobile camera",0,2023,"Mobile camera",3,"unique"
"2023-03-01","2023-03-31","SA","17-25","Mobile camera",882,2023,"Mobile camera",3,"unique"
"2023-03-01","2023-03-31","SA","26-39","Mobile camera",2410,2023,"Mobile camera",3,"unique"
"2023-03-01","2023-03-31","SA","40-64","Mobile camera",4072,2023,"Mobile camera",3,"unique"
"2023-03-01","2023-03-31","SA","65 and over","Mobile camera",1104,2023,"Mobile camera",3,"unique"
"2023-03-01","2023-03-31","SA","Unknown","Mobile camera",228,2023,"Mobile camera",3,"unique"
"2023-03-01","2023-03-31","SA","0-16","Other",0,2023,"Other",3,"unique"
"2023-03-01","2023-03-31","SA","17-25","Other",0,2023,"Other",3,"unique"
"2023-03-01","2023-03-31","SA","26-39","Other",0,2023,"Other",3,"unique"
"2023-03-01","2023-03-31","SA","40-64","Other",1,2023,"Other",3,"unique"
"2023-03-01","2023-03-31","SA","65 and over","Other",0,2023,"Other",3,"unique"
"2023-03-01","2023-03-31","SA","Unknown","Other",0,2023,"Other",3,"unique"
"2023-03-01","2023-03-31","SA","0-16","Police issued",0,2023,"Police issued",3,"unique"
"2023-03-01","2023-03-31","SA","17-25","Police issued",771,2023,"Police issued",3,"unique"
"2023-03-01","2023-03-31","SA","26-39","Police issued",1425,2023,"Police issued",3,"unique"
"2023-03-01","2023-03-31","SA","40-64","Police issued",1725,2023,"Police issued",3,"unique"
"2023-03-01","2023-03-31","SA","65 and over","Police issued",447,2023,"Police issued",3,"unique"
"2023-03-01","2023-03-31","SA","Unknown","Police issued",4,2023,"Police issued",3,"unique"
"2023-03-01","2023-03-31","TAS","17-25","Fixed or mobile camera",319,2023,"Camera (fixed/mobile)",3,"unique"
"2023-03-01","2023-03-31","TAS","26-39","Fixed or mobile camera",860,2023,"Camera (fixed/mobile)",3,"unique"
"2023-03-01","2023-03-31","TAS","40-64","Fixed or mobile camera",1118,2023,"Camera (fixed/mobile)",3,"unique"
"2023-03-01","2023-03-31","TAS","65 and over","Fixed or mobile camera",434,2023,"Camera (fixed/mobile)",3,"unique"
"2023-03-01","2023-03-31","TAS","0-16","Police issued",0,2023,"Police issued",3,"unique"
"2023-03-01","2023-03-31","TAS","17-25","Police issued",301,2023,"Police issued",3,"unique"
"2023-03-01","2023-03-31","TAS","26-39","Police issued",517,2023,"Police issued",3,"unique"
"2023-03-01","2023-03-31","TAS","40-64","Police issued",640,2023,"Police issued",3,"unique"
"2023-03-01","2023-03-31","TAS","65 and over","Police issued",181,2023,"Police issued",3,"unique"
"2023-03-01","2023-03-31","TAS","Unknown","Police issued",2,2023,"Police issued",3,"unique"
"2023-03-01","2023-03-31","VIC","17-25","Fixed camera",157,2023,"Fixed camera",3,"chosen"
"2023-03-01","2023-03-31","VIC","26-39","Fixed camera",741,2023,"Fixed camera",3,"chosen"
"2023-03-01","2023-03-31","VIC","40-64","Fixed camera",1171,2023,"Fixed camera",3,"chosen"
"2023-03-01","2023-03-31","VIC","65 and over","Fixed camera",546,2023,"Fixed camera",3,"chosen"
"2023-03-01","2023-03-31","VIC","Unknown","Fixed camera",899,2023,"Fixed camera",3,"chosen"
"2023-03-01","2023-03-31","VIC","17-25","Fixed camera",2302,2023,"Fixed camera",3,"duplicate"
"2023-03-01","2023-03-31","VIC","26-39","Fixed camera",9321,2023,"Fixed camera",3,"duplicate"
"2023-03-01","2023-03-31","VIC","40-64","Fixed camera",16204,2023,"Fixed camera",3,"duplicate"
"2023-03-01","2023-03-31","VIC","65 and over","Fixed camera",4903,2023,"Fixed camera",3,"duplicate"
"2023-03-01","2023-03-31","VIC","Unknown","Fixed camera",10282,2023,"Fixed camera",3,"duplicate"
"2023-03-01","2023-03-31","VIC","17-25","Fixed camera",1,2023,"Fixed camera",3,"duplicate"
"2023-03-01","2023-03-31","VIC","26-39","Fixed camera",17,2023,"Fixed camera",3,"duplicate"
"2023-03-01","2023-03-31","VIC","40-64","Fixed camera",22,2023,"Fixed camera",3,"duplicate"
"2023-03-01","2023-03-31","VIC","65 and over","Fixed camera",9,2023,"Fixed camera",3,"duplicate"
"2023-03-01","2023-03-31","VIC","Unknown","Fixed camera",18,2023,"Fixed camera",3,"duplicate"
"2023-03-01","2023-03-31","VIC","17-25","Fixed camera",58,2023,"Fixed camera",3,"duplicate"
"2023-03-01","2023-03-31","VIC","26-39","Fixed camera",203,2023,"Fixed camera",3,"duplicate"
"2023-03-01","2023-03-31","VIC","40-64","Fixed camera",333,2023,"Fixed camera",3,"duplicate"
"2023-03-01","2023-03-31","VIC","65 and over","Fixed camera",99,2023,"Fixed camera",3,"duplicate"
"2023-03-01","2023-03-31","VIC","Unknown","Fixed camera",182,2023,"Fixed camera",3,"duplicate"
"2023-03-01","2023-03-31","VIC","17-25","Mobile camera",582,2023,"Mobile camera",3,"chosen"
"2023-03-01","2023-03-31","VIC","26-39","Mobile camera",2056,2023,"Mobile camera",3,"chosen"
"2023-03-01","2023-03-31","VIC","40-64","Mobile camera",3505,2023,"Mobile camera",3,"chosen"
"2023-03-01","2023-03-31","VIC","65 and over","Mobile camera",1632,2023,"Mobile camera",3,"chosen"
"2023-03-01","2023-03-31","VIC","Unknown","Mobile camera",1923,2023,"Mobile camera",3,"chosen"
"2023-03-01","2023-03-31","VIC","17-25","Mobile camera",2060,2023,"Mobile camera",3,"duplicate"
"2023-03-01","2023-03-31","VIC","26-39","Mobile camera",9294,2023,"Mobile camera",3,"duplicate"
"2023-03-01","2023-03-31","VIC","40-64","Mobile camera",15282,2023,"Mobile camera",3,"duplicate"
"2023-03-01","2023-03-31","VIC","65 and over","Mobile camera",4603,2023,"Mobile camera",3,"duplicate"
"2023-03-01","2023-03-31","VIC","Unknown","Mobile camera",7568,2023,"Mobile camera",3,"duplicate"
"2023-03-01","2023-03-31","VIC","17-25","Mobile camera",77,2023,"Mobile camera",3,"duplicate"
"2023-03-01","2023-03-31","VIC","26-39","Mobile camera",326,2023,"Mobile camera",3,"duplicate"
"2023-03-01","2023-03-31","VIC","40-64","Mobile camera",579,2023,"Mobile camera",3,"duplicate"
"2023-03-01","2023-03-31","VIC","65 and over","Mobile camera",345,2023,"Mobile camera",3,"duplicate"
"2023-03-01","2023-03-31","VIC","Unknown","Mobile camera",360,2023,"Mobile camera",3,"duplicate"
"2023-03-01","2023-03-31","VIC","17-25","Mobile camera",54,2023,"Mobile camera",3,"duplicate"
"2023-03-01","2023-03-31","VIC","26-39","Mobile camera",169,2023,"Mobile camera",3,"duplicate"
"2023-03-01","2023-03-31","VIC","40-64","Mobile camera",244,2023,"Mobile camera",3,"duplicate"
"2023-03-01","2023-03-31","VIC","65 and over","Mobile camera",98,2023,"Mobile camera",3,"duplicate"
"2023-03-01","2023-03-31","VIC","Unknown","Mobile camera",115,2023,"Mobile camera",3,"duplicate"
"2023-03-01","2023-03-31","VIC","17-25","Police issued",731,2023,"Police issued",3,"chosen"
"2023-03-01","2023-03-31","VIC","26-39","Police issued",1408,2023,"Police issued",3,"chosen"
"2023-03-01","2023-03-31","VIC","40-64","Police issued",1764,2023,"Police issued",3,"chosen"
"2023-03-01","2023-03-31","VIC","65 and over","Police issued",474,2023,"Police issued",3,"chosen"
"2023-03-01","2023-03-31","VIC","Unknown","Police issued",1,2023,"Police issued",3,"chosen"
"2023-03-01","2023-03-31","VIC","0-16","Police issued",1,2023,"Police issued",3,"unique"
"2023-03-01","2023-03-31","VIC","17-25","Police issued",932,2023,"Police issued",3,"duplicate"
"2023-03-01","2023-03-31","VIC","26-39","Police issued",1740,2023,"Police issued",3,"duplicate"
"2023-03-01","2023-03-31","VIC","40-64","Police issued",2072,2023,"Police issued",3,"duplicate"
"2023-03-01","2023-03-31","VIC","65 and over","Police issued",367,2023,"Police issued",3,"duplicate"
"2023-03-01","2023-03-31","VIC","Unknown","Police issued",2,2023,"Police issued",3,"duplicate"
"2023-03-01","2023-03-31","VIC","17-25","Police issued",186,2023,"Police issued",3,"duplicate"
"2023-03-01","2023-03-31","VIC","26-39","Police issued",405,2023,"Police issued",3,"duplicate"
"2023-03-01","2023-03-31","VIC","40-64","Police issued",469,2023,"Police issued",3,"duplicate"
"2023-03-01","2023-03-31","VIC","65 and over","Police issued",123,2023,"Police issued",3,"duplicate"
"2023-03-01","2023-03-31","VIC","Unknown","Police issued",1,2023,"Police issued",3,"duplicate"
"2023-03-01","2023-03-31","VIC","17-25","Police issued",3,2023,"Police issued",3,"duplicate"
"2023-03-01","2023-03-31","VIC","26-39","Police issued",8,2023,"Police issued",3,"duplicate"
"2023-03-01","2023-03-31","VIC","40-64","Police issued",4,2023,"Police issued",3,"duplicate"
"2023-03-01","2023-03-31","VIC","65 and over","Police issued",2,2023,"Police issued",3,"duplicate"
"2023-03-01","2023-03-31","VIC","17-25","Police issued",4,2023,"Police issued",3,"duplicate"
"2023-03-01","2023-03-31","VIC","26-39","Police issued",19,2023,"Police issued",3,"duplicate"
"2023-03-01","2023-03-31","VIC","40-64","Police issued",26,2023,"Police issued",3,"duplicate"
"2023-03-01","2023-03-31","VIC","65 and over","Police issued",6,2023,"Police issued",3,"duplicate"
"2023-03-01","2023-03-31","WA","17-25","Average speed camera",266,2023,"Average speed camera",3,"unique"
"2023-03-01","2023-03-31","WA","26-39","Average speed camera",631,2023,"Average speed camera",3,"unique"
"2023-03-01","2023-03-31","WA","40-64","Average speed camera",673,2023,"Average speed camera",3,"unique"
"2023-03-01","2023-03-31","WA","65 and over","Average speed camera",123,2023,"Average speed camera",3,"unique"
"2023-03-01","2023-03-31","WA","Unknown","Average speed camera",1,2023,"Average speed camera",3,"unique"
"2023-03-01","2023-03-31","WA","17-25","Fixed camera",1178,2023,"Fixed camera",3,"unique"
"2023-03-01","2023-03-31","WA","26-39","Fixed camera",3463,2023,"Fixed camera",3,"unique"
"2023-03-01","2023-03-31","WA","40-64","Fixed camera",5077,2023,"Fixed camera",3,"unique"
"2023-03-01","2023-03-31","WA","65 and over","Fixed camera",1210,2023,"Fixed camera",3,"unique"
"2023-03-01","2023-03-31","WA","Unknown","Fixed camera",13,2023,"Fixed camera",3,"unique"
"2023-03-01","2023-03-31","WA","17-25","Mobile camera",4505,2023,"Mobile camera",3,"unique"
"2023-03-01","2023-03-31","WA","26-39","Mobile camera",11506,2023,"Mobile camera",3,"unique"
"2023-03-01","2023-03-31","WA","40-64","Mobile camera",16622,2023,"Mobile camera",3,"unique"
"2023-03-01","2023-03-31","WA","65 and over","Mobile camera",4273,2023,"Mobile camera",3,"unique"
"2023-03-01","2023-03-31","WA","Unknown","Mobile camera",16,2023,"Mobile camera",3,"unique"
"2023-03-01","2023-03-31","WA","17-25","Police issued",695,2023,"Police issued",3,"unique"
"2023-03-01","2023-03-31","WA","26-39","Police issued",1495,2023,"Police issued",3,"unique"
"2023-03-01","2023-03-31","WA","40-64","Police issued",1719,2023,"Police issued",3,"unique"
"2023-03-01","2023-03-31","WA","65 and over","Police issued",333,2023,"Police issued",3,"unique"
"2023-03-01","2023-03-31","WA","17-25","Red light camera",915,2023,"Red light camera",3,"unique"
"2023-03-01","2023-03-31","WA","26-39","Red light camera",3087,2023,"Red light camera",3,"unique"
"2023-03-01","2023-03-31","WA","40-64","Red light camera",6471,2023,"Red light camera",3,"unique"
"2023-03-01","2023-03-31","WA","65 and over","Red light camera",1685,2023,"Red light camera",3,"unique"
"2023-03-01","2023-03-31","WA","Unknown","Red light camera",7,2023,"Red light camera",3,"unique"
"2023-03-01","2023-03-31","WA","0-16","Unknown",0,2023,"Unknown",3,"unique"
"2023-03-01","2023-03-31","WA","17-25","Unknown",0,2023,"Unknown",3,"unique"
"2023-03-01","2023-03-31","WA","26-39","Unknown",0,2023,"Unknown",3,"unique"
"2023-03-01","2023-03-31","WA","40-64","Unknown",0,2023,"Unknown",3,"unique"
"2023-03-01","2023-03-31","WA","65 and over","Unknown",0,2023,"Unknown",3,"unique"
"2023-04-01","2023-04-30","ACT","0-16","Fixed camera",1,2023,"Fixed camera",4,"unique"
"2023-04-01","2023-04-30","ACT","17-25","Fixed camera",582,2023,"Fixed camera",4,"unique"
"2023-04-01","2023-04-30","ACT","26-39","Fixed camera",1317,2023,"Fixed camera",4,"unique"
"2023-04-01","2023-04-30","ACT","40-64","Fixed camera",2313,2023,"Fixed camera",4,"unique"
"2023-04-01","2023-04-30","ACT","65 and over","Fixed camera",704,2023,"Fixed camera",4,"unique"
"2023-04-01","2023-04-30","ACT","Unknown","Fixed camera",64,2023,"Fixed camera",4,"unique"
"2023-04-01","2023-04-30","ACT","0-16","Mobile camera",1,2023,"Mobile camera",4,"unique"
"2023-04-01","2023-04-30","ACT","17-25","Mobile camera",157,2023,"Mobile camera",4,"unique"
"2023-04-01","2023-04-30","ACT","26-39","Mobile camera",295,2023,"Mobile camera",4,"unique"
"2023-04-01","2023-04-30","ACT","40-64","Mobile camera",468,2023,"Mobile camera",4,"unique"
"2023-04-01","2023-04-30","ACT","65 and over","Mobile camera",155,2023,"Mobile camera",4,"unique"
"2023-04-01","2023-04-30","ACT","Unknown","Mobile camera",14,2023,"Mobile camera",4,"unique"
"2023-04-01","2023-04-30","ACT","0-16","Police issued",2,2023,"Police issued",4,"unique"
"2023-04-01","2023-04-30","ACT","17-25","Police issued",99,2023,"Police issued",4,"unique"
"2023-04-01","2023-04-30","ACT","26-39","Police issued",126,2023,"Police issued",4,"unique"
"2023-04-01","2023-04-30","ACT","40-64","Police issued",107,2023,"Police issued",4,"unique"
"2023-04-01","2023-04-30","ACT","65 and over","Police issued",8,2023,"Police issued",4,"unique"
"2023-04-01","2023-04-30","NSW","Unknown","Fixed camera",28762,2023,"Fixed camera",4,"unique"
"2023-04-01","2023-04-30","NSW","Unknown","Mobile camera",3736,2023,"Mobile camera",4,"unique"
"2023-04-01","2023-04-30","NSW","0-16","Police issued",13,2023,"Police issued",4,"chosen"
"2023-04-01","2023-04-30","NSW","17-25","Police issued",1505,2023,"Police issued",4,"chosen"
"2023-04-01","2023-04-30","NSW","26-39","Police issued",2329,2023,"Police issued",4,"chosen"
"2023-04-01","2023-04-30","NSW","40-64","Police issued",2330,2023,"Police issued",4,"chosen"
"2023-04-01","2023-04-30","NSW","65 and over","Police issued",498,2023,"Police issued",4,"chosen"
"2023-04-01","2023-04-30","NSW","0-16","Police issued",5,2023,"Police issued",4,"duplicate"
"2023-04-01","2023-04-30","NSW","17-25","Police issued",1858,2023,"Police issued",4,"duplicate"
"2023-04-01","2023-04-30","NSW","26-39","Police issued",2231,2023,"Police issued",4,"duplicate"
"2023-04-01","2023-04-30","NSW","40-64","Police issued",1845,2023,"Police issued",4,"duplicate"
"2023-04-01","2023-04-30","NSW","65 and over","Police issued",229,2023,"Police issued",4,"duplicate"
"2023-04-01","2023-04-30","NSW","0-16","Police issued",3,2023,"Police issued",4,"duplicate"
"2023-04-01","2023-04-30","NSW","17-25","Police issued",462,2023,"Police issued",4,"duplicate"
"2023-04-01","2023-04-30","NSW","26-39","Police issued",710,2023,"Police issued",4,"duplicate"
"2023-04-01","2023-04-30","NSW","40-64","Police issued",863,2023,"Police issued",4,"duplicate"
"2023-04-01","2023-04-30","NSW","65 and over","Police issued",209,2023,"Police issued",4,"duplicate"
"2023-04-01","2023-04-30","NSW","17-25","Police issued",48,2023,"Police issued",4,"duplicate"
"2023-04-01","2023-04-30","NSW","26-39","Police issued",93,2023,"Police issued",4,"duplicate"
"2023-04-01","2023-04-30","NSW","40-64","Police issued",124,2023,"Police issued",4,"duplicate"
"2023-04-01","2023-04-30","NSW","65 and over","Police issued",38,2023,"Police issued",4,"duplicate"
"2023-04-01","2023-04-30","NSW","17-25","Police issued",7,2023,"Police issued",4,"duplicate"
"2023-04-01","2023-04-30","NSW","26-39","Police issued",2,2023,"Police issued",4,"duplicate"
"2023-04-01","2023-04-30","NSW","40-64","Police issued",12,2023,"Police issued",4,"duplicate"
"2023-04-01","2023-04-30","NSW","65 and over","Police issued",2,2023,"Police issued",4,"duplicate"
"2023-04-01","2023-04-30","NSW","17-25","Police issued",8,2023,"Police issued",4,"duplicate"
"2023-04-01","2023-04-30","NSW","26-39","Police issued",22,2023,"Police issued",4,"duplicate"
"2023-04-01","2023-04-30","NSW","40-64","Police issued",19,2023,"Police issued",4,"duplicate"
"2023-04-01","2023-04-30","NSW","65 and over","Police issued",3,2023,"Police issued",4,"duplicate"
"2023-04-01","2023-04-30","NSW","Unknown","Red light camera",17047,2023,"Red light camera",4,"unique"
"2023-04-01","2023-04-30","NT","17-25","Mobile camera",260,2023,"Mobile camera",4,"unique"
"2023-04-01","2023-04-30","NT","26-39","Mobile camera",592,2023,"Mobile camera",4,"unique"
"2023-04-01","2023-04-30","NT","40-64","Mobile camera",746,2023,"Mobile camera",4,"unique"
"2023-04-01","2023-04-30","NT","65 and over","Mobile camera",196,2023,"Mobile camera",4,"unique"
"2023-04-01","2023-04-30","NT","Unknown","Mobile camera",58,2023,"Mobile camera",4,"unique"
"2023-04-01","2023-04-30","NT","0-16","Police issued",3,2023,"Police issued",4,"unique"
"2023-04-01","2023-04-30","NT","17-25","Police issued",85,2023,"Police issued",4,"unique"
"2023-04-01","2023-04-30","NT","26-39","Police issued",156,2023,"Police issued",4,"unique"
"2023-04-01","2023-04-30","NT","40-64","Police issued",179,2023,"Police issued",4,"unique"
"2023-04-01","2023-04-30","NT","65 and over","Police issued",23,2023,"Police issued",4,"unique"
"2023-04-01","2023-04-30","NT","0-16","Red light camera",2,2023,"Red light camera",4,"unique"
"2023-04-01","2023-04-30","NT","17-25","Red light camera",81,2023,"Red light camera",4,"unique"
"2023-04-01","2023-04-30","NT","26-39","Red light camera",231,2023,"Red light camera",4,"unique"
"2023-04-01","2023-04-30","NT","40-64","Red light camera",342,2023,"Red light camera",4,"unique"
"2023-04-01","2023-04-30","NT","65 and over","Red light camera",68,2023,"Red light camera",4,"unique"
"2023-04-01","2023-04-30","NT","Unknown","Red light camera",30,2023,"Red light camera",4,"unique"
"2023-04-01","2023-04-30","SA","0-16","Fixed camera",0,2023,"Fixed camera",4,"unique"
"2023-04-01","2023-04-30","SA","17-25","Fixed camera",411,2023,"Fixed camera",4,"unique"
"2023-04-01","2023-04-30","SA","26-39","Fixed camera",1059,2023,"Fixed camera",4,"unique"
"2023-04-01","2023-04-30","SA","40-64","Fixed camera",1982,2023,"Fixed camera",4,"unique"
"2023-04-01","2023-04-30","SA","65 and over","Fixed camera",768,2023,"Fixed camera",4,"unique"
"2023-04-01","2023-04-30","SA","Unknown","Fixed camera",176,2023,"Fixed camera",4,"unique"
"2023-04-01","2023-04-30","SA","0-16","Mobile camera",0,2023,"Mobile camera",4,"unique"
"2023-04-01","2023-04-30","SA","17-25","Mobile camera",694,2023,"Mobile camera",4,"unique"
"2023-04-01","2023-04-30","SA","26-39","Mobile camera",1836,2023,"Mobile camera",4,"unique"
"2023-04-01","2023-04-30","SA","40-64","Mobile camera",3095,2023,"Mobile camera",4,"unique"
"2023-04-01","2023-04-30","SA","65 and over","Mobile camera",1016,2023,"Mobile camera",4,"unique"
"2023-04-01","2023-04-30","SA","Unknown","Mobile camera",154,2023,"Mobile camera",4,"unique"
"2023-04-01","2023-04-30","SA","0-16","Other",0,2023,"Other",4,"unique"
"2023-04-01","2023-04-30","SA","17-25","Other",0,2023,"Other",4,"unique"
"2023-04-01","2023-04-30","SA","26-39","Other",0,2023,"Other",4,"unique"
"2023-04-01","2023-04-30","SA","40-64","Other",0,2023,"Other",4,"unique"
"2023-04-01","2023-04-30","SA","65 and over","Other",0,2023,"Other",4,"unique"
"2023-04-01","2023-04-30","SA","Unknown","Other",0,2023,"Other",4,"unique"
"2023-04-01","2023-04-30","SA","0-16","Police issued",0,2023,"Police issued",4,"unique"
"2023-04-01","2023-04-30","SA","17-25","Police issued",729,2023,"Police issued",4,"unique"
"2023-04-01","2023-04-30","SA","26-39","Police issued",1252,2023,"Police issued",4,"unique"
"2023-04-01","2023-04-30","SA","40-64","Police issued",1709,2023,"Police issued",4,"unique"
"2023-04-01","2023-04-30","SA","65 and over","Police issued",426,2023,"Police issued",4,"unique"
"2023-04-01","2023-04-30","SA","Unknown","Police issued",3,2023,"Police issued",4,"unique"
"2023-04-01","2023-04-30","TAS","0-16","Fixed or mobile camera",1,2023,"Camera (fixed/mobile)",4,"unique"
"2023-04-01","2023-04-30","TAS","17-25","Fixed or mobile camera",370,2023,"Camera (fixed/mobile)",4,"unique"
"2023-04-01","2023-04-30","TAS","26-39","Fixed or mobile camera",903,2023,"Camera (fixed/mobile)",4,"unique"
"2023-04-01","2023-04-30","TAS","40-64","Fixed or mobile camera",1246,2023,"Camera (fixed/mobile)",4,"unique"
"2023-04-01","2023-04-30","TAS","65 and over","Fixed or mobile camera",458,2023,"Camera (fixed/mobile)",4,"unique"
"2023-04-01","2023-04-30","TAS","Unknown","Fixed or mobile camera",1,2023,"Camera (fixed/mobile)",4,"unique"
"2023-04-01","2023-04-30","TAS","17-25","Police issued",321,2023,"Police issued",4,"unique"
"2023-04-01","2023-04-30","TAS","26-39","Police issued",523,2023,"Police issued",4,"unique"
"2023-04-01","2023-04-30","TAS","40-64","Police issued",539,2023,"Police issued",4,"unique"
"2023-04-01","2023-04-30","TAS","65 and over","Police issued",158,2023,"Police issued",4,"unique"
"2023-04-01","2023-04-30","TAS","Unknown","Police issued",1,2023,"Police issued",4,"unique"
"2023-04-01","2023-04-30","VIC","17-25","Fixed camera",188,2023,"Fixed camera",4,"chosen"
"2023-04-01","2023-04-30","VIC","26-39","Fixed camera",753,2023,"Fixed camera",4,"chosen"
"2023-04-01","2023-04-30","VIC","40-64","Fixed camera",1321,2023,"Fixed camera",4,"chosen"
"2023-04-01","2023-04-30","VIC","65 and over","Fixed camera",534,2023,"Fixed camera",4,"chosen"
"2023-04-01","2023-04-30","VIC","Unknown","Fixed camera",970,2023,"Fixed camera",4,"chosen"
"2023-04-01","2023-04-30","VIC","17-25","Fixed camera",2127,2023,"Fixed camera",4,"duplicate"
"2023-04-01","2023-04-30","VIC","26-39","Fixed camera",8718,2023,"Fixed camera",4,"duplicate"
"2023-04-01","2023-04-30","VIC","40-64","Fixed camera",14749,2023,"Fixed camera",4,"duplicate"
"2023-04-01","2023-04-30","VIC","65 and over","Fixed camera",4455,2023,"Fixed camera",4,"duplicate"
"2023-04-01","2023-04-30","VIC","Unknown","Fixed camera",9551,2023,"Fixed camera",4,"duplicate"
"2023-04-01","2023-04-30","VIC","17-25","Fixed camera",4,2023,"Fixed camera",4,"duplicate"
"2023-04-01","2023-04-30","VIC","26-39","Fixed camera",16,2023,"Fixed camera",4,"duplicate"
"2023-04-01","2023-04-30","VIC","40-64","Fixed camera",18,2023,"Fixed camera",4,"duplicate"
"2023-04-01","2023-04-30","VIC","65 and over","Fixed camera",3,2023,"Fixed camera",4,"duplicate"
"2023-04-01","2023-04-30","VIC","Unknown","Fixed camera",15,2023,"Fixed camera",4,"duplicate"
"2023-04-01","2023-04-30","VIC","17-25","Fixed camera",59,2023,"Fixed camera",4,"duplicate"
"2023-04-01","2023-04-30","VIC","26-39","Fixed camera",246,2023,"Fixed camera",4,"duplicate"
"2023-04-01","2023-04-30","VIC","40-64","Fixed camera",360,2023,"Fixed camera",4,"duplicate"
"2023-04-01","2023-04-30","VIC","65 and over","Fixed camera",123,2023,"Fixed camera",4,"duplicate"
"2023-04-01","2023-04-30","VIC","Unknown","Fixed camera",217,2023,"Fixed camera",4,"duplicate"
"2023-04-01","2023-04-30","VIC","17-25","Mobile camera",575,2023,"Mobile camera",4,"chosen"
"2023-04-01","2023-04-30","VIC","26-39","Mobile camera",2153,2023,"Mobile camera",4,"chosen"
"2023-04-01","2023-04-30","VIC","40-64","Mobile camera",3463,2023,"Mobile camera",4,"chosen"
"2023-04-01","2023-04-30","VIC","65 and over","Mobile camera",1489,2023,"Mobile camera",4,"chosen"
"2023-04-01","2023-04-30","VIC","Unknown","Mobile camera",1724,2023,"Mobile camera",4,"chosen"
"2023-04-01","2023-04-30","VIC","17-25","Mobile camera",1945,2023,"Mobile camera",4,"duplicate"
"2023-04-01","2023-04-30","VIC","26-39","Mobile camera",8560,2023,"Mobile camera",4,"duplicate"
"2023-04-01","2023-04-30","VIC","40-64","Mobile camera",13962,2023,"Mobile camera",4,"duplicate"
"2023-04-01","2023-04-30","VIC","65 and over","Mobile camera",4175,2023,"Mobile camera",4,"duplicate"
"2023-04-01","2023-04-30","VIC","Unknown","Mobile camera",6799,2023,"Mobile camera",4,"duplicate"
"2023-04-01","2023-04-30","VIC","17-25","Mobile camera",102,2023,"Mobile camera",4,"duplicate"
"2023-04-01","2023-04-30","VIC","26-39","Mobile camera",393,2023,"Mobile camera",4,"duplicate"
"2023-04-01","2023-04-30","VIC","40-64","Mobile camera",671,2023,"Mobile camera",4,"duplicate"
"2023-04-01","2023-04-30","VIC","65 and over","Mobile camera",261,2023,"Mobile camera",4,"duplicate"
"2023-04-01","2023-04-30","VIC","Unknown","Mobile camera",312,2023,"Mobile camera",4,"duplicate"
"2023-04-01","2023-04-30","VIC","17-25","Mobile camera",1,2023,"Mobile camera",4,"duplicate"
"2023-04-01","2023-04-30","VIC","26-39","Mobile camera",1,2023,"Mobile camera",4,"duplicate"
"2023-04-01","2023-04-30","VIC","40-64","Mobile camera",2,2023,"Mobile camera",4,"duplicate"
"2023-04-01","2023-04-30","VIC","65 and over","Mobile camera",1,2023,"Mobile camera",4,"duplicate"
"2023-04-01","2023-04-30","VIC","17-25","Mobile camera",43,2023,"Mobile camera",4,"duplicate"
"2023-04-01","2023-04-30","VIC","26-39","Mobile camera",173,2023,"Mobile camera",4,"duplicate"
"2023-04-01","2023-04-30","VIC","40-64","Mobile camera",250,2023,"Mobile camera",4,"duplicate"
"2023-04-01","2023-04-30","VIC","65 and over","Mobile camera",101,2023,"Mobile camera",4,"duplicate"
"2023-04-01","2023-04-30","VIC","Unknown","Mobile camera",122,2023,"Mobile camera",4,"duplicate"
"2023-04-01","2023-04-30","VIC","0-16","Police issued",1,2023,"Police issued",4,"unique"
"2023-04-01","2023-04-30","VIC","17-25","Police issued",770,2023,"Police issued",4,"chosen"
"2023-04-01","2023-04-30","VIC","26-39","Police issued",1379,2023,"Police issued",4,"chosen"
"2023-04-01","2023-04-30","VIC","40-64","Police issued",1688,2023,"Police issued",4,"chosen"
"2023-04-01","2023-04-30","VIC","65 and over","Police issued",416,2023,"Police issued",4,"chosen"
"2023-04-01","2023-04-30","VIC","Unknown","Police issued",4,2023,"Police issued",4,"chosen"
"2023-04-01","2023-04-30","VIC","17-25","Police issued",875,2023,"Police issued",4,"duplicate"
"2023-04-01","2023-04-30","VIC","26-39","Police issued",1536,2023,"Police issued",4,"duplicate"
"2023-04-01","2023-04-30","VIC","40-64","Police issued",1677,2023,"Police issued",4,"duplicate"
"2023-04-01","2023-04-30","VIC","65 and over","Police issued",306,2023,"Police issued",4,"duplicate"
"2023-04-01","2023-04-30","VIC","Unknown","Police issued",8,2023,"Police issued",4,"duplicate"
"2023-04-01","2023-04-30","VIC","17-25","Police issued",161,2023,"Police issued",4,"duplicate"
"2023-04-01","2023-04-30","VIC","26-39","Police issued",328,2023,"Police issued",4,"duplicate"
"2023-04-01","2023-04-30","VIC","40-64","Police issued",403,2023,"Police issued",4,"duplicate"
"2023-04-01","2023-04-30","VIC","65 and over","Police issued",85,2023,"Police issued",4,"duplicate"
"2023-04-01","2023-04-30","VIC","17-25","Police issued",5,2023,"Police issued",4,"duplicate"
"2023-04-01","2023-04-30","VIC","26-39","Police issued",12,2023,"Police issued",4,"duplicate"
"2023-04-01","2023-04-30","VIC","40-64","Police issued",15,2023,"Police issued",4,"duplicate"
"2023-04-01","2023-04-30","VIC","65 and over","Police issued",8,2023,"Police issued",4,"duplicate"
"2023-04-01","2023-04-30","VIC","17-25","Police issued",3,2023,"Police issued",4,"duplicate"
"2023-04-01","2023-04-30","VIC","26-39","Police issued",13,2023,"Police issued",4,"duplicate"
"2023-04-01","2023-04-30","VIC","40-64","Police issued",17,2023,"Police issued",4,"duplicate"
"2023-04-01","2023-04-30","VIC","65 and over","Police issued",6,2023,"Police issued",4,"duplicate"
"2023-04-01","2023-04-30","WA","17-25","Average speed camera",228,2023,"Average speed camera",4,"unique"
"2023-04-01","2023-04-30","WA","26-39","Average speed camera",550,2023,"Average speed camera",4,"unique"
"2023-04-01","2023-04-30","WA","40-64","Average speed camera",589,2023,"Average speed camera",4,"unique"
"2023-04-01","2023-04-30","WA","65 and over","Average speed camera",104,2023,"Average speed camera",4,"unique"
"2023-04-01","2023-04-30","WA","Unknown","Average speed camera",1,2023,"Average speed camera",4,"unique"
"2023-04-01","2023-04-30","WA","17-25","Fixed camera",1103,2023,"Fixed camera",4,"unique"
"2023-04-01","2023-04-30","WA","26-39","Fixed camera",3564,2023,"Fixed camera",4,"unique"
"2023-04-01","2023-04-30","WA","40-64","Fixed camera",5067,2023,"Fixed camera",4,"unique"
"2023-04-01","2023-04-30","WA","65 and over","Fixed camera",1152,2023,"Fixed camera",4,"unique"
"2023-04-01","2023-04-30","WA","Unknown","Fixed camera",7,2023,"Fixed camera",4,"unique"
"2023-04-01","2023-04-30","WA","0-16","Mobile camera",2,2023,"Mobile camera",4,"unique"
"2023-04-01","2023-04-30","WA","17-25","Mobile camera",4984,2023,"Mobile camera",4,"unique"
"2023-04-01","2023-04-30","WA","26-39","Mobile camera",12026,2023,"Mobile camera",4,"unique"
"2023-04-01","2023-04-30","WA","40-64","Mobile camera",17048,2023,"Mobile camera",4,"unique"
"2023-04-01","2023-04-30","WA","65 and over","Mobile camera",4021,2023,"Mobile camera",4,"unique"
"2023-04-01","2023-04-30","WA","Unknown","Mobile camera",21,2023,"Mobile camera",4,"unique"
"2023-04-01","2023-04-30","WA","17-25","Police issued",713,2023,"Police issued",4,"unique"
"2023-04-01","2023-04-30","WA","26-39","Police issued",1497,2023,"Police issued",4,"unique"
"2023-04-01","2023-04-30","WA","40-64","Police issued",1728,2023,"Police issued",4,"unique"
"2023-04-01","2023-04-30","WA","65 and over","Police issued",329,2023,"Police issued",4,"unique"
"2023-04-01","2023-04-30","WA","17-25","Red light camera",853,2023,"Red light camera",4,"unique"
"2023-04-01","2023-04-30","WA","26-39","Red light camera",3212,2023,"Red light camera",4,"unique"
"2023-04-01","2023-04-30","WA","40-64","Red light camera",6593,2023,"Red light camera",4,"unique"
"2023-04-01","2023-04-30","WA","65 and over","Red light camera",1745,2023,"Red light camera",4,"unique"
"2023-04-01","2023-04-30","WA","Unknown","Red light camera",5,2023,"Red light camera",4,"unique"
"2023-04-01","2023-04-30","WA","0-16","Unknown",0,2023,"Unknown",4,"unique"
"2023-04-01","2023-04-30","WA","17-25","Unknown",0,2023,"Unknown",4,"unique"
"2023-04-01","2023-04-30","WA","26-39","Unknown",0,2023,"Unknown",4,"unique"
"2023-04-01","2023-04-30","WA","40-64","Unknown",0,2023,"Unknown",4,"unique"
"2023-04-01","2023-04-30","WA","65 and over","Unknown",0,2023,"Unknown",4,"unique"
"2023-05-01","2023-05-31","ACT","0-16","Fixed camera",1,2023,"Fixed camera",5,"unique"
"2023-05-01","2023-05-31","ACT","17-25","Fixed camera",510,2023,"Fixed camera",5,"unique"
"2023-05-01","2023-05-31","ACT","26-39","Fixed camera",1196,2023,"Fixed camera",5,"unique"
"2023-05-01","2023-05-31","ACT","40-64","Fixed camera",2112,2023,"Fixed camera",5,"unique"
"2023-05-01","2023-05-31","ACT","65 and over","Fixed camera",679,2023,"Fixed camera",5,"unique"
"2023-05-01","2023-05-31","ACT","Unknown","Fixed camera",71,2023,"Fixed camera",5,"unique"
"2023-05-01","2023-05-31","ACT","0-16","Mobile camera",1,2023,"Mobile camera",5,"unique"
"2023-05-01","2023-05-31","ACT","17-25","Mobile camera",178,2023,"Mobile camera",5,"unique"
"2023-05-01","2023-05-31","ACT","26-39","Mobile camera",352,2023,"Mobile camera",5,"unique"
"2023-05-01","2023-05-31","ACT","40-64","Mobile camera",532,2023,"Mobile camera",5,"unique"
"2023-05-01","2023-05-31","ACT","65 and over","Mobile camera",175,2023,"Mobile camera",5,"unique"
"2023-05-01","2023-05-31","ACT","Unknown","Mobile camera",23,2023,"Mobile camera",5,"unique"
"2023-05-01","2023-05-31","ACT","0-16","Police issued",3,2023,"Police issued",5,"unique"
"2023-05-01","2023-05-31","ACT","17-25","Police issued",55,2023,"Police issued",5,"unique"
"2023-05-01","2023-05-31","ACT","26-39","Police issued",52,2023,"Police issued",5,"unique"
"2023-05-01","2023-05-31","ACT","40-64","Police issued",47,2023,"Police issued",5,"unique"
"2023-05-01","2023-05-31","ACT","65 and over","Police issued",4,2023,"Police issued",5,"unique"
"2023-05-01","2023-05-31","NSW","Unknown","Fixed camera",37527,2023,"Fixed camera",5,"unique"
"2023-05-01","2023-05-31","NSW","Unknown","Mobile camera",3680,2023,"Mobile camera",5,"unique"
"2023-05-01","2023-05-31","NSW","0-16","Police issued",5,2023,"Police issued",5,"chosen"
"2023-05-01","2023-05-31","NSW","17-25","Police issued",1242,2023,"Police issued",5,"chosen"
"2023-05-01","2023-05-31","NSW","26-39","Police issued",1892,2023,"Police issued",5,"chosen"
"2023-05-01","2023-05-31","NSW","40-64","Police issued",2093,2023,"Police issued",5,"chosen"
"2023-05-01","2023-05-31","NSW","65 and over","Police issued",518,2023,"Police issued",5,"chosen"
"2023-05-01","2023-05-31","NSW","0-16","Police issued",5,2023,"Police issued",5,"duplicate"
"2023-05-01","2023-05-31","NSW","17-25","Police issued",1606,2023,"Police issued",5,"duplicate"
"2023-05-01","2023-05-31","NSW","26-39","Police issued",1940,2023,"Police issued",5,"duplicate"
"2023-05-01","2023-05-31","NSW","40-64","Police issued",1698,2023,"Police issued",5,"duplicate"
"2023-05-01","2023-05-31","NSW","65 and over","Police issued",239,2023,"Police issued",5,"duplicate"
"2023-05-01","2023-05-31","NSW","0-16","Police issued",2,2023,"Police issued",5,"duplicate"
"2023-05-01","2023-05-31","NSW","17-25","Police issued",314,2023,"Police issued",5,"duplicate"
"2023-05-01","2023-05-31","NSW","26-39","Police issued",505,2023,"Police issued",5,"duplicate"
"2023-05-01","2023-05-31","NSW","40-64","Police issued",655,2023,"Police issued",5,"duplicate"
"2023-05-01","2023-05-31","NSW","65 and over","Police issued",189,2023,"Police issued",5,"duplicate"
"2023-05-01","2023-05-31","NSW","17-25","Police issued",13,2023,"Police issued",5,"duplicate"
"2023-05-01","2023-05-31","NSW","26-39","Police issued",24,2023,"Police issued",5,"duplicate"
"2023-05-01","2023-05-31","NSW","40-64","Police issued",38,2023,"Police issued",5,"duplicate"
"2023-05-01","2023-05-31","NSW","65 and over","Police issued",15,2023,"Police issued",5,"duplicate"
"2023-05-01","2023-05-31","NSW","17-25","Police issued",7,2023,"Police issued",5,"duplicate"
"2023-05-01","2023-05-31","NSW","26-39","Police issued",6,2023,"Police issued",5,"duplicate"
"2023-05-01","2023-05-31","NSW","40-64","Police issued",4,2023,"Police issued",5,"duplicate"
"2023-05-01","2023-05-31","NSW","17-25","Police issued",1,2023,"Police issued",5,"duplicate"
"2023-05-01","2023-05-31","NSW","26-39","Police issued",4,2023,"Police issued",5,"duplicate"
"2023-05-01","2023-05-31","NSW","40-64","Police issued",1,2023,"Police issued",5,"duplicate"
"2023-05-01","2023-05-31","NSW","65 and over","Police issued",2,2023,"Police issued",5,"duplicate"
"2023-05-01","2023-05-31","NSW","Unknown","Red light camera",19530,2023,"Red light camera",5,"unique"
"2023-05-01","2023-05-31","NT","0-16","Mobile camera",1,2023,"Mobile camera",5,"unique"
"2023-05-01","2023-05-31","NT","17-25","Mobile camera",311,2023,"Mobile camera",5,"unique"
"2023-05-01","2023-05-31","NT","26-39","Mobile camera",830,2023,"Mobile camera",5,"unique"
"2023-05-01","2023-05-31","NT","40-64","Mobile camera",1067,2023,"Mobile camera",5,"unique"
"2023-05-01","2023-05-31","NT","65 and over","Mobile camera",297,2023,"Mobile camera",5,"unique"
"2023-05-01","2023-05-31","NT","Unknown","Mobile camera",100,2023,"Mobile camera",5,"unique"
"2023-05-01","2023-05-31","NT","0-16","Police issued",2,2023,"Police issued",5,"unique"
"2023-05-01","2023-05-31","NT","17-25","Police issued",42,2023,"Police issued",5,"unique"
"2023-05-01","2023-05-31","NT","26-39","Police issued",103,2023,"Police issued",5,"unique"
"2023-05-01","2023-05-31","NT","40-64","Police issued",82,2023,"Police issued",5,"unique"
"2023-05-01","2023-05-31","NT","65 and over","Police issued",10,2023,"Police issued",5,"unique"
"2023-05-01","2023-05-31","NT","0-16","Red light camera",1,2023,"Red light camera",5,"unique"
"2023-05-01","2023-05-31","NT","17-25","Red light camera",104,2023,"Red light camera",5,"unique"
"2023-05-01","2023-05-31","NT","26-39","Red light camera",419,2023,"Red light camera",5,"unique"
"2023-05-01","2023-05-31","NT","40-64","Red light camera",532,2023,"Red light camera",5,"unique"
"2023-05-01","2023-05-31","NT","65 and over","Red light camera",120,2023,"Red light camera",5,"unique"
"2023-05-01","2023-05-31","NT","Unknown","Red light camera",35,2023,"Red light camera",5,"unique"
"2023-05-01","2023-05-31","SA","0-16","Fixed camera",0,2023,"Fixed camera",5,"unique"
"2023-05-01","2023-05-31","SA","17-25","Fixed camera",487,2023,"Fixed camera",5,"unique"
"2023-05-01","2023-05-31","SA","26-39","Fixed camera",1311,2023,"Fixed camera",5,"unique"
"2023-05-01","2023-05-31","SA","40-64","Fixed camera",2506,2023,"Fixed camera",5,"unique"
"2023-05-01","2023-05-31","SA","65 and over","Fixed camera",941,2023,"Fixed camera",5,"unique"
"2023-05-01","2023-05-31","SA","Unknown","Fixed camera",207,2023,"Fixed camera",5,"unique"
"2023-05-01","2023-05-31","SA","0-16","Mobile camera",0,2023,"Mobile camera",5,"unique"
"2023-05-01","2023-05-31","SA","17-25","Mobile camera",910,2023,"Mobile camera",5,"unique"
"2023-05-01","2023-05-31","SA","26-39","Mobile camera",2279,2023,"Mobile camera",5,"unique"
"2023-05-01","2023-05-31","SA","40-64","Mobile camera",3762,2023,"Mobile camera",5,"unique"
"2023-05-01","2023-05-31","SA","65 and over","Mobile camera",1024,2023,"Mobile camera",5,"unique"
"2023-05-01","2023-05-31","SA","Unknown","Mobile camera",178,2023,"Mobile camera",5,"unique"
"2023-05-01","2023-05-31","SA","0-16","Other",0,2023,"Other",5,"unique"
"2023-05-01","2023-05-31","SA","17-25","Other",0,2023,"Other",5,"unique"
"2023-05-01","2023-05-31","SA","26-39","Other",0,2023,"Other",5,"unique"
"2023-05-01","2023-05-31","SA","40-64","Other",0,2023,"Other",5,"unique"
"2023-05-01","2023-05-31","SA","65 and over","Other",0,2023,"Other",5,"unique"
"2023-05-01","2023-05-31","SA","Unknown","Other",0,2023,"Other",5,"unique"
"2023-05-01","2023-05-31","SA","0-16","Police issued",0,2023,"Police issued",5,"unique"
"2023-05-01","2023-05-31","SA","17-25","Police issued",601,2023,"Police issued",5,"unique"
"2023-05-01","2023-05-31","SA","26-39","Police issued",1115,2023,"Police issued",5,"unique"
"2023-05-01","2023-05-31","SA","40-64","Police issued",1441,2023,"Police issued",5,"unique"
"2023-05-01","2023-05-31","SA","65 and over","Police issued",416,2023,"Police issued",5,"unique"
"2023-05-01","2023-05-31","SA","Unknown","Police issued",1,2023,"Police issued",5,"unique"
"2023-05-01","2023-05-31","TAS","0-16","Fixed or mobile camera",3,2023,"Camera (fixed/mobile)",5,"unique"
"2023-05-01","2023-05-31","TAS","17-25","Fixed or mobile camera",427,2023,"Camera (fixed/mobile)",5,"unique"
"2023-05-01","2023-05-31","TAS","26-39","Fixed or mobile camera",1188,2023,"Camera (fixed/mobile)",5,"unique"
"2023-05-01","2023-05-31","TAS","40-64","Fixed or mobile camera",1624,2023,"Camera (fixed/mobile)",5,"unique"
"2023-05-01","2023-05-31","TAS","65 and over","Fixed or mobile camera",548,2023,"Camera (fixed/mobile)",5,"unique"
"2023-05-01","2023-05-31","TAS","Unknown","Fixed or mobile camera",8,2023,"Camera (fixed/mobile)",5,"unique"
"2023-05-01","2023-05-31","TAS","17-25","Police issued",324,2023,"Police issued",5,"unique"
"2023-05-01","2023-05-31","TAS","26-39","Police issued",539,2023,"Police issued",5,"unique"
"2023-05-01","2023-05-31","TAS","40-64","Police issued",656,2023,"Police issued",5,"unique"
"2023-05-01","2023-05-31","TAS","65 and over","Police issued",181,2023,"Police issued",5,"unique"
"2023-05-01","2023-05-31","TAS","Unknown","Police issued",1,2023,"Police issued",5,"unique"
"2023-05-01","2023-05-31","VIC","17-25","Fixed camera",105,2023,"Fixed camera",5,"chosen"
"2023-05-01","2023-05-31","VIC","26-39","Fixed camera",432,2023,"Fixed camera",5,"chosen"
"2023-05-01","2023-05-31","VIC","40-64","Fixed camera",814,2023,"Fixed camera",5,"chosen"
"2023-05-01","2023-05-31","VIC","65 and over","Fixed camera",350,2023,"Fixed camera",5,"chosen"
"2023-05-01","2023-05-31","VIC","Unknown","Fixed camera",585,2023,"Fixed camera",5,"chosen"
"2023-05-01","2023-05-31","VIC","17-25","Fixed camera",2469,2023,"Fixed camera",5,"duplicate"
"2023-05-01","2023-05-31","VIC","26-39","Fixed camera",9869,2023,"Fixed camera",5,"duplicate"
"2023-05-01","2023-05-31","VIC","40-64","Fixed camera",16348,2023,"Fixed camera",5,"duplicate"
"2023-05-01","2023-05-31","VIC","65 and over","Fixed camera",4888,2023,"Fixed camera",5,"duplicate"
"2023-05-01","2023-05-31","VIC","Unknown","Fixed camera",10639,2023,"Fixed camera",5,"duplicate"
"2023-05-01","2023-05-31","VIC","26-39","Fixed camera",6,2023,"Fixed camera",5,"duplicate"
"2023-05-01","2023-05-31","VIC","40-64","Fixed camera",18,2023,"Fixed camera",5,"duplicate"
"2023-05-01","2023-05-31","VIC","65 and over","Fixed camera",7,2023,"Fixed camera",5,"duplicate"
"2023-05-01","2023-05-31","VIC","Unknown","Fixed camera",19,2023,"Fixed camera",5,"duplicate"
"2023-05-01","2023-05-31","VIC","17-25","Fixed camera",46,2023,"Fixed camera",5,"duplicate"
"2023-05-01","2023-05-31","VIC","26-39","Fixed camera",180,2023,"Fixed camera",5,"duplicate"
"2023-05-01","2023-05-31","VIC","40-64","Fixed camera",258,2023,"Fixed camera",5,"duplicate"
"2023-05-01","2023-05-31","VIC","65 and over","Fixed camera",72,2023,"Fixed camera",5,"duplicate"
"2023-05-01","2023-05-31","VIC","Unknown","Fixed camera",147,2023,"Fixed camera",5,"duplicate"
"2023-05-01","2023-05-31","VIC","17-25","Mobile camera",497,2023,"Mobile camera",5,"chosen"
"2023-05-01","2023-05-31","VIC","26-39","Mobile camera",1829,2023,"Mobile camera",5,"chosen"
"2023-05-01","2023-05-31","VIC","40-64","Mobile camera",2971,2023,"Mobile camera",5,"chosen"
"2023-05-01","2023-05-31","VIC","65 and over","Mobile camera",1364,2023,"Mobile camera",5,"chosen"
"2023-05-01","2023-05-31","VIC","Unknown","Mobile camera",1578,2023,"Mobile camera",5,"chosen"
"2023-05-01","2023-05-31","VIC","17-25","Mobile camera",1946,2023,"Mobile camera",5,"duplicate"
"2023-05-01","2023-05-31","VIC","26-39","Mobile camera",8041,2023,"Mobile camera",5,"duplicate"
"2023-05-01","2023-05-31","VIC","40-64","Mobile camera",13688,2023,"Mobile camera",5,"duplicate"
"2023-05-01","2023-05-31","VIC","65 and over","Mobile camera",3967,2023,"Mobile camera",5,"duplicate"
"2023-05-01","2023-05-31","VIC","Unknown","Mobile camera",6921,2023,"Mobile camera",5,"duplicate"
"2023-05-01","2023-05-31","VIC","17-25","Mobile camera",75,2023,"Mobile camera",5,"duplicate"
"2023-05-01","2023-05-31","VIC","26-39","Mobile camera",299,2023,"Mobile camera",5,"duplicate"
"2023-05-01","2023-05-31","VIC","40-64","Mobile camera",556,2023,"Mobile camera",5,"duplicate"
"2023-05-01","2023-05-31","VIC","65 and over","Mobile camera",287,2023,"Mobile camera",5,"duplicate"
"2023-05-01","2023-05-31","VIC","Unknown","Mobile camera",331,2023,"Mobile camera",5,"duplicate"
"2023-05-01","2023-05-31","VIC","17-25","Mobile camera",51,2023,"Mobile camera",5,"duplicate"
"2023-05-01","2023-05-31","VIC","26-39","Mobile camera",152,2023,"Mobile camera",5,"duplicate"
"2023-05-01","2023-05-31","VIC","40-64","Mobile camera",207,2023,"Mobile camera",5,"duplicate"
"2023-05-01","2023-05-31","VIC","65 and over","Mobile camera",106,2023,"Mobile camera",5,"duplicate"
"2023-05-01","2023-05-31","VIC","Unknown","Mobile camera",93,2023,"Mobile camera",5,"duplicate"
"2023-05-01","2023-05-31","VIC","17-25","Police issued",611,2023,"Police issued",5,"chosen"
"2023-05-01","2023-05-31","VIC","26-39","Police issued",1213,2023,"Police issued",5,"chosen"
"2023-05-01","2023-05-31","VIC","40-64","Police issued",1523,2023,"Police issued",5,"chosen"
"2023-05-01","2023-05-31","VIC","65 and over","Police issued",397,2023,"Police issued",5,"chosen"
"2023-05-01","2023-05-31","VIC","Unknown","Police issued",3,2023,"Police issued",5,"chosen"
"2023-05-01","2023-05-31","VIC","17-25","Police issued",873,2023,"Police issued",5,"duplicate"
"2023-05-01","2023-05-31","VIC","26-39","Police issued",1609,2023,"Police issued",5,"duplicate"
"2023-05-01","2023-05-31","VIC","40-64","Police issued",1749,2023,"Police issued",5,"duplicate"
"2023-05-01","2023-05-31","VIC","65 and over","Police issued",326,2023,"Police issued",5,"duplicate"
"2023-05-01","2023-05-31","VIC","Unknown","Police issued",4,2023,"Police issued",5,"duplicate"
"2023-05-01","2023-05-31","VIC","17-25","Police issued",107,2023,"Police issued",5,"duplicate"
"2023-05-01","2023-05-31","VIC","26-39","Police issued",187,2023,"Police issued",5,"duplicate"
"2023-05-01","2023-05-31","VIC","40-64","Police issued",238,2023,"Police issued",5,"duplicate"
"2023-05-01","2023-05-31","VIC","65 and over","Police issued",64,2023,"Police issued",5,"duplicate"
"2023-05-01","2023-05-31","VIC","17-25","Police issued",1,2023,"Police issued",5,"duplicate"
"2023-05-01","2023-05-31","VIC","26-39","Police issued",6,2023,"Police issued",5,"duplicate"
"2023-05-01","2023-05-31","VIC","40-64","Police issued",4,2023,"Police issued",5,"duplicate"
"2023-05-01","2023-05-31","VIC","65 and over","Police issued",2,2023,"Police issued",5,"duplicate"
"2023-05-01","2023-05-31","VIC","17-25","Police issued",5,2023,"Police issued",5,"duplicate"
"2023-05-01","2023-05-31","VIC","26-39","Police issued",14,2023,"Police issued",5,"duplicate"
"2023-05-01","2023-05-31","VIC","40-64","Police issued",20,2023,"Police issued",5,"duplicate"
"2023-05-01","2023-05-31","VIC","65 and over","Police issued",2,2023,"Police issued",5,"duplicate"
"2023-05-01","2023-05-31","WA","17-25","Average speed camera",218,2023,"Average speed camera",5,"unique"
"2023-05-01","2023-05-31","WA","26-39","Average speed camera",409,2023,"Average speed camera",5,"unique"
"2023-05-01","2023-05-31","WA","40-64","Average speed camera",504,2023,"Average speed camera",5,"unique"
"2023-05-01","2023-05-31","WA","65 and over","Average speed camera",95,2023,"Average speed camera",5,"unique"
"2023-05-01","2023-05-31","WA","Unknown","Average speed camera",5,2023,"Average speed camera",5,"unique"
"2023-05-01","2023-05-31","WA","0-16","Fixed camera",1,2023,"Fixed camera",5,"unique"
"2023-05-01","2023-05-31","WA","17-25","Fixed camera",866,2023,"Fixed camera",5,"unique"
"2023-05-01","2023-05-31","WA","26-39","Fixed camera",2950,2023,"Fixed camera",5,"unique"
"2023-05-01","2023-05-31","WA","40-64","Fixed camera",4226,2023,"Fixed camera",5,"unique"
"2023-05-01","2023-05-31","WA","65 and over","Fixed camera",1038,2023,"Fixed camera",5,"unique"
"2023-05-01","2023-05-31","WA","Unknown","Fixed camera",9,2023,"Fixed camera",5,"unique"
"2023-05-01","2023-05-31","WA","17-25","Mobile camera",4485,2023,"Mobile camera",5,"unique"
"2023-05-01","2023-05-31","WA","26-39","Mobile camera",10393,2023,"Mobile camera",5,"unique"
"2023-05-01","2023-05-31","WA","40-64","Mobile camera",15404,2023,"Mobile camera",5,"unique"
"2023-05-01","2023-05-31","WA","65 and over","Mobile camera",3762,2023,"Mobile camera",5,"unique"
"2023-05-01","2023-05-31","WA","Unknown","Mobile camera",17,2023,"Mobile camera",5,"unique"
"2023-05-01","2023-05-31","WA","17-25","Police issued",787,2023,"Police issued",5,"unique"
"2023-05-01","2023-05-31","WA","26-39","Police issued",1524,2023,"Police issued",5,"unique"
"2023-05-01","2023-05-31","WA","40-64","Police issued",1756,2023,"Police issued",5,"unique"
"2023-05-01","2023-05-31","WA","65 and over","Police issued",351,2023,"Police issued",5,"unique"
"2023-05-01","2023-05-31","WA","17-25","Red light camera",871,2023,"Red light camera",5,"unique"
"2023-05-01","2023-05-31","WA","26-39","Red light camera",3091,2023,"Red light camera",5,"unique"
"2023-05-01","2023-05-31","WA","40-64","Red light camera",6253,2023,"Red light camera",5,"unique"
"2023-05-01","2023-05-31","WA","65 and over","Red light camera",1630,2023,"Red light camera",5,"unique"
"2023-05-01","2023-05-31","WA","Unknown","Red light camera",10,2023,"Red light camera",5,"unique"
"2023-05-01","2023-05-31","WA","0-16","Unknown",0,2023,"Unknown",5,"unique"
"2023-05-01","2023-05-31","WA","17-25","Unknown",0,2023,"Unknown",5,"unique"
"2023-05-01","2023-05-31","WA","26-39","Unknown",0,2023,"Unknown",5,"unique"
"2023-05-01","2023-05-31","WA","40-64","Unknown",0,2023,"Unknown",5,"unique"
"2023-05-01","2023-05-31","WA","65 and over","Unknown",0,2023,"Unknown",5,"unique"
"2023-06-01","2023-06-30","ACT","0-16","Fixed camera",1,2023,"Fixed camera",6,"unique"
"2023-06-01","2023-06-30","ACT","17-25","Fixed camera",452,2023,"Fixed camera",6,"unique"
"2023-06-01","2023-06-30","ACT","26-39","Fixed camera",1108,2023,"Fixed camera",6,"unique"
"2023-06-01","2023-06-30","ACT","40-64","Fixed camera",1805,2023,"Fixed camera",6,"unique"
"2023-06-01","2023-06-30","ACT","65 and over","Fixed camera",527,2023,"Fixed camera",6,"unique"
"2023-06-01","2023-06-30","ACT","Unknown","Fixed camera",72,2023,"Fixed camera",6,"unique"
"2023-06-01","2023-06-30","ACT","17-25","Mobile camera",176,2023,"Mobile camera",6,"unique"
"2023-06-01","2023-06-30","ACT","26-39","Mobile camera",404,2023,"Mobile camera",6,"unique"
"2023-06-01","2023-06-30","ACT","40-64","Mobile camera",558,2023,"Mobile camera",6,"unique"
"2023-06-01","2023-06-30","ACT","65 and over","Mobile camera",203,2023,"Mobile camera",6,"unique"
"2023-06-01","2023-06-30","ACT","Unknown","Mobile camera",21,2023,"Mobile camera",6,"unique"
"2023-06-01","2023-06-30","ACT","0-16","Police issued",2,2023,"Police issued",6,"unique"
"2023-06-01","2023-06-30","ACT","17-25","Police issued",42,2023,"Police issued",6,"unique"
"2023-06-01","2023-06-30","ACT","26-39","Police issued",47,2023,"Police issued",6,"unique"
"2023-06-01","2023-06-30","ACT","40-64","Police issued",47,2023,"Police issued",6,"unique"
"2023-06-01","2023-06-30","ACT","65 and over","Police issued",4,2023,"Police issued",6,"unique"
"2023-06-01","2023-06-30","NSW","Unknown","Fixed camera",32191,2023,"Fixed camera",6,"unique"
"2023-06-01","2023-06-30","NSW","Unknown","Mobile camera",3212,2023,"Mobile camera",6,"unique"
"2023-06-01","2023-06-30","NSW","0-16","Police issued",2,2023,"Police issued",6,"chosen"
"2023-06-01","2023-06-30","NSW","17-25","Police issued",1586,2023,"Police issued",6,"chosen"
"2023-06-01","2023-06-30","NSW","26-39","Police issued",2494,2023,"Police issued",6,"chosen"
"2023-06-01","2023-06-30","NSW","40-64","Police issued",2557,2023,"Police issued",6,"chosen"
"2023-06-01","2023-06-30","NSW","65 and over","Police issued",577,2023,"Police issued",6,"chosen"
"2023-06-01","2023-06-30","NSW","0-16","Police issued",4,2023,"Police issued",6,"duplicate"
"2023-06-01","2023-06-30","NSW","17-25","Police issued",2304,2023,"Police issued",6,"duplicate"
"2023-06-01","2023-06-30","NSW","26-39","Police issued",2791,2023,"Police issued",6,"duplicate"
"2023-06-01","2023-06-30","NSW","40-64","Police issued",2416,2023,"Police issued",6,"duplicate"
"2023-06-01","2023-06-30","NSW","65 and over","Police issued",390,2023,"Police issued",6,"duplicate"
"2023-06-01","2023-06-30","NSW","0-16","Police issued",1,2023,"Police issued",6,"duplicate"
"2023-06-01","2023-06-30","NSW","17-25","Police issued",480,2023,"Police issued",6,"duplicate"
"2023-06-01","2023-06-30","NSW","26-39","Police issued",763,2023,"Police issued",6,"duplicate"
"2023-06-01","2023-06-30","NSW","40-64","Police issued",821,2023,"Police issued",6,"duplicate"
"2023-06-01","2023-06-30","NSW","65 and over","Police issued",198,2023,"Police issued",6,"duplicate"
"2023-06-01","2023-06-30","NSW","17-25","Police issued",17,2023,"Police issued",6,"duplicate"
"2023-06-01","2023-06-30","NSW","26-39","Police issued",45,2023,"Police issued",6,"duplicate"
"2023-06-01","2023-06-30","NSW","40-64","Police issued",34,2023,"Police issued",6,"duplicate"
"2023-06-01","2023-06-30","NSW","65 and over","Police issued",12,2023,"Police issued",6,"duplicate"
"2023-06-01","2023-06-30","NSW","17-25","Police issued",10,2023,"Police issued",6,"duplicate"
"2023-06-01","2023-06-30","NSW","26-39","Police issued",10,2023,"Police issued",6,"duplicate"
"2023-06-01","2023-06-30","NSW","40-64","Police issued",10,2023,"Police issued",6,"duplicate"
"2023-06-01","2023-06-30","NSW","65 and over","Police issued",2,2023,"Police issued",6,"duplicate"
"2023-06-01","2023-06-30","NSW","17-25","Police issued",2,2023,"Police issued",6,"duplicate"
"2023-06-01","2023-06-30","NSW","26-39","Police issued",5,2023,"Police issued",6,"duplicate"
"2023-06-01","2023-06-30","NSW","40-64","Police issued",3,2023,"Police issued",6,"duplicate"
"2023-06-01","2023-06-30","NSW","Unknown","Red light camera",19142,2023,"Red light camera",6,"unique"
"2023-06-01","2023-06-30","NT","0-16","Mobile camera",2,2023,"Mobile camera",6,"unique"
"2023-06-01","2023-06-30","NT","17-25","Mobile camera",327,2023,"Mobile camera",6,"unique"
"2023-06-01","2023-06-30","NT","26-39","Mobile camera",818,2023,"Mobile camera",6,"unique"
"2023-06-01","2023-06-30","NT","40-64","Mobile camera",981,2023,"Mobile camera",6,"unique"
"2023-06-01","2023-06-30","NT","65 and over","Mobile camera",303,2023,"Mobile camera",6,"unique"
"2023-06-01","2023-06-30","NT","Unknown","Mobile camera",84,2023,"Mobile camera",6,"unique"
"2023-06-01","2023-06-30","NT","17-25","Police issued",56,2023,"Police issued",6,"unique"
"2023-06-01","2023-06-30","NT","26-39","Police issued",114,2023,"Police issued",6,"unique"
"2023-06-01","2023-06-30","NT","40-64","Police issued",100,2023,"Police issued",6,"unique"
"2023-06-01","2023-06-30","NT","65 and over","Police issued",26,2023,"Police issued",6,"unique"
"2023-06-01","2023-06-30","NT","0-16","Red light camera",3,2023,"Red light camera",6,"unique"
"2023-06-01","2023-06-30","NT","17-25","Red light camera",90,2023,"Red light camera",6,"unique"
"2023-06-01","2023-06-30","NT","26-39","Red light camera",346,2023,"Red light camera",6,"unique"
"2023-06-01","2023-06-30","NT","40-64","Red light camera",468,2023,"Red light camera",6,"unique"
"2023-06-01","2023-06-30","NT","65 and over","Red light camera",105,2023,"Red light camera",6,"unique"
"2023-06-01","2023-06-30","NT","Unknown","Red light camera",38,2023,"Red light camera",6,"unique"
"2023-06-01","2023-06-30","SA","0-16","Fixed camera",1,2023,"Fixed camera",6,"unique"
"2023-06-01","2023-06-30","SA","17-25","Fixed camera",523,2023,"Fixed camera",6,"unique"
"2023-06-01","2023-06-30","SA","26-39","Fixed camera",1245,2023,"Fixed camera",6,"unique"
"2023-06-01","2023-06-30","SA","40-64","Fixed camera",2205,2023,"Fixed camera",6,"unique"
"2023-06-01","2023-06-30","SA","65 and over","Fixed camera",806,2023,"Fixed camera",6,"unique"
"2023-06-01","2023-06-30","SA","Unknown","Fixed camera",164,2023,"Fixed camera",6,"unique"
"2023-06-01","2023-06-30","SA","0-16","Mobile camera",3,2023,"Mobile camera",6,"unique"
"2023-06-01","2023-06-30","SA","17-25","Mobile camera",946,2023,"Mobile camera",6,"unique"
"2023-06-01","2023-06-30","SA","26-39","Mobile camera",2291,2023,"Mobile camera",6,"unique"
"2023-06-01","2023-06-30","SA","40-64","Mobile camera",4028,2023,"Mobile camera",6,"unique"
"2023-06-01","2023-06-30","SA","65 and over","Mobile camera",1120,2023,"Mobile camera",6,"unique"
"2023-06-01","2023-06-30","SA","Unknown","Mobile camera",202,2023,"Mobile camera",6,"unique"
"2023-06-01","2023-06-30","SA","0-16","Other",0,2023,"Other",6,"unique"
"2023-06-01","2023-06-30","SA","17-25","Other",0,2023,"Other",6,"unique"
"2023-06-01","2023-06-30","SA","26-39","Other",0,2023,"Other",6,"unique"
"2023-06-01","2023-06-30","SA","40-64","Other",0,2023,"Other",6,"unique"
"2023-06-01","2023-06-30","SA","65 and over","Other",0,2023,"Other",6,"unique"
"2023-06-01","2023-06-30","SA","Unknown","Other",0,2023,"Other",6,"unique"
"2023-06-01","2023-06-30","SA","0-16","Police issued",2,2023,"Police issued",6,"unique"
"2023-06-01","2023-06-30","SA","17-25","Police issued",696,2023,"Police issued",6,"unique"
"2023-06-01","2023-06-30","SA","26-39","Police issued",1172,2023,"Police issued",6,"unique"
"2023-06-01","2023-06-30","SA","40-64","Police issued",1505,2023,"Police issued",6,"unique"
"2023-06-01","2023-06-30","SA","65 and over","Police issued",362,2023,"Police issued",6,"unique"
"2023-06-01","2023-06-30","SA","Unknown","Police issued",1,2023,"Police issued",6,"unique"
"2023-06-01","2023-06-30","TAS","0-16","Fixed or mobile camera",2,2023,"Camera (fixed/mobile)",6,"unique"
"2023-06-01","2023-06-30","TAS","17-25","Fixed or mobile camera",488,2023,"Camera (fixed/mobile)",6,"unique"
"2023-06-01","2023-06-30","TAS","26-39","Fixed or mobile camera",1158,2023,"Camera (fixed/mobile)",6,"unique"
"2023-06-01","2023-06-30","TAS","40-64","Fixed or mobile camera",1614,2023,"Camera (fixed/mobile)",6,"unique"
"2023-06-01","2023-06-30","TAS","65 and over","Fixed or mobile camera",613,2023,"Camera (fixed/mobile)",6,"unique"
"2023-06-01","2023-06-30","TAS","0-16","Police issued",1,2023,"Police issued",6,"unique"
"2023-06-01","2023-06-30","TAS","17-25","Police issued",265,2023,"Police issued",6,"unique"
"2023-06-01","2023-06-30","TAS","26-39","Police issued",427,2023,"Police issued",6,"unique"
"2023-06-01","2023-06-30","TAS","40-64","Police issued",469,2023,"Police issued",6,"unique"
"2023-06-01","2023-06-30","TAS","65 and over","Police issued",134,2023,"Police issued",6,"unique"
"2023-06-01","2023-06-30","TAS","Unknown","Police issued",1,2023,"Police issued",6,"unique"
"2023-06-01","2023-06-30","VIC","17-25","Fixed camera",38,2023,"Fixed camera",6,"chosen"
"2023-06-01","2023-06-30","VIC","26-39","Fixed camera",139,2023,"Fixed camera",6,"chosen"
"2023-06-01","2023-06-30","VIC","40-64","Fixed camera",318,2023,"Fixed camera",6,"chosen"
"2023-06-01","2023-06-30","VIC","65 and over","Fixed camera",160,2023,"Fixed camera",6,"chosen"
"2023-06-01","2023-06-30","VIC","Unknown","Fixed camera",180,2023,"Fixed camera",6,"chosen"
"2023-06-01","2023-06-30","VIC","17-25","Fixed camera",2907,2023,"Fixed camera",6,"duplicate"
"2023-06-01","2023-06-30","VIC","26-39","Fixed camera",10464,2023,"Fixed camera",6,"duplicate"
"2023-06-01","2023-06-30","VIC","40-64","Fixed camera",16073,2023,"Fixed camera",6,"duplicate"
"2023-06-01","2023-06-30","VIC","65 and over","Fixed camera",4334,2023,"Fixed camera",6,"duplicate"
"2023-06-01","2023-06-30","VIC","Unknown","Fixed camera",10968,2023,"Fixed camera",6,"duplicate"
"2023-06-01","2023-06-30","VIC","17-25","Fixed camera",4,2023,"Fixed camera",6,"duplicate"
"2023-06-01","2023-06-30","VIC","26-39","Fixed camera",10,2023,"Fixed camera",6,"duplicate"
"2023-06-01","2023-06-30","VIC","40-64","Fixed camera",17,2023,"Fixed camera",6,"duplicate"
"2023-06-01","2023-06-30","VIC","65 and over","Fixed camera",4,2023,"Fixed camera",6,"duplicate"
"2023-06-01","2023-06-30","VIC","Unknown","Fixed camera",7,2023,"Fixed camera",6,"duplicate"
"2023-06-01","2023-06-30","VIC","17-25","Fixed camera",40,2023,"Fixed camera",6,"duplicate"
"2023-06-01","2023-06-30","VIC","26-39","Fixed camera",170,2023,"Fixed camera",6,"duplicate"
"2023-06-01","2023-06-30","VIC","40-64","Fixed camera",247,2023,"Fixed camera",6,"duplicate"
"2023-06-01","2023-06-30","VIC","65 and over","Fixed camera",58,2023,"Fixed camera",6,"duplicate"
"2023-06-01","2023-06-30","VIC","Unknown","Fixed camera",130,2023,"Fixed camera",6,"duplicate"
"2023-06-01","2023-06-30","VIC","17-25","Mobile camera",571,2023,"Mobile camera",6,"chosen"
"2023-06-01","2023-06-30","VIC","26-39","Mobile camera",1944,2023,"Mobile camera",6,"chosen"
"2023-06-01","2023-06-30","VIC","40-64","Mobile camera",3340,2023,"Mobile camera",6,"chosen"
"2023-06-01","2023-06-30","VIC","65 and over","Mobile camera",1284,2023,"Mobile camera",6,"chosen"
"2023-06-01","2023-06-30","VIC","Unknown","Mobile camera",1775,2023,"Mobile camera",6,"chosen"
"2023-06-01","2023-06-30","VIC","17-25","Mobile camera",2024,2023,"Mobile camera",6,"duplicate"
"2023-06-01","2023-06-30","VIC","26-39","Mobile camera",8418,2023,"Mobile camera",6,"duplicate"
"2023-06-01","2023-06-30","VIC","40-64","Mobile camera",13468,2023,"Mobile camera",6,"duplicate"
"2023-06-01","2023-06-30","VIC","65 and over","Mobile camera",3784,2023,"Mobile camera",6,"duplicate"
"2023-06-01","2023-06-30","VIC","Unknown","Mobile camera",7008,2023,"Mobile camera",6,"duplicate"
"2023-06-01","2023-06-30","VIC","17-25","Mobile camera",97,2023,"Mobile camera",6,"duplicate"
"2023-06-01","2023-06-30","VIC","26-39","Mobile camera",337,2023,"Mobile camera",6,"duplicate"
"2023-06-01","2023-06-30","VIC","40-64","Mobile camera",554,2023,"Mobile camera",6,"duplicate"
"2023-06-01","2023-06-30","VIC","65 and over","Mobile camera",255,2023,"Mobile camera",6,"duplicate"
"2023-06-01","2023-06-30","VIC","Unknown","Mobile camera",337,2023,"Mobile camera",6,"duplicate"
"2023-06-01","2023-06-30","VIC","17-25","Mobile camera",51,2023,"Mobile camera",6,"duplicate"
"2023-06-01","2023-06-30","VIC","26-39","Mobile camera",177,2023,"Mobile camera",6,"duplicate"
"2023-06-01","2023-06-30","VIC","40-64","Mobile camera",296,2023,"Mobile camera",6,"duplicate"
"2023-06-01","2023-06-30","VIC","65 and over","Mobile camera",97,2023,"Mobile camera",6,"duplicate"
"2023-06-01","2023-06-30","VIC","Unknown","Mobile camera",138,2023,"Mobile camera",6,"duplicate"
"2023-06-01","2023-06-30","VIC","0-16","Police issued",3,2023,"Police issued",6,"chosen"
"2023-06-01","2023-06-30","VIC","17-25","Police issued",676,2023,"Police issued",6,"chosen"
"2023-06-01","2023-06-30","VIC","26-39","Police issued",1304,2023,"Police issued",6,"chosen"
"2023-06-01","2023-06-30","VIC","40-64","Police issued",1675,2023,"Police issued",6,"chosen"
"2023-06-01","2023-06-30","VIC","65 and over","Police issued",397,2023,"Police issued",6,"chosen"
"2023-06-01","2023-06-30","VIC","17-25","Police issued",949,2023,"Police issued",6,"duplicate"
"2023-06-01","2023-06-30","VIC","26-39","Police issued",1669,2023,"Police issued",6,"duplicate"
"2023-06-01","2023-06-30","VIC","40-64","Police issued",1941,2023,"Police issued",6,"duplicate"
"2023-06-01","2023-06-30","VIC","65 and over","Police issued",335,2023,"Police issued",6,"duplicate"
"2023-06-01","2023-06-30","VIC","Unknown","Police issued",2,2023,"Police issued",6,"unique"
"2023-06-01","2023-06-30","VIC","0-16","Police issued",1,2023,"Police issued",6,"duplicate"
"2023-06-01","2023-06-30","VIC","17-25","Police issued",127,2023,"Police issued",6,"duplicate"
"2023-06-01","2023-06-30","VIC","26-39","Police issued",316,2023,"Police issued",6,"duplicate"
"2023-06-01","2023-06-30","VIC","40-64","Police issued",329,2023,"Police issued",6,"duplicate"
"2023-06-01","2023-06-30","VIC","65 and over","Police issued",81,2023,"Police issued",6,"duplicate"
"2023-06-01","2023-06-30","VIC","17-25","Police issued",1,2023,"Police issued",6,"duplicate"
"2023-06-01","2023-06-30","VIC","26-39","Police issued",3,2023,"Police issued",6,"duplicate"
"2023-06-01","2023-06-30","VIC","40-64","Police issued",13,2023,"Police issued",6,"duplicate"
"2023-06-01","2023-06-30","VIC","65 and over","Police issued",6,2023,"Police issued",6,"duplicate"
"2023-06-01","2023-06-30","VIC","17-25","Police issued",54,2023,"Police issued",6,"duplicate"
"2023-06-01","2023-06-30","VIC","26-39","Police issued",87,2023,"Police issued",6,"duplicate"
"2023-06-01","2023-06-30","VIC","40-64","Police issued",95,2023,"Police issued",6,"duplicate"
"2023-06-01","2023-06-30","VIC","65 and over","Police issued",24,2023,"Police issued",6,"duplicate"
"2023-06-01","2023-06-30","WA","17-25","Average speed camera",180,2023,"Average speed camera",6,"unique"
"2023-06-01","2023-06-30","WA","26-39","Average speed camera",440,2023,"Average speed camera",6,"unique"
"2023-06-01","2023-06-30","WA","40-64","Average speed camera",498,2023,"Average speed camera",6,"unique"
"2023-06-01","2023-06-30","WA","65 and over","Average speed camera",100,2023,"Average speed camera",6,"unique"
"2023-06-01","2023-06-30","WA","0-16","Fixed camera",1,2023,"Fixed camera",6,"unique"
"2023-06-01","2023-06-30","WA","17-25","Fixed camera",842,2023,"Fixed camera",6,"unique"
"2023-06-01","2023-06-30","WA","26-39","Fixed camera",2652,2023,"Fixed camera",6,"unique"
"2023-06-01","2023-06-30","WA","40-64","Fixed camera",4038,2023,"Fixed camera",6,"unique"
"2023-06-01","2023-06-30","WA","65 and over","Fixed camera",916,2023,"Fixed camera",6,"unique"
"2023-06-01","2023-06-30","WA","Unknown","Fixed camera",5,2023,"Fixed camera",6,"unique"
"2023-06-01","2023-06-30","WA","0-16","Mobile camera",2,2023,"Mobile camera",6,"unique"
"2023-06-01","2023-06-30","WA","17-25","Mobile camera",3888,2023,"Mobile camera",6,"unique"
"2023-06-01","2023-06-30","WA","26-39","Mobile camera",9339,2023,"Mobile camera",6,"unique"
"2023-06-01","2023-06-30","WA","40-64","Mobile camera",13549,2023,"Mobile camera",6,"unique"
"2023-06-01","2023-06-30","WA","65 and over","Mobile camera",3301,2023,"Mobile camera",6,"unique"
"2023-06-01","2023-06-30","WA","Unknown","Mobile camera",14,2023,"Mobile camera",6,"unique"
"2023-06-01","2023-06-30","WA","17-25","Police issued",787,2023,"Police issued",6,"unique"
"2023-06-01","2023-06-30","WA","26-39","Police issued",1449,2023,"Police issued",6,"unique"
"2023-06-01","2023-06-30","WA","40-64","Police issued",1647,2023,"Police issued",6,"unique"
"2023-06-01","2023-06-30","WA","65 and over","Police issued",322,2023,"Police issued",6,"unique"
"2023-06-01","2023-06-30","WA","17-25","Red light camera",678,2023,"Red light camera",6,"unique"
"2023-06-01","2023-06-30","WA","26-39","Red light camera",2290,2023,"Red light camera",6,"unique"
"2023-06-01","2023-06-30","WA","40-64","Red light camera",4600,2023,"Red light camera",6,"unique"
"2023-06-01","2023-06-30","WA","65 and over","Red light camera",1176,2023,"Red light camera",6,"unique"
"2023-06-01","2023-06-30","WA","Unknown","Red light camera",5,2023,"Red light camera",6,"unique"
"2023-06-01","2023-06-30","WA","17-25","Unknown",0,2023,"Unknown",6,"unique"
"2023-06-01","2023-06-30","WA","26-39","Unknown",0,2023,"Unknown",6,"unique"
"2023-06-01","2023-06-30","WA","40-64","Unknown",0,2023,"Unknown",6,"unique"
"2023-06-01","2023-06-30","WA","65 and over","Unknown",0,2023,"Unknown",6,"unique"
"2023-07-01","2023-07-31","ACT","0-16","Fixed camera",2,2023,"Fixed camera",7,"unique"
"2023-07-01","2023-07-31","ACT","17-25","Fixed camera",407,2023,"Fixed camera",7,"unique"
"2023-07-01","2023-07-31","ACT","26-39","Fixed camera",1005,2023,"Fixed camera",7,"unique"
"2023-07-01","2023-07-31","ACT","40-64","Fixed camera",1682,2023,"Fixed camera",7,"unique"
"2023-07-01","2023-07-31","ACT","65 and over","Fixed camera",444,2023,"Fixed camera",7,"unique"
"2023-07-01","2023-07-31","ACT","Unknown","Fixed camera",69,2023,"Fixed camera",7,"unique"
"2023-07-01","2023-07-31","ACT","17-25","Mobile camera",204,2023,"Mobile camera",7,"unique"
"2023-07-01","2023-07-31","ACT","26-39","Mobile camera",545,2023,"Mobile camera",7,"unique"
"2023-07-01","2023-07-31","ACT","40-64","Mobile camera",770,2023,"Mobile camera",7,"unique"
"2023-07-01","2023-07-31","ACT","65 and over","Mobile camera",205,2023,"Mobile camera",7,"unique"
"2023-07-01","2023-07-31","ACT","Unknown","Mobile camera",31,2023,"Mobile camera",7,"unique"
"2023-07-01","2023-07-31","ACT","0-16","Police issued",2,2023,"Police issued",7,"unique"
"2023-07-01","2023-07-31","ACT","17-25","Police issued",83,2023,"Police issued",7,"unique"
"2023-07-01","2023-07-31","ACT","26-39","Police issued",86,2023,"Police issued",7,"unique"
"2023-07-01","2023-07-31","ACT","40-64","Police issued",64,2023,"Police issued",7,"unique"
"2023-07-01","2023-07-31","ACT","65 and over","Police issued",6,2023,"Police issued",7,"unique"
"2023-07-01","2023-07-31","NSW","Unknown","Fixed camera",30257,2023,"Fixed camera",7,"unique"
"2023-07-01","2023-07-31","NSW","Unknown","Mobile camera",3349,2023,"Mobile camera",7,"unique"
"2023-07-01","2023-07-31","NSW","0-16","Police issued",4,2023,"Police issued",7,"chosen"
"2023-07-01","2023-07-31","NSW","17-25","Police issued",1369,2023,"Police issued",7,"chosen"
"2023-07-01","2023-07-31","NSW","26-39","Police issued",2112,2023,"Police issued",7,"chosen"
"2023-07-01","2023-07-31","NSW","40-64","Police issued",2099,2023,"Police issued",7,"chosen"
"2023-07-01","2023-07-31","NSW","65 and over","Police issued",415,2023,"Police issued",7,"chosen"
"2023-07-01","2023-07-31","NSW","0-16","Police issued",5,2023,"Police issued",7,"duplicate"
"2023-07-01","2023-07-31","NSW","17-25","Police issued",1569,2023,"Police issued",7,"duplicate"
"2023-07-01","2023-07-31","NSW","26-39","Police issued",1819,2023,"Police issued",7,"duplicate"
"2023-07-01","2023-07-31","NSW","40-64","Police issued",1584,2023,"Police issued",7,"duplicate"
"2023-07-01","2023-07-31","NSW","65 and over","Police issued",226,2023,"Police issued",7,"duplicate"
"2023-07-01","2023-07-31","NSW","0-16","Police issued",1,2023,"Police issued",7,"duplicate"
"2023-07-01","2023-07-31","NSW","17-25","Police issued",335,2023,"Police issued",7,"duplicate"
"2023-07-01","2023-07-31","NSW","26-39","Police issued",540,2023,"Police issued",7,"duplicate"
"2023-07-01","2023-07-31","NSW","40-64","Police issued",624,2023,"Police issued",7,"duplicate"
"2023-07-01","2023-07-31","NSW","65 and over","Police issued",144,2023,"Police issued",7,"duplicate"
"2023-07-01","2023-07-31","NSW","17-25","Police issued",26,2023,"Police issued",7,"duplicate"
"2023-07-01","2023-07-31","NSW","26-39","Police issued",36,2023,"Police issued",7,"duplicate"
"2023-07-01","2023-07-31","NSW","40-64","Police issued",26,2023,"Police issued",7,"duplicate"
"2023-07-01","2023-07-31","NSW","65 and over","Police issued",3,2023,"Police issued",7,"duplicate"
"2023-07-01","2023-07-31","NSW","17-25","Police issued",1,2023,"Police issued",7,"duplicate"
"2023-07-01","2023-07-31","NSW","26-39","Police issued",2,2023,"Police issued",7,"duplicate"
"2023-07-01","2023-07-31","NSW","40-64","Police issued",4,2023,"Police issued",7,"duplicate"
"2023-07-01","2023-07-31","NSW","17-25","Police issued",2,2023,"Police issued",7,"duplicate"
"2023-07-01","2023-07-31","NSW","26-39","Police issued",3,2023,"Police issued",7,"duplicate"
"2023-07-01","2023-07-31","NSW","40-64","Police issued",2,2023,"Police issued",7,"duplicate"
"2023-07-01","2023-07-31","NSW","Unknown","Red light camera",20950,2023,"Red light camera",7,"unique"
"2023-07-01","2023-07-31","NT","0-16","Mobile camera",5,2023,"Mobile camera",7,"unique"
"2023-07-01","2023-07-31","NT","17-25","Mobile camera",394,2023,"Mobile camera",7,"unique"
"2023-07-01","2023-07-31","NT","26-39","Mobile camera",982,2023,"Mobile camera",7,"unique"
"2023-07-01","2023-07-31","NT","40-64","Mobile camera",1222,2023,"Mobile camera",7,"unique"
"2023-07-01","2023-07-31","NT","65 and over","Mobile camera",316,2023,"Mobile camera",7,"unique"
"2023-07-01","2023-07-31","NT","Unknown","Mobile camera",109,2023,"Mobile camera",7,"unique"
"2023-07-01","2023-07-31","NT","0-16","Police issued",1,2023,"Police issued",7,"unique"
"2023-07-01","2023-07-31","NT","17-25","Police issued",57,2023,"Police issued",7,"unique"
"2023-07-01","2023-07-31","NT","26-39","Police issued",115,2023,"Police issued",7,"unique"
"2023-07-01","2023-07-31","NT","40-64","Police issued",132,2023,"Police issued",7,"unique"
"2023-07-01","2023-07-31","NT","65 and over","Police issued",17,2023,"Police issued",7,"unique"
"2023-07-01","2023-07-31","NT","17-25","Red light camera",81,2023,"Red light camera",7,"unique"
"2023-07-01","2023-07-31","NT","26-39","Red light camera",260,2023,"Red light camera",7,"unique"
"2023-07-01","2023-07-31","NT","40-64","Red light camera",397,2023,"Red light camera",7,"unique"
"2023-07-01","2023-07-31","NT","65 and over","Red light camera",76,2023,"Red light camera",7,"unique"
"2023-07-01","2023-07-31","NT","Unknown","Red light camera",31,2023,"Red light camera",7,"unique"
"2023-07-01","2023-07-31","SA","0-16","Fixed camera",0,2023,"Fixed camera",7,"unique"
"2023-07-01","2023-07-31","SA","17-25","Fixed camera",493,2023,"Fixed camera",7,"unique"
"2023-07-01","2023-07-31","SA","26-39","Fixed camera",1154,2023,"Fixed camera",7,"unique"
"2023-07-01","2023-07-31","SA","40-64","Fixed camera",2046,2023,"Fixed camera",7,"unique"
"2023-07-01","2023-07-31","SA","65 and over","Fixed camera",719,2023,"Fixed camera",7,"unique"
"2023-07-01","2023-07-31","SA","Unknown","Fixed camera",135,2023,"Fixed camera",7,"unique"
"2023-07-01","2023-07-31","SA","0-16","Mobile camera",0,2023,"Mobile camera",7,"unique"
"2023-07-01","2023-07-31","SA","17-25","Mobile camera",860,2023,"Mobile camera",7,"unique"
"2023-07-01","2023-07-31","SA","26-39","Mobile camera",2155,2023,"Mobile camera",7,"unique"
"2023-07-01","2023-07-31","SA","40-64","Mobile camera",3455,2023,"Mobile camera",7,"unique"
"2023-07-01","2023-07-31","SA","65 and over","Mobile camera",953,2023,"Mobile camera",7,"unique"
"2023-07-01","2023-07-31","SA","Unknown","Mobile camera",158,2023,"Mobile camera",7,"unique"
"2023-07-01","2023-07-31","SA","0-16","Other",0,2023,"Other",7,"unique"
"2023-07-01","2023-07-31","SA","17-25","Other",1,2023,"Other",7,"unique"
"2023-07-01","2023-07-31","SA","26-39","Other",0,2023,"Other",7,"unique"
"2023-07-01","2023-07-31","SA","40-64","Other",0,2023,"Other",7,"unique"
"2023-07-01","2023-07-31","SA","65 and over","Other",0,2023,"Other",7,"unique"
"2023-07-01","2023-07-31","SA","Unknown","Other",0,2023,"Other",7,"unique"
"2023-07-01","2023-07-31","SA","0-16","Police issued",4,2023,"Police issued",7,"unique"
"2023-07-01","2023-07-31","SA","17-25","Police issued",766,2023,"Police issued",7,"unique"
"2023-07-01","2023-07-31","SA","26-39","Police issued",1270,2023,"Police issued",7,"unique"
"2023-07-01","2023-07-31","SA","40-64","Police issued",1646,2023,"Police issued",7,"unique"
"2023-07-01","2023-07-31","SA","65 and over","Police issued",407,2023,"Police issued",7,"unique"
"2023-07-01","2023-07-31","SA","Unknown","Police issued",3,2023,"Police issued",7,"unique"
"2023-07-01","2023-07-31","TAS","0-16","Fixed or mobile camera",1,2023,"Camera (fixed/mobile)",7,"unique"
"2023-07-01","2023-07-31","TAS","17-25","Fixed or mobile camera",509,2023,"Camera (fixed/mobile)",7,"unique"
"2023-07-01","2023-07-31","TAS","26-39","Fixed or mobile camera",1200,2023,"Camera (fixed/mobile)",7,"unique"
"2023-07-01","2023-07-31","TAS","40-64","Fixed or mobile camera",1660,2023,"Camera (fixed/mobile)",7,"unique"
"2023-07-01","2023-07-31","TAS","65 and over","Fixed or mobile camera",585,2023,"Camera (fixed/mobile)",7,"unique"
"2023-07-01","2023-07-31","TAS","17-25","Police issued",316,2023,"Police issued",7,"unique"
"2023-07-01","2023-07-31","TAS","26-39","Police issued",489,2023,"Police issued",7,"unique"
"2023-07-01","2023-07-31","TAS","40-64","Police issued",598,2023,"Police issued",7,"unique"
"2023-07-01","2023-07-31","TAS","65 and over","Police issued",175,2023,"Police issued",7,"unique"
"2023-07-01","2023-07-31","VIC","17-25","Fixed camera",55,2023,"Fixed camera",7,"chosen"
"2023-07-01","2023-07-31","VIC","26-39","Fixed camera",209,2023,"Fixed camera",7,"chosen"
"2023-07-01","2023-07-31","VIC","40-64","Fixed camera",438,2023,"Fixed camera",7,"chosen"
"2023-07-01","2023-07-31","VIC","65 and over","Fixed camera",237,2023,"Fixed camera",7,"chosen"
"2023-07-01","2023-07-31","VIC","Unknown","Fixed camera",259,2023,"Fixed camera",7,"chosen"
"2023-07-01","2023-07-31","VIC","17-25","Fixed camera",2779,2023,"Fixed camera",7,"duplicate"
"2023-07-01","2023-07-31","VIC","26-39","Fixed camera",9515,2023,"Fixed camera",7,"duplicate"
"2023-07-01","2023-07-31","VIC","40-64","Fixed camera",15372,2023,"Fixed camera",7,"duplicate"
"2023-07-01","2023-07-31","VIC","65 and over","Fixed camera",4298,2023,"Fixed camera",7,"duplicate"
"2023-07-01","2023-07-31","VIC","Unknown","Fixed camera",10208,2023,"Fixed camera",7,"duplicate"
"2023-07-01","2023-07-31","VIC","17-25","Fixed camera",3,2023,"Fixed camera",7,"duplicate"
"2023-07-01","2023-07-31","VIC","26-39","Fixed camera",4,2023,"Fixed camera",7,"duplicate"
"2023-07-01","2023-07-31","VIC","40-64","Fixed camera",18,2023,"Fixed camera",7,"duplicate"
"2023-07-01","2023-07-31","VIC","65 and over","Fixed camera",5,2023,"Fixed camera",7,"duplicate"
"2023-07-01","2023-07-31","VIC","Unknown","Fixed camera",11,2023,"Fixed camera",7,"duplicate"
"2023-07-01","2023-07-31","VIC","17-25","Fixed camera",23,2023,"Fixed camera",7,"duplicate"
"2023-07-01","2023-07-31","VIC","26-39","Fixed camera",160,2023,"Fixed camera",7,"duplicate"
"2023-07-01","2023-07-31","VIC","40-64","Fixed camera",261,2023,"Fixed camera",7,"duplicate"
"2023-07-01","2023-07-31","VIC","65 and over","Fixed camera",80,2023,"Fixed camera",7,"duplicate"
"2023-07-01","2023-07-31","VIC","Unknown","Fixed camera",146,2023,"Fixed camera",7,"duplicate"
"2023-07-01","2023-07-31","VIC","17-25","Mobile camera",584,2023,"Mobile camera",7,"chosen"
"2023-07-01","2023-07-31","VIC","26-39","Mobile camera",1971,2023,"Mobile camera",7,"chosen"
"2023-07-01","2023-07-31","VIC","40-64","Mobile camera",3150,2023,"Mobile camera",7,"chosen"
"2023-07-01","2023-07-31","VIC","65 and over","Mobile camera",1281,2023,"Mobile camera",7,"chosen"
"2023-07-01","2023-07-31","VIC","Unknown","Mobile camera",1678,2023,"Mobile camera",7,"chosen"
"2023-07-01","2023-07-31","VIC","17-25","Mobile camera",2161,2023,"Mobile camera",7,"duplicate"
"2023-07-01","2023-07-31","VIC","26-39","Mobile camera",9376,2023,"Mobile camera",7,"duplicate"
"2023-07-01","2023-07-31","VIC","40-64","Mobile camera",15228,2023,"Mobile camera",7,"duplicate"
"2023-07-01","2023-07-31","VIC","65 and over","Mobile camera",4325,2023,"Mobile camera",7,"duplicate"
"2023-07-01","2023-07-31","VIC","Unknown","Mobile camera",7431,2023,"Mobile camera",7,"duplicate"
"2023-07-01","2023-07-31","VIC","17-25","Mobile camera",109,2023,"Mobile camera",7,"duplicate"
"2023-07-01","2023-07-31","VIC","26-39","Mobile camera",384,2023,"Mobile camera",7,"duplicate"
"2023-07-01","2023-07-31","VIC","40-64","Mobile camera",647,2023,"Mobile camera",7,"duplicate"
"2023-07-01","2023-07-31","VIC","65 and over","Mobile camera",268,2023,"Mobile camera",7,"duplicate"
"2023-07-01","2023-07-31","VIC","Unknown","Mobile camera",371,2023,"Mobile camera",7,"duplicate"
"2023-07-01","2023-07-31","VIC","26-39","Mobile camera",1,2023,"Mobile camera",7,"duplicate"
"2023-07-01","2023-07-31","VIC","17-25","Mobile camera",60,2023,"Mobile camera",7,"duplicate"
"2023-07-01","2023-07-31","VIC","26-39","Mobile camera",270,2023,"Mobile camera",7,"duplicate"
"2023-07-01","2023-07-31","VIC","40-64","Mobile camera",397,2023,"Mobile camera",7,"duplicate"
"2023-07-01","2023-07-31","VIC","65 and over","Mobile camera",157,2023,"Mobile camera",7,"duplicate"
"2023-07-01","2023-07-31","VIC","Unknown","Mobile camera",195,2023,"Mobile camera",7,"duplicate"
"2023-07-01","2023-07-31","VIC","17-25","Police issued",719,2023,"Police issued",7,"chosen"
"2023-07-01","2023-07-31","VIC","26-39","Police issued",1389,2023,"Police issued",7,"chosen"
"2023-07-01","2023-07-31","VIC","40-64","Police issued",1597,2023,"Police issued",7,"chosen"
"2023-07-01","2023-07-31","VIC","65 and over","Police issued",427,2023,"Police issued",7,"chosen"
"2023-07-01","2023-07-31","VIC","Unknown","Police issued",1,2023,"Police issued",7,"unique"
"2023-07-01","2023-07-31","VIC","0-16","Police issued",2,2023,"Police issued",7,"unique"
"2023-07-01","2023-07-31","VIC","17-25","Police issued",1046,2023,"Police issued",7,"duplicate"
"2023-07-01","2023-07-31","VIC","26-39","Police issued",1885,2023,"Police issued",7,"duplicate"
"2023-07-01","2023-07-31","VIC","40-64","Police issued",2131,2023,"Police issued",7,"duplicate"
"2023-07-01","2023-07-31","VIC","65 and over","Police issued",359,2023,"Police issued",7,"duplicate"
"2023-07-01","2023-07-31","VIC","17-25","Police issued",141,2023,"Police issued",7,"duplicate"
"2023-07-01","2023-07-31","VIC","26-39","Police issued",315,2023,"Police issued",7,"duplicate"
"2023-07-01","2023-07-31","VIC","40-64","Police issued",381,2023,"Police issued",7,"duplicate"
"2023-07-01","2023-07-31","VIC","65 and over","Police issued",73,2023,"Police issued",7,"duplicate"
"2023-07-01","2023-07-31","VIC","17-25","Police issued",2,2023,"Police issued",7,"duplicate"
"2023-07-01","2023-07-31","VIC","26-39","Police issued",2,2023,"Police issued",7,"duplicate"
"2023-07-01","2023-07-31","VIC","40-64","Police issued",5,2023,"Police issued",7,"duplicate"
"2023-07-01","2023-07-31","VIC","65 and over","Police issued",10,2023,"Police issued",7,"duplicate"
"2023-07-01","2023-07-31","VIC","17-25","Police issued",42,2023,"Police issued",7,"duplicate"
"2023-07-01","2023-07-31","VIC","26-39","Police issued",102,2023,"Police issued",7,"duplicate"
"2023-07-01","2023-07-31","VIC","40-64","Police issued",81,2023,"Police issued",7,"duplicate"
"2023-07-01","2023-07-31","VIC","65 and over","Police issued",25,2023,"Police issued",7,"duplicate"
"2023-07-01","2023-07-31","WA","17-25","Average speed camera",205,2023,"Average speed camera",7,"unique"
"2023-07-01","2023-07-31","WA","26-39","Average speed camera",502,2023,"Average speed camera",7,"unique"
"2023-07-01","2023-07-31","WA","40-64","Average speed camera",551,2023,"Average speed camera",7,"unique"
"2023-07-01","2023-07-31","WA","65 and over","Average speed camera",118,2023,"Average speed camera",7,"unique"
"2023-07-01","2023-07-31","WA","0-16","Fixed camera",1,2023,"Fixed camera",7,"unique"
"2023-07-01","2023-07-31","WA","17-25","Fixed camera",969,2023,"Fixed camera",7,"unique"
"2023-07-01","2023-07-31","WA","26-39","Fixed camera",2879,2023,"Fixed camera",7,"unique"
"2023-07-01","2023-07-31","WA","40-64","Fixed camera",4582,2023,"Fixed camera",7,"unique"
"2023-07-01","2023-07-31","WA","65 and over","Fixed camera",1072,2023,"Fixed camera",7,"unique"
"2023-07-01","2023-07-31","WA","Unknown","Fixed camera",4,2023,"Fixed camera",7,"unique"
"2023-07-01","2023-07-31","WA","0-16","Mobile camera",1,2023,"Mobile camera",7,"unique"
"2023-07-01","2023-07-31","WA","17-25","Mobile camera",5380,2023,"Mobile camera",7,"unique"
"2023-07-01","2023-07-31","WA","26-39","Mobile camera",12534,2023,"Mobile camera",7,"unique"
"2023-07-01","2023-07-31","WA","40-64","Mobile camera",18163,2023,"Mobile camera",7,"unique"
"2023-07-01","2023-07-31","WA","65 and over","Mobile camera",4116,2023,"Mobile camera",7,"unique"
"2023-07-01","2023-07-31","WA","Unknown","Mobile camera",19,2023,"Mobile camera",7,"unique"
"2023-07-01","2023-07-31","WA","17-25","Police issued",625,2023,"Police issued",7,"unique"
"2023-07-01","2023-07-31","WA","26-39","Police issued",1217,2023,"Police issued",7,"unique"
"2023-07-01","2023-07-31","WA","40-64","Police issued",1460,2023,"Police issued",7,"unique"
"2023-07-01","2023-07-31","WA","65 and over","Police issued",284,2023,"Police issued",7,"unique"
"2023-07-01","2023-07-31","WA","0-16","Red light camera",1,2023,"Red light camera",7,"unique"
"2023-07-01","2023-07-31","WA","17-25","Red light camera",1069,2023,"Red light camera",7,"unique"
"2023-07-01","2023-07-31","WA","26-39","Red light camera",3611,2023,"Red light camera",7,"unique"
"2023-07-01","2023-07-31","WA","40-64","Red light camera",7979,2023,"Red light camera",7,"unique"
"2023-07-01","2023-07-31","WA","65 and over","Red light camera",2512,2023,"Red light camera",7,"unique"
"2023-07-01","2023-07-31","WA","Unknown","Red light camera",5,2023,"Red light camera",7,"unique"
"2023-07-01","2023-07-31","WA","0-16","Unknown",0,2023,"Unknown",7,"unique"
"2023-07-01","2023-07-31","WA","17-25","Unknown",0,2023,"Unknown",7,"unique"
"2023-07-01","2023-07-31","WA","26-39","Unknown",0,2023,"Unknown",7,"unique"
"2023-07-01","2023-07-31","WA","40-64","Unknown",0,2023,"Unknown",7,"unique"
"2023-07-01","2023-07-31","WA","65 and over","Unknown",0,2023,"Unknown",7,"unique"
"2023-08-01","2023-08-31","ACT","0-16","Fixed camera",2,2023,"Fixed camera",8,"unique"
"2023-08-01","2023-08-31","ACT","17-25","Fixed camera",473,2023,"Fixed camera",8,"unique"
"2023-08-01","2023-08-31","ACT","26-39","Fixed camera",893,2023,"Fixed camera",8,"unique"
"2023-08-01","2023-08-31","ACT","40-64","Fixed camera",1520,2023,"Fixed camera",8,"unique"
"2023-08-01","2023-08-31","ACT","65 and over","Fixed camera",431,2023,"Fixed camera",8,"unique"
"2023-08-01","2023-08-31","ACT","Unknown","Fixed camera",66,2023,"Fixed camera",8,"unique"
"2023-08-01","2023-08-31","ACT","0-16","Mobile camera",1,2023,"Mobile camera",8,"unique"
"2023-08-01","2023-08-31","ACT","17-25","Mobile camera",194,2023,"Mobile camera",8,"unique"
"2023-08-01","2023-08-31","ACT","26-39","Mobile camera",504,2023,"Mobile camera",8,"unique"
"2023-08-01","2023-08-31","ACT","40-64","Mobile camera",631,2023,"Mobile camera",8,"unique"
"2023-08-01","2023-08-31","ACT","65 and over","Mobile camera",237,2023,"Mobile camera",8,"unique"
"2023-08-01","2023-08-31","ACT","Unknown","Mobile camera",24,2023,"Mobile camera",8,"unique"
"2023-08-01","2023-08-31","ACT","0-16","Police issued",4,2023,"Police issued",8,"unique"
"2023-08-01","2023-08-31","ACT","17-25","Police issued",61,2023,"Police issued",8,"unique"
"2023-08-01","2023-08-31","ACT","26-39","Police issued",63,2023,"Police issued",8,"unique"
"2023-08-01","2023-08-31","ACT","40-64","Police issued",40,2023,"Police issued",8,"unique"
"2023-08-01","2023-08-31","ACT","65 and over","Police issued",7,2023,"Police issued",8,"unique"
"2023-08-01","2023-08-31","NSW","Unknown","Fixed camera",36480,2023,"Fixed camera",8,"unique"
"2023-08-01","2023-08-31","NSW","Unknown","Mobile camera",3397,2023,"Mobile camera",8,"unique"
"2023-08-01","2023-08-31","NSW","26-39","Police issued",45,2023,"Police issued",8,"chosen"
"2023-08-01","2023-08-31","NSW","40-64","Police issued",55,2023,"Police issued",8,"chosen"
"2023-08-01","2023-08-31","NSW","65 and over","Police issued",10,2023,"Police issued",8,"chosen"
"2023-08-01","2023-08-31","NSW","17-25","Police issued",6,2023,"Police issued",8,"chosen"
"2023-08-01","2023-08-31","NSW","26-39","Police issued",9,2023,"Police issued",8,"duplicate"
"2023-08-01","2023-08-31","NSW","40-64","Police issued",8,2023,"Police issued",8,"duplicate"
"2023-08-01","2023-08-31","NSW","65 and over","Police issued",2,2023,"Police issued",8,"duplicate"
"2023-08-01","2023-08-31","NSW","17-25","Police issued",10,2023,"Police issued",8,"duplicate"
"2023-08-01","2023-08-31","NSW","26-39","Police issued",9,2023,"Police issued",8,"duplicate"
"2023-08-01","2023-08-31","NSW","40-64","Police issued",15,2023,"Police issued",8,"duplicate"
"2023-08-01","2023-08-31","NSW","65 and over","Police issued",4,2023,"Police issued",8,"duplicate"
"2023-08-01","2023-08-31","NSW","0-16","Police issued",7,2023,"Police issued",8,"chosen"
"2023-08-01","2023-08-31","NSW","17-25","Police issued",1529,2023,"Police issued",8,"duplicate"
"2023-08-01","2023-08-31","NSW","26-39","Police issued",2345,2023,"Police issued",8,"duplicate"
"2023-08-01","2023-08-31","NSW","40-64","Police issued",2341,2023,"Police issued",8,"duplicate"
"2023-08-01","2023-08-31","NSW","65 and over","Police issued",569,2023,"Police issued",8,"duplicate"
"2023-08-01","2023-08-31","NSW","0-16","Police issued",3,2023,"Police issued",8,"duplicate"
"2023-08-01","2023-08-31","NSW","17-25","Police issued",1749,2023,"Police issued",8,"duplicate"
"2023-08-01","2023-08-31","NSW","26-39","Police issued",1974,2023,"Police issued",8,"duplicate"
"2023-08-01","2023-08-31","NSW","40-64","Police issued",1730,2023,"Police issued",8,"duplicate"
"2023-08-01","2023-08-31","NSW","65 and over","Police issued",252,2023,"Police issued",8,"duplicate"
"2023-08-01","2023-08-31","NSW","0-16","Police issued",1,2023,"Police issued",8,"duplicate"
"2023-08-01","2023-08-31","NSW","17-25","Police issued",312,2023,"Police issued",8,"duplicate"
"2023-08-01","2023-08-31","NSW","26-39","Police issued",576,2023,"Police issued",8,"duplicate"
"2023-08-01","2023-08-31","NSW","40-64","Police issued",759,2023,"Police issued",8,"duplicate"
"2023-08-01","2023-08-31","NSW","65 and over","Police issued",197,2023,"Police issued",8,"duplicate"
"2023-08-01","2023-08-31","NSW","17-25","Police issued",21,2023,"Police issued",8,"duplicate"
"2023-08-01","2023-08-31","NSW","Unknown","Red light camera",22829,2023,"Red light camera",8,"unique"
"2023-08-01","2023-08-31","NT","0-16","Mobile camera",4,2023,"Mobile camera",8,"unique"
"2023-08-01","2023-08-31","NT","17-25","Mobile camera",425,2023,"Mobile camera",8,"unique"
"2023-08-01","2023-08-31","NT","26-39","Mobile camera",972,2023,"Mobile camera",8,"unique"
"2023-08-01","2023-08-31","NT","40-64","Mobile camera",1175,2023,"Mobile camera",8,"unique"
"2023-08-01","2023-08-31","NT","65 and over","Mobile camera",327,2023,"Mobile camera",8,"unique"
"2023-08-01","2023-08-31","NT","Unknown","Mobile camera",94,2023,"Mobile camera",8,"unique"
"2023-08-01","2023-08-31","NT","0-16","Police issued",1,2023,"Police issued",8,"unique"
"2023-08-01","2023-08-31","NT","17-25","Police issued",45,2023,"Police issued",8,"unique"
"2023-08-01","2023-08-31","NT","26-39","Police issued",100,2023,"Police issued",8,"unique"
"2023-08-01","2023-08-31","NT","40-64","Police issued",103,2023,"Police issued",8,"unique"
"2023-08-01","2023-08-31","NT","65 and over","Police issued",12,2023,"Police issued",8,"unique"
"2023-08-01","2023-08-31","NT","0-16","Red light camera",1,2023,"Red light camera",8,"unique"
"2023-08-01","2023-08-31","NT","17-25","Red light camera",49,2023,"Red light camera",8,"unique"
"2023-08-01","2023-08-31","NT","26-39","Red light camera",148,2023,"Red light camera",8,"unique"
"2023-08-01","2023-08-31","NT","40-64","Red light camera",245,2023,"Red light camera",8,"unique"
"2023-08-01","2023-08-31","NT","65 and over","Red light camera",40,2023,"Red light camera",8,"unique"
"2023-08-01","2023-08-31","NT","Unknown","Red light camera",13,2023,"Red light camera",8,"unique"
"2023-08-01","2023-08-31","SA","0-16","Fixed camera",0,2023,"Fixed camera",8,"unique"
"2023-08-01","2023-08-31","SA","17-25","Fixed camera",491,2023,"Fixed camera",8,"unique"
"2023-08-01","2023-08-31","SA","26-39","Fixed camera",1155,2023,"Fixed camera",8,"unique"
"2023-08-01","2023-08-31","SA","40-64","Fixed camera",2191,2023,"Fixed camera",8,"unique"
"2023-08-01","2023-08-31","SA","65 and over","Fixed camera",808,2023,"Fixed camera",8,"unique"
"2023-08-01","2023-08-31","SA","Unknown","Fixed camera",171,2023,"Fixed camera",8,"unique"
"2023-08-01","2023-08-31","SA","0-16","Mobile camera",0,2023,"Mobile camera",8,"unique"
"2023-08-01","2023-08-31","SA","17-25","Mobile camera",871,2023,"Mobile camera",8,"unique"
"2023-08-01","2023-08-31","SA","26-39","Mobile camera",2501,2023,"Mobile camera",8,"unique"
"2023-08-01","2023-08-31","SA","40-64","Mobile camera",3960,2023,"Mobile camera",8,"unique"
"2023-08-01","2023-08-31","SA","65 and over","Mobile camera",1099,2023,"Mobile camera",8,"unique"
"2023-08-01","2023-08-31","SA","Unknown","Mobile camera",198,2023,"Mobile camera",8,"unique"
"2023-08-01","2023-08-31","SA","0-16","Other",0,2023,"Other",8,"unique"
"2023-08-01","2023-08-31","SA","17-25","Other",0,2023,"Other",8,"unique"
"2023-08-01","2023-08-31","SA","26-39","Other",0,2023,"Other",8,"unique"
"2023-08-01","2023-08-31","SA","40-64","Other",0,2023,"Other",8,"unique"
"2023-08-01","2023-08-31","SA","65 and over","Other",0,2023,"Other",8,"unique"
"2023-08-01","2023-08-31","SA","Unknown","Other",0,2023,"Other",8,"unique"
"2023-08-01","2023-08-31","SA","0-16","Police issued",0,2023,"Police issued",8,"unique"
"2023-08-01","2023-08-31","SA","17-25","Police issued",719,2023,"Police issued",8,"unique"
"2023-08-01","2023-08-31","SA","26-39","Police issued",1311,2023,"Police issued",8,"unique"
"2023-08-01","2023-08-31","SA","40-64","Police issued",1711,2023,"Police issued",8,"unique"
"2023-08-01","2023-08-31","SA","65 and over","Police issued",456,2023,"Police issued",8,"unique"
"2023-08-01","2023-08-31","SA","Unknown","Police issued",2,2023,"Police issued",8,"unique"
"2023-08-01","2023-08-31","TAS","0-16","Fixed or mobile camera",3,2023,"Camera (fixed/mobile)",8,"unique"
"2023-08-01","2023-08-31","TAS","17-25","Fixed or mobile camera",474,2023,"Camera (fixed/mobile)",8,"unique"
"2023-08-01","2023-08-31","TAS","26-39","Fixed or mobile camera",1128,2023,"Camera (fixed/mobile)",8,"unique"
"2023-08-01","2023-08-31","TAS","40-64","Fixed or mobile camera",1692,2023,"Camera (fixed/mobile)",8,"unique"
"2023-08-01","2023-08-31","TAS","65 and over","Fixed or mobile camera",561,2023,"Camera (fixed/mobile)",8,"unique"
"2023-08-01","2023-08-31","TAS","Unknown","Fixed or mobile camera",1,2023,"Camera (fixed/mobile)",8,"unique"
"2023-08-01","2023-08-31","TAS","17-25","Police issued",294,2023,"Police issued",8,"unique"
"2023-08-01","2023-08-31","TAS","26-39","Police issued",504,2023,"Police issued",8,"unique"
"2023-08-01","2023-08-31","TAS","40-64","Police issued",536,2023,"Police issued",8,"unique"
"2023-08-01","2023-08-31","TAS","65 and over","Police issued",168,2023,"Police issued",8,"unique"
"2023-08-01","2023-08-31","VIC","17-25","Fixed camera",85,2023,"Fixed camera",8,"chosen"
"2023-08-01","2023-08-31","VIC","26-39","Fixed camera",349,2023,"Fixed camera",8,"chosen"
"2023-08-01","2023-08-31","VIC","40-64","Fixed camera",673,2023,"Fixed camera",8,"chosen"
"2023-08-01","2023-08-31","VIC","65 and over","Fixed camera",327,2023,"Fixed camera",8,"chosen"
"2023-08-01","2023-08-31","VIC","Unknown","Fixed camera",514,2023,"Fixed camera",8,"chosen"
"2023-08-01","2023-08-31","VIC","17-25","Fixed camera",3011,2023,"Fixed camera",8,"duplicate"
"2023-08-01","2023-08-31","VIC","26-39","Fixed camera",10596,2023,"Fixed camera",8,"duplicate"
"2023-08-01","2023-08-31","VIC","40-64","Fixed camera",17654,2023,"Fixed camera",8,"duplicate"
"2023-08-01","2023-08-31","VIC","65 and over","Fixed camera",4860,2023,"Fixed camera",8,"duplicate"
"2023-08-01","2023-08-31","VIC","Unknown","Fixed camera",11578,2023,"Fixed camera",8,"duplicate"
"2023-08-01","2023-08-31","VIC","17-25","Fixed camera",2,2023,"Fixed camera",8,"duplicate"
"2023-08-01","2023-08-31","VIC","26-39","Fixed camera",12,2023,"Fixed camera",8,"duplicate"
"2023-08-01","2023-08-31","VIC","40-64","Fixed camera",14,2023,"Fixed camera",8,"duplicate"
"2023-08-01","2023-08-31","VIC","65 and over","Fixed camera",8,2023,"Fixed camera",8,"duplicate"
"2023-08-01","2023-08-31","VIC","Unknown","Fixed camera",6,2023,"Fixed camera",8,"duplicate"
"2023-08-01","2023-08-31","VIC","17-25","Fixed camera",52,2023,"Fixed camera",8,"duplicate"
"2023-08-01","2023-08-31","VIC","26-39","Fixed camera",142,2023,"Fixed camera",8,"duplicate"
"2023-08-01","2023-08-31","VIC","40-64","Fixed camera",259,2023,"Fixed camera",8,"duplicate"
"2023-08-01","2023-08-31","VIC","65 and over","Fixed camera",70,2023,"Fixed camera",8,"duplicate"
"2023-08-01","2023-08-31","VIC","Unknown","Fixed camera",186,2023,"Fixed camera",8,"duplicate"
"2023-08-01","2023-08-31","VIC","17-25","Mobile camera",529,2023,"Mobile camera",8,"chosen"
"2023-08-01","2023-08-31","VIC","26-39","Mobile camera",1752,2023,"Mobile camera",8,"chosen"
"2023-08-01","2023-08-31","VIC","40-64","Mobile camera",2695,2023,"Mobile camera",8,"chosen"
"2023-08-01","2023-08-31","VIC","65 and over","Mobile camera",1056,2023,"Mobile camera",8,"chosen"
"2023-08-01","2023-08-31","VIC","Unknown","Mobile camera",1555,2023,"Mobile camera",8,"chosen"
"2023-08-01","2023-08-31","VIC","17-25","Mobile camera",2190,2023,"Mobile camera",8,"duplicate"
"2023-08-01","2023-08-31","VIC","26-39","Mobile camera",8854,2023,"Mobile camera",8,"duplicate"
"2023-08-01","2023-08-31","VIC","40-64","Mobile camera",14350,2023,"Mobile camera",8,"duplicate"
"2023-08-01","2023-08-31","VIC","65 and over","Mobile camera",3777,2023,"Mobile camera",8,"duplicate"
"2023-08-01","2023-08-31","VIC","Unknown","Mobile camera",7057,2023,"Mobile camera",8,"duplicate"
"2023-08-01","2023-08-31","VIC","17-25","Mobile camera",101,2023,"Mobile camera",8,"duplicate"
"2023-08-01","2023-08-31","VIC","26-39","Mobile camera",293,2023,"Mobile camera",8,"duplicate"
"2023-08-01","2023-08-31","VIC","40-64","Mobile camera",490,2023,"Mobile camera",8,"duplicate"
"2023-08-01","2023-08-31","VIC","65 and over","Mobile camera",218,2023,"Mobile camera",8,"duplicate"
"2023-08-01","2023-08-31","VIC","Unknown","Mobile camera",302,2023,"Mobile camera",8,"duplicate"
"2023-08-01","2023-08-31","VIC","17-25","Mobile camera",84,2023,"Mobile camera",8,"duplicate"
"2023-08-01","2023-08-31","VIC","26-39","Mobile camera",221,2023,"Mobile camera",8,"duplicate"
"2023-08-01","2023-08-31","VIC","40-64","Mobile camera",365,2023,"Mobile camera",8,"duplicate"
"2023-08-01","2023-08-31","VIC","65 and over","Mobile camera",146,2023,"Mobile camera",8,"duplicate"
"2023-08-01","2023-08-31","VIC","Unknown","Mobile camera",166,2023,"Mobile camera",8,"duplicate"
"2023-08-01","2023-08-31","VIC","17-25","Police issued",706,2023,"Police issued",8,"chosen"
"2023-08-01","2023-08-31","VIC","26-39","Police issued",1515,2023,"Police issued",8,"chosen"
"2023-08-01","2023-08-31","VIC","40-64","Police issued",1943,2023,"Police issued",8,"chosen"
"2023-08-01","2023-08-31","VIC","65 and over","Police issued",539,2023,"Police issued",8,"chosen"
"2023-08-01","2023-08-31","VIC","Unknown","Police issued",1,2023,"Police issued",8,"chosen"
"2023-08-01","2023-08-31","VIC","17-25","Police issued",1061,2023,"Police issued",8,"duplicate"
"2023-08-01","2023-08-31","VIC","26-39","Police issued",2022,2023,"Police issued",8,"duplicate"
"2023-08-01","2023-08-31","VIC","40-64","Police issued",2386,2023,"Police issued",8,"duplicate"
"2023-08-01","2023-08-31","VIC","65 and over","Police issued",461,2023,"Police issued",8,"duplicate"
"2023-08-01","2023-08-31","VIC","Unknown","Police issued",4,2023,"Police issued",8,"duplicate"
"2023-08-01","2023-08-31","VIC","0-16","Police issued",1,2023,"Police issued",8,"unique"
"2023-08-01","2023-08-31","VIC","17-25","Police issued",161,2023,"Police issued",8,"duplicate"
"2023-08-01","2023-08-31","VIC","26-39","Police issued",301,2023,"Police issued",8,"duplicate"
"2023-08-01","2023-08-31","VIC","40-64","Police issued",380,2023,"Police issued",8,"duplicate"
"2023-08-01","2023-08-31","VIC","65 and over","Police issued",88,2023,"Police issued",8,"duplicate"
"2023-08-01","2023-08-31","VIC","Unknown","Police issued",1,2023,"Police issued",8,"duplicate"
"2023-08-01","2023-08-31","VIC","17-25","Police issued",3,2023,"Police issued",8,"duplicate"
"2023-08-01","2023-08-31","VIC","26-39","Police issued",1,2023,"Police issued",8,"duplicate"
"2023-08-01","2023-08-31","VIC","40-64","Police issued",12,2023,"Police issued",8,"duplicate"
"2023-08-01","2023-08-31","VIC","65 and over","Police issued",11,2023,"Police issued",8,"duplicate"
"2023-08-01","2023-08-31","VIC","17-25","Police issued",33,2023,"Police issued",8,"duplicate"
"2023-08-01","2023-08-31","VIC","26-39","Police issued",65,2023,"Police issued",8,"duplicate"
"2023-08-01","2023-08-31","VIC","40-64","Police issued",99,2023,"Police issued",8,"duplicate"
"2023-08-01","2023-08-31","VIC","65 and over","Police issued",26,2023,"Police issued",8,"duplicate"
"2023-08-01","2023-08-31","WA","17-25","Average speed camera",243,2023,"Average speed camera",8,"unique"
"2023-08-01","2023-08-31","WA","26-39","Average speed camera",581,2023,"Average speed camera",8,"unique"
"2023-08-01","2023-08-31","WA","40-64","Average speed camera",623,2023,"Average speed camera",8,"unique"
"2023-08-01","2023-08-31","WA","65 and over","Average speed camera",97,2023,"Average speed camera",8,"unique"
"2023-08-01","2023-08-31","WA","Unknown","Average speed camera",1,2023,"Average speed camera",8,"unique"
"2023-08-01","2023-08-31","WA","0-16","Fixed camera",2,2023,"Fixed camera",8,"unique"
"2023-08-01","2023-08-31","WA","17-25","Fixed camera",1055,2023,"Fixed camera",8,"unique"
"2023-08-01","2023-08-31","WA","26-39","Fixed camera",2970,2023,"Fixed camera",8,"unique"
"2023-08-01","2023-08-31","WA","40-64","Fixed camera",4809,2023,"Fixed camera",8,"unique"
"2023-08-01","2023-08-31","WA","65 and over","Fixed camera",1191,2023,"Fixed camera",8,"unique"
"2023-08-01","2023-08-31","WA","Unknown","Fixed camera",4,2023,"Fixed camera",8,"unique"
"2023-08-01","2023-08-31","WA","0-16","Mobile camera",1,2023,"Mobile camera",8,"unique"
"2023-08-01","2023-08-31","WA","17-25","Mobile camera",5751,2023,"Mobile camera",8,"unique"
"2023-08-01","2023-08-31","WA","26-39","Mobile camera",13870,2023,"Mobile camera",8,"unique"
"2023-08-01","2023-08-31","WA","40-64","Mobile camera",19806,2023,"Mobile camera",8,"unique"
"2023-08-01","2023-08-31","WA","65 and over","Mobile camera",4523,2023,"Mobile camera",8,"unique"
"2023-08-01","2023-08-31","WA","Unknown","Mobile camera",12,2023,"Mobile camera",8,"unique"
"2023-08-01","2023-08-31","WA","17-25","Police issued",848,2023,"Police issued",8,"unique"
"2023-08-01","2023-08-31","WA","26-39","Police issued",1591,2023,"Police issued",8,"unique"
"2023-08-01","2023-08-31","WA","40-64","Police issued",1909,2023,"Police issued",8,"unique"
"2023-08-01","2023-08-31","WA","65 and over","Police issued",360,2023,"Police issued",8,"unique"
"2023-08-01","2023-08-31","WA","Unknown","Police issued",2,2023,"Police issued",8,"unique"
"2023-08-01","2023-08-31","WA","0-16","Red light camera",1,2023,"Red light camera",8,"unique"
"2023-08-01","2023-08-31","WA","17-25","Red light camera",963,2023,"Red light camera",8,"unique"
"2023-08-01","2023-08-31","WA","26-39","Red light camera",3479,2023,"Red light camera",8,"unique"
"2023-08-01","2023-08-31","WA","40-64","Red light camera",7557,2023,"Red light camera",8,"unique"
"2023-08-01","2023-08-31","WA","65 and over","Red light camera",2251,2023,"Red light camera",8,"unique"
"2023-08-01","2023-08-31","WA","Unknown","Red light camera",5,2023,"Red light camera",8,"unique"
"2023-08-01","2023-08-31","WA","0-16","Unknown",0,2023,"Unknown",8,"unique"
"2023-08-01","2023-08-31","WA","17-25","Unknown",0,2023,"Unknown",8,"unique"
"2023-08-01","2023-08-31","WA","26-39","Unknown",0,2023,"Unknown",8,"unique"
"2023-08-01","2023-08-31","WA","40-64","Unknown",0,2023,"Unknown",8,"unique"
"2023-08-01","2023-08-31","WA","65 and over","Unknown",0,2023,"Unknown",8,"unique"
"2023-09-01","2023-09-30","ACT","0-16","Fixed camera",2,2023,"Fixed camera",9,"unique"
"2023-09-01","2023-09-30","ACT","17-25","Fixed camera",462,2023,"Fixed camera",9,"unique"
"2023-09-01","2023-09-30","ACT","26-39","Fixed camera",1090,2023,"Fixed camera",9,"unique"
"2023-09-01","2023-09-30","ACT","40-64","Fixed camera",1863,2023,"Fixed camera",9,"unique"
"2023-09-01","2023-09-30","ACT","65 and over","Fixed camera",570,2023,"Fixed camera",9,"unique"
"2023-09-01","2023-09-30","ACT","Unknown","Fixed camera",81,2023,"Fixed camera",9,"unique"
"2023-09-01","2023-09-30","ACT","0-16","Mobile camera",1,2023,"Mobile camera",9,"unique"
"2023-09-01","2023-09-30","ACT","17-25","Mobile camera",207,2023,"Mobile camera",9,"unique"
"2023-09-01","2023-09-30","ACT","26-39","Mobile camera",426,2023,"Mobile camera",9,"unique"
"2023-09-01","2023-09-30","ACT","40-64","Mobile camera",618,2023,"Mobile camera",9,"unique"
"2023-09-01","2023-09-30","ACT","65 and over","Mobile camera",214,2023,"Mobile camera",9,"unique"
"2023-09-01","2023-09-30","ACT","Unknown","Mobile camera",20,2023,"Mobile camera",9,"unique"
"2023-09-01","2023-09-30","ACT","0-16","Police issued",3,2023,"Police issued",9,"unique"
"2023-09-01","2023-09-30","ACT","17-25","Police issued",70,2023,"Police issued",9,"unique"
"2023-09-01","2023-09-30","ACT","26-39","Police issued",75,2023,"Police issued",9,"unique"
"2023-09-01","2023-09-30","ACT","40-64","Police issued",60,2023,"Police issued",9,"unique"
"2023-09-01","2023-09-30","ACT","65 and over","Police issued",7,2023,"Police issued",9,"unique"
"2023-09-01","2023-09-30","NSW","Unknown","Fixed camera",35372,2023,"Fixed camera",9,"unique"
"2023-09-01","2023-09-30","NSW","Unknown","Mobile camera",3518,2023,"Mobile camera",9,"unique"
"2023-09-01","2023-09-30","NSW","0-16","Police issued",2,2023,"Police issued",9,"chosen"
"2023-09-01","2023-09-30","NSW","17-25","Police issued",1556,2023,"Police issued",9,"chosen"
"2023-09-01","2023-09-30","NSW","26-39","Police issued",2448,2023,"Police issued",9,"chosen"
"2023-09-01","2023-09-30","NSW","40-64","Police issued",2485,2023,"Police issued",9,"chosen"
"2023-09-01","2023-09-30","NSW","65 and over","Police issued",544,2023,"Police issued",9,"chosen"
"2023-09-01","2023-09-30","NSW","0-16","Police issued",3,2023,"Police issued",9,"duplicate"
"2023-09-01","2023-09-30","NSW","17-25","Police issued",1979,2023,"Police issued",9,"duplicate"
"2023-09-01","2023-09-30","NSW","26-39","Police issued",2153,2023,"Police issued",9,"duplicate"
"2023-09-01","2023-09-30","NSW","40-64","Police issued",1812,2023,"Police issued",9,"duplicate"
"2023-09-01","2023-09-30","NSW","65 and over","Police issued",249,2023,"Police issued",9,"duplicate"
"2023-09-01","2023-09-30","NSW","17-25","Police issued",381,2023,"Police issued",9,"duplicate"
"2023-09-01","2023-09-30","NSW","26-39","Police issued",692,2023,"Police issued",9,"duplicate"
"2023-09-01","2023-09-30","NSW","40-64","Police issued",812,2023,"Police issued",9,"duplicate"
"2023-09-01","2023-09-30","NSW","65 and over","Police issued",229,2023,"Police issued",9,"duplicate"
"2023-09-01","2023-09-30","NSW","17-25","Police issued",24,2023,"Police issued",9,"duplicate"
"2023-09-01","2023-09-30","NSW","26-39","Police issued",69,2023,"Police issued",9,"duplicate"
"2023-09-01","2023-09-30","NSW","40-64","Police issued",73,2023,"Police issued",9,"duplicate"
"2023-09-01","2023-09-30","NSW","65 and over","Police issued",18,2023,"Police issued",9,"duplicate"
"2023-09-01","2023-09-30","NSW","17-25","Police issued",11,2023,"Police issued",9,"duplicate"
"2023-09-01","2023-09-30","NSW","26-39","Police issued",5,2023,"Police issued",9,"duplicate"
"2023-09-01","2023-09-30","NSW","40-64","Police issued",7,2023,"Police issued",9,"duplicate"
"2023-09-01","2023-09-30","NSW","0-16","Police issued",1,2023,"Police issued",9,"duplicate"
"2023-09-01","2023-09-30","NSW","17-25","Police issued",6,2023,"Police issued",9,"duplicate"
"2023-09-01","2023-09-30","NSW","26-39","Police issued",12,2023,"Police issued",9,"duplicate"
"2023-09-01","2023-09-30","NSW","40-64","Police issued",12,2023,"Police issued",9,"duplicate"
"2023-09-01","2023-09-30","NSW","65 and over","Police issued",3,2023,"Police issued",9,"duplicate"
"2023-09-01","2023-09-30","NSW","Unknown","Red light camera",21650,2023,"Red light camera",9,"unique"
"2023-09-01","2023-09-30","NT","0-16","Mobile camera",3,2023,"Mobile camera",9,"unique"
"2023-09-01","2023-09-30","NT","17-25","Mobile camera",411,2023,"Mobile camera",9,"unique"
"2023-09-01","2023-09-30","NT","26-39","Mobile camera",1077,2023,"Mobile camera",9,"unique"
"2023-09-01","2023-09-30","NT","40-64","Mobile camera",1344,2023,"Mobile camera",9,"unique"
"2023-09-01","2023-09-30","NT","65 and over","Mobile camera",334,2023,"Mobile camera",9,"unique"
"2023-09-01","2023-09-30","NT","Unknown","Mobile camera",160,2023,"Mobile camera",9,"unique"
"2023-09-01","2023-09-30","NT","0-16","Police issued",1,2023,"Police issued",9,"unique"
"2023-09-01","2023-09-30","NT","17-25","Police issued",73,2023,"Police issued",9,"unique"
"2023-09-01","2023-09-30","NT","26-39","Police issued",114,2023,"Police issued",9,"unique"
"2023-09-01","2023-09-30","NT","40-64","Police issued",102,2023,"Police issued",9,"unique"
"2023-09-01","2023-09-30","NT","65 and over","Police issued",19,2023,"Police issued",9,"unique"
"2023-09-01","2023-09-30","NT","17-25","Red light camera",28,2023,"Red light camera",9,"unique"
"2023-09-01","2023-09-30","NT","26-39","Red light camera",49,2023,"Red light camera",9,"unique"
"2023-09-01","2023-09-30","NT","40-64","Red light camera",98,2023,"Red light camera",9,"unique"
"2023-09-01","2023-09-30","NT","65 and over","Red light camera",22,2023,"Red light camera",9,"unique"
"2023-09-01","2023-09-30","NT","Unknown","Red light camera",5,2023,"Red light camera",9,"unique"
"2023-09-01","2023-09-30","SA","0-16","Fixed camera",0,2023,"Fixed camera",9,"unique"
"2023-09-01","2023-09-30","SA","17-25","Fixed camera",476,2023,"Fixed camera",9,"unique"
"2023-09-01","2023-09-30","SA","26-39","Fixed camera",1140,2023,"Fixed camera",9,"unique"
"2023-09-01","2023-09-30","SA","40-64","Fixed camera",2030,2023,"Fixed camera",9,"unique"
"2023-09-01","2023-09-30","SA","65 and over","Fixed camera",822,2023,"Fixed camera",9,"unique"
"2023-09-01","2023-09-30","SA","Unknown","Fixed camera",150,2023,"Fixed camera",9,"unique"
"2023-09-01","2023-09-30","SA","0-16","Mobile camera",0,2023,"Mobile camera",9,"unique"
"2023-09-01","2023-09-30","SA","17-25","Mobile camera",860,2023,"Mobile camera",9,"unique"
"2023-09-01","2023-09-30","SA","26-39","Mobile camera",2305,2023,"Mobile camera",9,"unique"
"2023-09-01","2023-09-30","SA","40-64","Mobile camera",3651,2023,"Mobile camera",9,"unique"
"2023-09-01","2023-09-30","SA","65 and over","Mobile camera",1052,2023,"Mobile camera",9,"unique"
"2023-09-01","2023-09-30","SA","Unknown","Mobile camera",185,2023,"Mobile camera",9,"unique"
"2023-09-01","2023-09-30","SA","0-16","Other",0,2023,"Other",9,"unique"
"2023-09-01","2023-09-30","SA","17-25","Other",0,2023,"Other",9,"unique"
"2023-09-01","2023-09-30","SA","26-39","Other",0,2023,"Other",9,"unique"
"2023-09-01","2023-09-30","SA","40-64","Other",0,2023,"Other",9,"unique"
"2023-09-01","2023-09-30","SA","65 and over","Other",0,2023,"Other",9,"unique"
"2023-09-01","2023-09-30","SA","Unknown","Other",0,2023,"Other",9,"unique"
"2023-09-01","2023-09-30","SA","0-16","Police issued",0,2023,"Police issued",9,"unique"
"2023-09-01","2023-09-30","SA","17-25","Police issued",755,2023,"Police issued",9,"unique"
"2023-09-01","2023-09-30","SA","26-39","Police issued",1380,2023,"Police issued",9,"unique"
"2023-09-01","2023-09-30","SA","40-64","Police issued",1717,2023,"Police issued",9,"unique"
"2023-09-01","2023-09-30","SA","65 and over","Police issued",465,2023,"Police issued",9,"unique"
"2023-09-01","2023-09-30","SA","Unknown","Police issued",6,2023,"Police issued",9,"unique"
"2023-09-01","2023-09-30","TAS","0-16","Fixed or mobile camera",3,2023,"Camera (fixed/mobile)",9,"unique"
"2023-09-01","2023-09-30","TAS","17-25","Fixed or mobile camera",371,2023,"Camera (fixed/mobile)",9,"unique"
"2023-09-01","2023-09-30","TAS","26-39","Fixed or mobile camera",854,2023,"Camera (fixed/mobile)",9,"unique"
"2023-09-01","2023-09-30","TAS","40-64","Fixed or mobile camera",1180,2023,"Camera (fixed/mobile)",9,"unique"
"2023-09-01","2023-09-30","TAS","65 and over","Fixed or mobile camera",393,2023,"Camera (fixed/mobile)",9,"unique"
"2023-09-01","2023-09-30","TAS","0-16","Police issued",0,2023,"Police issued",9,"unique"
"2023-09-01","2023-09-30","TAS","17-25","Police issued",384,2023,"Police issued",9,"unique"
"2023-09-01","2023-09-30","TAS","26-39","Police issued",580,2023,"Police issued",9,"unique"
"2023-09-01","2023-09-30","TAS","40-64","Police issued",675,2023,"Police issued",9,"unique"
"2023-09-01","2023-09-30","TAS","65 and over","Police issued",181,2023,"Police issued",9,"unique"
"2023-09-01","2023-09-30","TAS","Unknown","Police issued",1,2023,"Police issued",9,"unique"
"2023-09-01","2023-09-30","VIC","17-25","Fixed camera",132,2023,"Fixed camera",9,"chosen"
"2023-09-01","2023-09-30","VIC","26-39","Fixed camera",528,2023,"Fixed camera",9,"chosen"
"2023-09-01","2023-09-30","VIC","40-64","Fixed camera",904,2023,"Fixed camera",9,"chosen"
"2023-09-01","2023-09-30","VIC","65 and over","Fixed camera",432,2023,"Fixed camera",9,"chosen"
"2023-09-01","2023-09-30","VIC","Unknown","Fixed camera",621,2023,"Fixed camera",9,"chosen"
"2023-09-01","2023-09-30","VIC","17-25","Fixed camera",2842,2023,"Fixed camera",9,"duplicate"
"2023-09-01","2023-09-30","VIC","26-39","Fixed camera",10154,2023,"Fixed camera",9,"duplicate"
"2023-09-01","2023-09-30","VIC","40-64","Fixed camera",17210,2023,"Fixed camera",9,"duplicate"
"2023-09-01","2023-09-30","VIC","65 and over","Fixed camera",4889,2023,"Fixed camera",9,"duplicate"
"2023-09-01","2023-09-30","VIC","Unknown","Fixed camera",11040,2023,"Fixed camera",9,"duplicate"
"2023-09-01","2023-09-30","VIC","17-25","Fixed camera",4,2023,"Fixed camera",9,"duplicate"
"2023-09-01","2023-09-30","VIC","26-39","Fixed camera",6,2023,"Fixed camera",9,"duplicate"
"2023-09-01","2023-09-30","VIC","40-64","Fixed camera",14,2023,"Fixed camera",9,"duplicate"
"2023-09-01","2023-09-30","VIC","65 and over","Fixed camera",6,2023,"Fixed camera",9,"duplicate"
"2023-09-01","2023-09-30","VIC","Unknown","Fixed camera",11,2023,"Fixed camera",9,"duplicate"
"2023-09-01","2023-09-30","VIC","17-25","Fixed camera",61,2023,"Fixed camera",9,"duplicate"
"2023-09-01","2023-09-30","VIC","26-39","Fixed camera",197,2023,"Fixed camera",9,"duplicate"
"2023-09-01","2023-09-30","VIC","40-64","Fixed camera",315,2023,"Fixed camera",9,"duplicate"
"2023-09-01","2023-09-30","VIC","65 and over","Fixed camera",99,2023,"Fixed camera",9,"duplicate"
"2023-09-01","2023-09-30","VIC","Unknown","Fixed camera",208,2023,"Fixed camera",9,"duplicate"
"2023-09-01","2023-09-30","VIC","17-25","Mobile camera",635,2023,"Mobile camera",9,"chosen"
"2023-09-01","2023-09-30","VIC","26-39","Mobile camera",2071,2023,"Mobile camera",9,"chosen"
"2023-09-01","2023-09-30","VIC","40-64","Mobile camera",3351,2023,"Mobile camera",9,"chosen"
"2023-09-01","2023-09-30","VIC","65 and over","Mobile camera",1202,2023,"Mobile camera",9,"chosen"
"2023-09-01","2023-09-30","VIC","Unknown","Mobile camera",1723,2023,"Mobile camera",9,"chosen"
"2023-09-01","2023-09-30","VIC","17-25","Mobile camera",2289,2023,"Mobile camera",9,"duplicate"
"2023-09-01","2023-09-30","VIC","26-39","Mobile camera",8754,2023,"Mobile camera",9,"duplicate"
"2023-09-01","2023-09-30","VIC","40-64","Mobile camera",13235,2023,"Mobile camera",9,"duplicate"
"2023-09-01","2023-09-30","VIC","65 and over","Mobile camera",3723,2023,"Mobile camera",9,"duplicate"
"2023-09-01","2023-09-30","VIC","Unknown","Mobile camera",6547,2023,"Mobile camera",9,"duplicate"
"2023-09-01","2023-09-30","VIC","17-25","Mobile camera",100,2023,"Mobile camera",9,"duplicate"
"2023-09-01","2023-09-30","VIC","26-39","Mobile camera",400,2023,"Mobile camera",9,"duplicate"
"2023-09-01","2023-09-30","VIC","40-64","Mobile camera",618,2023,"Mobile camera",9,"duplicate"
"2023-09-01","2023-09-30","VIC","65 and over","Mobile camera",269,2023,"Mobile camera",9,"duplicate"
"2023-09-01","2023-09-30","VIC","Unknown","Mobile camera",376,2023,"Mobile camera",9,"duplicate"
"2023-09-01","2023-09-30","VIC","Unknown","Mobile camera",1,2023,"Mobile camera",9,"duplicate"
"2023-09-01","2023-09-30","VIC","17-25","Mobile camera",73,2023,"Mobile camera",9,"duplicate"
"2023-09-01","2023-09-30","VIC","26-39","Mobile camera",266,2023,"Mobile camera",9,"duplicate"
"2023-09-01","2023-09-30","VIC","40-64","Mobile camera",417,2023,"Mobile camera",9,"duplicate"
"2023-09-01","2023-09-30","VIC","65 and over","Mobile camera",136,2023,"Mobile camera",9,"duplicate"
"2023-09-01","2023-09-30","VIC","Unknown","Mobile camera",191,2023,"Mobile camera",9,"duplicate"
"2023-09-01","2023-09-30","VIC","0-16","Police issued",1,2023,"Police issued",9,"unique"
"2023-09-01","2023-09-30","VIC","17-25","Police issued",712,2023,"Police issued",9,"chosen"
"2023-09-01","2023-09-30","VIC","26-39","Police issued",1386,2023,"Police issued",9,"chosen"
"2023-09-01","2023-09-30","VIC","40-64","Police issued",1764,2023,"Police issued",9,"chosen"
"2023-09-01","2023-09-30","VIC","65 and over","Police issued",428,2023,"Police issued",9,"chosen"
"2023-09-01","2023-09-30","VIC","Unknown","Police issued",4,2023,"Police issued",9,"chosen"
"2023-09-01","2023-09-30","VIC","17-25","Police issued",1012,2023,"Police issued",9,"duplicate"
"2023-09-01","2023-09-30","VIC","26-39","Police issued",1889,2023,"Police issued",9,"duplicate"
"2023-09-01","2023-09-30","VIC","40-64","Police issued",2112,2023,"Police issued",9,"duplicate"
"2023-09-01","2023-09-30","VIC","65 and over","Police issued",351,2023,"Police issued",9,"duplicate"
"2023-09-01","2023-09-30","VIC","Unknown","Police issued",1,2023,"Police issued",9,"duplicate"
"2023-09-01","2023-09-30","VIC","17-25","Police issued",124,2023,"Police issued",9,"duplicate"
"2023-09-01","2023-09-30","VIC","26-39","Police issued",280,2023,"Police issued",9,"duplicate"
"2023-09-01","2023-09-30","VIC","40-64","Police issued",325,2023,"Police issued",9,"duplicate"
"2023-09-01","2023-09-30","VIC","65 and over","Police issued",65,2023,"Police issued",9,"duplicate"
"2023-09-01","2023-09-30","VIC","17-25","Police issued",2,2023,"Police issued",9,"duplicate"
"2023-09-01","2023-09-30","VIC","26-39","Police issued",11,2023,"Police issued",9,"duplicate"
"2023-09-01","2023-09-30","VIC","40-64","Police issued",12,2023,"Police issued",9,"duplicate"
"2023-09-01","2023-09-30","VIC","65 and over","Police issued",4,2023,"Police issued",9,"duplicate"
"2023-09-01","2023-09-30","VIC","17-25","Police issued",25,2023,"Police issued",9,"duplicate"
"2023-09-01","2023-09-30","VIC","26-39","Police issued",60,2023,"Police issued",9,"duplicate"
"2023-09-01","2023-09-30","VIC","40-64","Police issued",82,2023,"Police issued",9,"duplicate"
"2023-09-01","2023-09-30","VIC","65 and over","Police issued",16,2023,"Police issued",9,"duplicate"
"2023-09-01","2023-09-30","WA","17-25","Average speed camera",159,2023,"Average speed camera",9,"unique"
"2023-09-01","2023-09-30","WA","26-39","Average speed camera",385,2023,"Average speed camera",9,"unique"
"2023-09-01","2023-09-30","WA","40-64","Average speed camera",418,2023,"Average speed camera",9,"unique"
"2023-09-01","2023-09-30","WA","65 and over","Average speed camera",90,2023,"Average speed camera",9,"unique"
"2023-09-01","2023-09-30","WA","Unknown","Average speed camera",1,2023,"Average speed camera",9,"unique"
"2023-09-01","2023-09-30","WA","17-25","Fixed camera",802,2023,"Fixed camera",9,"unique"
"2023-09-01","2023-09-30","WA","26-39","Fixed camera",2514,2023,"Fixed camera",9,"unique"
"2023-09-01","2023-09-30","WA","40-64","Fixed camera",3824,2023,"Fixed camera",9,"unique"
"2023-09-01","2023-09-30","WA","65 and over","Fixed camera",940,2023,"Fixed camera",9,"unique"
"2023-09-01","2023-09-30","WA","Unknown","Fixed camera",2,2023,"Fixed camera",9,"unique"
"2023-09-01","2023-09-30","WA","0-16","Mobile camera",2,2023,"Mobile camera",9,"unique"
"2023-09-01","2023-09-30","WA","17-25","Mobile camera",6221,2023,"Mobile camera",9,"unique"
"2023-09-01","2023-09-30","WA","26-39","Mobile camera",14314,2023,"Mobile camera",9,"unique"
"2023-09-01","2023-09-30","WA","40-64","Mobile camera",19385,2023,"Mobile camera",9,"unique"
"2023-09-01","2023-09-30","WA","65 and over","Mobile camera",4267,2023,"Mobile camera",9,"unique"
"2023-09-01","2023-09-30","WA","Unknown","Mobile camera",11,2023,"Mobile camera",9,"unique"
"2023-09-01","2023-09-30","WA","17-25","Police issued",765,2023,"Police issued",9,"unique"
"2023-09-01","2023-09-30","WA","26-39","Police issued",1234,2023,"Police issued",9,"unique"
"2023-09-01","2023-09-30","WA","40-64","Police issued",1541,2023,"Police issued",9,"unique"
"2023-09-01","2023-09-30","WA","65 and over","Police issued",295,2023,"Police issued",9,"unique"
"2023-09-01","2023-09-30","WA","0-16","Red light camera",1,2023,"Red light camera",9,"unique"
"2023-09-01","2023-09-30","WA","17-25","Red light camera",1069,2023,"Red light camera",9,"unique"
"2023-09-01","2023-09-30","WA","26-39","Red light camera",3557,2023,"Red light camera",9,"unique"
"2023-09-01","2023-09-30","WA","40-64","Red light camera",7520,2023,"Red light camera",9,"unique"
"2023-09-01","2023-09-30","WA","65 and over","Red light camera",2202,2023,"Red light camera",9,"unique"
"2023-09-01","2023-09-30","WA","Unknown","Red light camera",4,2023,"Red light camera",9,"unique"
"2023-09-01","2023-09-30","WA","0-16","Unknown",0,2023,"Unknown",9,"unique"
"2023-09-01","2023-09-30","WA","17-25","Unknown",0,2023,"Unknown",9,"unique"
"2023-09-01","2023-09-30","WA","26-39","Unknown",0,2023,"Unknown",9,"unique"
"2023-09-01","2023-09-30","WA","40-64","Unknown",0,2023,"Unknown",9,"unique"
"2023-09-01","2023-09-30","WA","65 and over","Unknown",0,2023,"Unknown",9,"unique"
"2023-10-01","2023-10-31","ACT","0-16","Fixed camera",1,2023,"Fixed camera",10,"unique"
"2023-10-01","2023-10-31","ACT","17-25","Fixed camera",491,2023,"Fixed camera",10,"unique"
"2023-10-01","2023-10-31","ACT","26-39","Fixed camera",1102,2023,"Fixed camera",10,"unique"
"2023-10-01","2023-10-31","ACT","40-64","Fixed camera",1809,2023,"Fixed camera",10,"unique"
"2023-10-01","2023-10-31","ACT","65 and over","Fixed camera",615,2023,"Fixed camera",10,"unique"
"2023-10-01","2023-10-31","ACT","Unknown","Fixed camera",68,2023,"Fixed camera",10,"unique"
"2023-10-01","2023-10-31","ACT","0-16","Mobile camera",2,2023,"Mobile camera",10,"unique"
"2023-10-01","2023-10-31","ACT","17-25","Mobile camera",224,2023,"Mobile camera",10,"unique"
"2023-10-01","2023-10-31","ACT","26-39","Mobile camera",507,2023,"Mobile camera",10,"unique"
"2023-10-01","2023-10-31","ACT","40-64","Mobile camera",618,2023,"Mobile camera",10,"unique"
"2023-10-01","2023-10-31","ACT","65 and over","Mobile camera",242,2023,"Mobile camera",10,"unique"
"2023-10-01","2023-10-31","ACT","Unknown","Mobile camera",30,2023,"Mobile camera",10,"unique"
"2023-10-01","2023-10-31","ACT","0-16","Police issued",1,2023,"Police issued",10,"unique"
"2023-10-01","2023-10-31","ACT","17-25","Police issued",38,2023,"Police issued",10,"unique"
"2023-10-01","2023-10-31","ACT","26-39","Police issued",57,2023,"Police issued",10,"unique"
"2023-10-01","2023-10-31","ACT","40-64","Police issued",44,2023,"Police issued",10,"unique"
"2023-10-01","2023-10-31","ACT","65 and over","Police issued",2,2023,"Police issued",10,"unique"
"2023-10-01","2023-10-31","NSW","Unknown","Fixed camera",36067,2023,"Fixed camera",10,"unique"
"2023-10-01","2023-10-31","NSW","Unknown","Mobile camera",3340,2023,"Mobile camera",10,"unique"
"2023-10-01","2023-10-31","NSW","0-16","Police issued",7,2023,"Police issued",10,"chosen"
"2023-10-01","2023-10-31","NSW","17-25","Police issued",1468,2023,"Police issued",10,"chosen"
"2023-10-01","2023-10-31","NSW","26-39","Police issued",2247,2023,"Police issued",10,"chosen"
"2023-10-01","2023-10-31","NSW","40-64","Police issued",2433,2023,"Police issued",10,"chosen"
"2023-10-01","2023-10-31","NSW","65 and over","Police issued",572,2023,"Police issued",10,"chosen"
"2023-10-01","2023-10-31","NSW","0-16","Police issued",5,2023,"Police issued",10,"duplicate"
"2023-10-01","2023-10-31","NSW","17-25","Police issued",1776,2023,"Police issued",10,"duplicate"
"2023-10-01","2023-10-31","NSW","26-39","Police issued",1994,2023,"Police issued",10,"duplicate"
"2023-10-01","2023-10-31","NSW","40-64","Police issued",1752,2023,"Police issued",10,"duplicate"
"2023-10-01","2023-10-31","NSW","65 and over","Police issued",231,2023,"Police issued",10,"duplicate"
"2023-10-01","2023-10-31","NSW","0-16","Police issued",1,2023,"Police issued",10,"duplicate"
"2023-10-01","2023-10-31","NSW","17-25","Police issued",381,2023,"Police issued",10,"duplicate"
"2023-10-01","2023-10-31","NSW","26-39","Police issued",657,2023,"Police issued",10,"duplicate"
"2023-10-01","2023-10-31","NSW","40-64","Police issued",779,2023,"Police issued",10,"duplicate"
"2023-10-01","2023-10-31","NSW","65 and over","Police issued",227,2023,"Police issued",10,"duplicate"
"2023-10-01","2023-10-31","NSW","17-25","Police issued",14,2023,"Police issued",10,"duplicate"
"2023-10-01","2023-10-31","NSW","26-39","Police issued",26,2023,"Police issued",10,"duplicate"
"2023-10-01","2023-10-31","NSW","40-64","Police issued",36,2023,"Police issued",10,"duplicate"
"2023-10-01","2023-10-31","NSW","65 and over","Police issued",11,2023,"Police issued",10,"duplicate"
"2023-10-01","2023-10-31","NSW","0-16","Police issued",1,2023,"Police issued",10,"duplicate"
"2023-10-01","2023-10-31","NSW","17-25","Police issued",21,2023,"Police issued",10,"duplicate"
"2023-10-01","2023-10-31","NSW","26-39","Police issued",41,2023,"Police issued",10,"duplicate"
"2023-10-01","2023-10-31","NSW","40-64","Police issued",30,2023,"Police issued",10,"duplicate"
"2023-10-01","2023-10-31","NSW","65 and over","Police issued",6,2023,"Police issued",10,"duplicate"
"2023-10-01","2023-10-31","NSW","26-39","Police issued",4,2023,"Police issued",10,"duplicate"
"2023-10-01","2023-10-31","NSW","40-64","Police issued",2,2023,"Police issued",10,"duplicate"
"2023-10-01","2023-10-31","NSW","65 and over","Police issued",1,2023,"Police issued",10,"duplicate"
"2023-10-01","2023-10-31","NSW","Unknown","Red light camera",21624,2023,"Red light camera",10,"unique"
"2023-10-01","2023-10-31","NT","0-16","Mobile camera",3,2023,"Mobile camera",10,"unique"
"2023-10-01","2023-10-31","NT","17-25","Mobile camera",329,2023,"Mobile camera",10,"unique"
"2023-10-01","2023-10-31","NT","26-39","Mobile camera",885,2023,"Mobile camera",10,"unique"
"2023-10-01","2023-10-31","NT","40-64","Mobile camera",1082,2023,"Mobile camera",10,"unique"
"2023-10-01","2023-10-31","NT","65 and over","Mobile camera",262,2023,"Mobile camera",10,"unique"
"2023-10-01","2023-10-31","NT","Unknown","Mobile camera",122,2023,"Mobile camera",10,"unique"
"2023-10-01","2023-10-31","NT","0-16","Police issued",2,2023,"Police issued",10,"unique"
"2023-10-01","2023-10-31","NT","17-25","Police issued",51,2023,"Police issued",10,"unique"
"2023-10-01","2023-10-31","NT","26-39","Police issued",98,2023,"Police issued",10,"unique"
"2023-10-01","2023-10-31","NT","40-64","Police issued",106,2023,"Police issued",10,"unique"
"2023-10-01","2023-10-31","NT","65 and over","Police issued",11,2023,"Police issued",10,"unique"
"2023-10-01","2023-10-31","NT","17-25","Red light camera",49,2023,"Red light camera",10,"unique"
"2023-10-01","2023-10-31","NT","26-39","Red light camera",121,2023,"Red light camera",10,"unique"
"2023-10-01","2023-10-31","NT","40-64","Red light camera",160,2023,"Red light camera",10,"unique"
"2023-10-01","2023-10-31","NT","65 and over","Red light camera",33,2023,"Red light camera",10,"unique"
"2023-10-01","2023-10-31","NT","Unknown","Red light camera",11,2023,"Red light camera",10,"unique"
"2023-10-01","2023-10-31","SA","0-16","Fixed camera",0,2023,"Fixed camera",10,"unique"
"2023-10-01","2023-10-31","SA","17-25","Fixed camera",429,2023,"Fixed camera",10,"unique"
"2023-10-01","2023-10-31","SA","26-39","Fixed camera",1247,2023,"Fixed camera",10,"unique"
"2023-10-01","2023-10-31","SA","40-64","Fixed camera",2098,2023,"Fixed camera",10,"unique"
"2023-10-01","2023-10-31","SA","65 and over","Fixed camera",909,2023,"Fixed camera",10,"unique"
"2023-10-01","2023-10-31","SA","Unknown","Fixed camera",196,2023,"Fixed camera",10,"unique"
"2023-10-01","2023-10-31","SA","0-16","Mobile camera",2,2023,"Mobile camera",10,"unique"
"2023-10-01","2023-10-31","SA","17-25","Mobile camera",799,2023,"Mobile camera",10,"unique"
"2023-10-01","2023-10-31","SA","26-39","Mobile camera",2223,2023,"Mobile camera",10,"unique"
"2023-10-01","2023-10-31","SA","40-64","Mobile camera",3458,2023,"Mobile camera",10,"unique"
"2023-10-01","2023-10-31","SA","65 and over","Mobile camera",1113,2023,"Mobile camera",10,"unique"
"2023-10-01","2023-10-31","SA","Unknown","Mobile camera",181,2023,"Mobile camera",10,"unique"
"2023-10-01","2023-10-31","SA","0-16","Other",0,2023,"Other",10,"unique"
"2023-10-01","2023-10-31","SA","17-25","Other",0,2023,"Other",10,"unique"
"2023-10-01","2023-10-31","SA","26-39","Other",1,2023,"Other",10,"unique"
"2023-10-01","2023-10-31","SA","40-64","Other",0,2023,"Other",10,"unique"
"2023-10-01","2023-10-31","SA","65 and over","Other",0,2023,"Other",10,"unique"
"2023-10-01","2023-10-31","SA","Unknown","Other",0,2023,"Other",10,"unique"
"2023-10-01","2023-10-31","SA","0-16","Police issued",1,2023,"Police issued",10,"unique"
"2023-10-01","2023-10-31","SA","17-25","Police issued",719,2023,"Police issued",10,"unique"
"2023-10-01","2023-10-31","SA","26-39","Police issued",1328,2023,"Police issued",10,"unique"
"2023-10-01","2023-10-31","SA","40-64","Police issued",1617,2023,"Police issued",10,"unique"
"2023-10-01","2023-10-31","SA","65 and over","Police issued",436,2023,"Police issued",10,"unique"
"2023-10-01","2023-10-31","SA","Unknown","Police issued",8,2023,"Police issued",10,"unique"
"2023-10-01","2023-10-31","TAS","17-25","Fixed or mobile camera",509,2023,"Camera (fixed/mobile)",10,"unique"
"2023-10-01","2023-10-31","TAS","26-39","Fixed or mobile camera",1360,2023,"Camera (fixed/mobile)",10,"unique"
"2023-10-01","2023-10-31","TAS","40-64","Fixed or mobile camera",1916,2023,"Camera (fixed/mobile)",10,"unique"
"2023-10-01","2023-10-31","TAS","65 and over","Fixed or mobile camera",761,2023,"Camera (fixed/mobile)",10,"unique"
"2023-10-01","2023-10-31","TAS","Unknown","Fixed or mobile camera",2,2023,"Camera (fixed/mobile)",10,"unique"
"2023-10-01","2023-10-31","TAS","0-16","Police issued",1,2023,"Police issued",10,"unique"
"2023-10-01","2023-10-31","TAS","17-25","Police issued",322,2023,"Police issued",10,"unique"
"2023-10-01","2023-10-31","TAS","26-39","Police issued",520,2023,"Police issued",10,"unique"
"2023-10-01","2023-10-31","TAS","40-64","Police issued",630,2023,"Police issued",10,"unique"
"2023-10-01","2023-10-31","TAS","65 and over","Police issued",184,2023,"Police issued",10,"unique"
"2023-10-01","2023-10-31","TAS","Unknown","Police issued",1,2023,"Police issued",10,"unique"
"2023-10-01","2023-10-31","VIC","17-25","Fixed camera",272,2023,"Fixed camera",10,"chosen"
"2023-10-01","2023-10-31","VIC","26-39","Fixed camera",892,2023,"Fixed camera",10,"chosen"
"2023-10-01","2023-10-31","VIC","40-64","Fixed camera",1263,2023,"Fixed camera",10,"chosen"
"2023-10-01","2023-10-31","VIC","65 and over","Fixed camera",581,2023,"Fixed camera",10,"chosen"
"2023-10-01","2023-10-31","VIC","Unknown","Fixed camera",956,2023,"Fixed camera",10,"chosen"
"2023-10-01","2023-10-31","VIC","17-25","Fixed camera",3033,2023,"Fixed camera",10,"duplicate"
"2023-10-01","2023-10-31","VIC","26-39","Fixed camera",10486,2023,"Fixed camera",10,"duplicate"
"2023-10-01","2023-10-31","VIC","40-64","Fixed camera",17925,2023,"Fixed camera",10,"duplicate"
"2023-10-01","2023-10-31","VIC","65 and over","Fixed camera",5337,2023,"Fixed camera",10,"duplicate"
"2023-10-01","2023-10-31","VIC","Unknown","Fixed camera",12217,2023,"Fixed camera",10,"duplicate"
"2023-10-01","2023-10-31","VIC","17-25","Fixed camera",2,2023,"Fixed camera",10,"duplicate"
"2023-10-01","2023-10-31","VIC","26-39","Fixed camera",6,2023,"Fixed camera",10,"duplicate"
"2023-10-01","2023-10-31","VIC","40-64","Fixed camera",24,2023,"Fixed camera",10,"duplicate"
"2023-10-01","2023-10-31","VIC","65 and over","Fixed camera",4,2023,"Fixed camera",10,"duplicate"
"2023-10-01","2023-10-31","VIC","Unknown","Fixed camera",5,2023,"Fixed camera",10,"duplicate"
"2023-10-01","2023-10-31","VIC","17-25","Fixed camera",78,2023,"Fixed camera",10,"duplicate"
"2023-10-01","2023-10-31","VIC","26-39","Fixed camera",225,2023,"Fixed camera",10,"duplicate"
"2023-10-01","2023-10-31","VIC","40-64","Fixed camera",372,2023,"Fixed camera",10,"duplicate"
"2023-10-01","2023-10-31","VIC","65 and over","Fixed camera",131,2023,"Fixed camera",10,"duplicate"
"2023-10-01","2023-10-31","VIC","Unknown","Fixed camera",237,2023,"Fixed camera",10,"duplicate"
"2023-10-01","2023-10-31","VIC","17-25","Mobile camera",496,2023,"Mobile camera",10,"chosen"
"2023-10-01","2023-10-31","VIC","26-39","Mobile camera",1676,2023,"Mobile camera",10,"chosen"
"2023-10-01","2023-10-31","VIC","40-64","Mobile camera",2791,2023,"Mobile camera",10,"chosen"
"2023-10-01","2023-10-31","VIC","65 and over","Mobile camera",1300,2023,"Mobile camera",10,"chosen"
"2023-10-01","2023-10-31","VIC","Unknown","Mobile camera",1589,2023,"Mobile camera",10,"chosen"
"2023-10-01","2023-10-31","VIC","17-25","Mobile camera",2213,2023,"Mobile camera",10,"duplicate"
"2023-10-01","2023-10-31","VIC","26-39","Mobile camera",8446,2023,"Mobile camera",10,"duplicate"
"2023-10-01","2023-10-31","VIC","40-64","Mobile camera",13279,2023,"Mobile camera",10,"duplicate"
"2023-10-01","2023-10-31","VIC","65 and over","Mobile camera",3836,2023,"Mobile camera",10,"duplicate"
"2023-10-01","2023-10-31","VIC","Unknown","Mobile camera",6763,2023,"Mobile camera",10,"duplicate"
"2023-10-01","2023-10-31","VIC","17-25","Mobile camera",89,2023,"Mobile camera",10,"duplicate"
"2023-10-01","2023-10-31","VIC","26-39","Mobile camera",302,2023,"Mobile camera",10,"duplicate"
"2023-10-01","2023-10-31","VIC","40-64","Mobile camera",498,2023,"Mobile camera",10,"duplicate"
"2023-10-01","2023-10-31","VIC","65 and over","Mobile camera",247,2023,"Mobile camera",10,"duplicate"
"2023-10-01","2023-10-31","VIC","Unknown","Mobile camera",314,2023,"Mobile camera",10,"duplicate"
"2023-10-01","2023-10-31","VIC","17-25","Mobile camera",72,2023,"Mobile camera",10,"duplicate"
"2023-10-01","2023-10-31","VIC","26-39","Mobile camera",219,2023,"Mobile camera",10,"duplicate"
"2023-10-01","2023-10-31","VIC","40-64","Mobile camera",329,2023,"Mobile camera",10,"duplicate"
"2023-10-01","2023-10-31","VIC","65 and over","Mobile camera",113,2023,"Mobile camera",10,"duplicate"
"2023-10-01","2023-10-31","VIC","Unknown","Mobile camera",168,2023,"Mobile camera",10,"duplicate"
"2023-10-01","2023-10-31","VIC","17-25","Police issued",674,2023,"Police issued",10,"chosen"
"2023-10-01","2023-10-31","VIC","26-39","Police issued",1432,2023,"Police issued",10,"chosen"
"2023-10-01","2023-10-31","VIC","40-64","Police issued",1836,2023,"Police issued",10,"chosen"
"2023-10-01","2023-10-31","VIC","65 and over","Police issued",539,2023,"Police issued",10,"chosen"
"2023-10-01","2023-10-31","VIC","Unknown","Police issued",3,2023,"Police issued",10,"chosen"
"2023-10-01","2023-10-31","VIC","17-25","Police issued",847,2023,"Police issued",10,"duplicate"
"2023-10-01","2023-10-31","VIC","26-39","Police issued",1672,2023,"Police issued",10,"duplicate"
"2023-10-01","2023-10-31","VIC","40-64","Police issued",1854,2023,"Police issued",10,"duplicate"
"2023-10-01","2023-10-31","VIC","65 and over","Police issued",362,2023,"Police issued",10,"duplicate"
"2023-10-01","2023-10-31","VIC","Unknown","Police issued",3,2023,"Police issued",10,"duplicate"
"2023-10-01","2023-10-31","VIC","17-25","Police issued",112,2023,"Police issued",10,"duplicate"
"2023-10-01","2023-10-31","VIC","26-39","Police issued",288,2023,"Police issued",10,"duplicate"
"2023-10-01","2023-10-31","VIC","40-64","Police issued",333,2023,"Police issued",10,"duplicate"
"2023-10-01","2023-10-31","VIC","65 and over","Police issued",103,2023,"Police issued",10,"duplicate"
"2023-10-01","2023-10-31","VIC","26-39","Police issued",5,2023,"Police issued",10,"duplicate"
"2023-10-01","2023-10-31","VIC","40-64","Police issued",3,2023,"Police issued",10,"duplicate"
"2023-10-01","2023-10-31","VIC","65 and over","Police issued",3,2023,"Police issued",10,"duplicate"
"2023-10-01","2023-10-31","VIC","17-25","Police issued",21,2023,"Police issued",10,"duplicate"
"2023-10-01","2023-10-31","VIC","26-39","Police issued",33,2023,"Police issued",10,"duplicate"
"2023-10-01","2023-10-31","VIC","40-64","Police issued",44,2023,"Police issued",10,"duplicate"
"2023-10-01","2023-10-31","VIC","65 and over","Police issued",10,2023,"Police issued",10,"duplicate"
"2023-10-01","2023-10-31","VIC","Unknown","Police issued",1,2023,"Police issued",10,"duplicate"
"2023-10-01","2023-10-31","WA","17-25","Average speed camera",213,2023,"Average speed camera",10,"unique"
"2023-10-01","2023-10-31","WA","26-39","Average speed camera",423,2023,"Average speed camera",10,"unique"
"2023-10-01","2023-10-31","WA","40-64","Average speed camera",544,2023,"Average speed camera",10,"unique"
"2023-10-01","2023-10-31","WA","65 and over","Average speed camera",113,2023,"Average speed camera",10,"unique"
"2023-10-01","2023-10-31","WA","0-16","Fixed camera",1,2023,"Fixed camera",10,"unique"
"2023-10-01","2023-10-31","WA","17-25","Fixed camera",947,2023,"Fixed camera",10,"unique"
"2023-10-01","2023-10-31","WA","26-39","Fixed camera",2876,2023,"Fixed camera",10,"unique"
"2023-10-01","2023-10-31","WA","40-64","Fixed camera",4227,2023,"Fixed camera",10,"unique"
"2023-10-01","2023-10-31","WA","65 and over","Fixed camera",1084,2023,"Fixed camera",10,"unique"
"2023-10-01","2023-10-31","WA","Unknown","Fixed camera",5,2023,"Fixed camera",10,"unique"
"2023-10-01","2023-10-31","WA","0-16","Mobile camera",5,2023,"Mobile camera",10,"unique"
"2023-10-01","2023-10-31","WA","17-25","Mobile camera",6665,2023,"Mobile camera",10,"unique"
"2023-10-01","2023-10-31","WA","26-39","Mobile camera",15185,2023,"Mobile camera",10,"unique"
"2023-10-01","2023-10-31","WA","40-64","Mobile camera",20374,2023,"Mobile camera",10,"unique"
"2023-10-01","2023-10-31","WA","65 and over","Mobile camera",4457,2023,"Mobile camera",10,"unique"
"2023-10-01","2023-10-31","WA","Unknown","Mobile camera",19,2023,"Mobile camera",10,"unique"
"2023-10-01","2023-10-31","WA","0-16","Police issued",2,2023,"Police issued",10,"unique"
"2023-10-01","2023-10-31","WA","17-25","Police issued",799,2023,"Police issued",10,"unique"
"2023-10-01","2023-10-31","WA","26-39","Police issued",1423,2023,"Police issued",10,"unique"
"2023-10-01","2023-10-31","WA","40-64","Police issued",1685,2023,"Police issued",10,"unique"
"2023-10-01","2023-10-31","WA","65 and over","Police issued",340,2023,"Police issued",10,"unique"
"2023-10-01","2023-10-31","WA","0-16","Red light camera",1,2023,"Red light camera",10,"unique"
"2023-10-01","2023-10-31","WA","17-25","Red light camera",1091,2023,"Red light camera",10,"unique"
"2023-10-01","2023-10-31","WA","26-39","Red light camera",3511,2023,"Red light camera",10,"unique"
"2023-10-01","2023-10-31","WA","40-64","Red light camera",7845,2023,"Red light camera",10,"unique"
"2023-10-01","2023-10-31","WA","65 and over","Red light camera",2378,2023,"Red light camera",10,"unique"
"2023-10-01","2023-10-31","WA","Unknown","Red light camera",4,2023,"Red light camera",10,"unique"
"2023-10-01","2023-10-31","WA","0-16","Unknown",0,2023,"Unknown",10,"unique"
"2023-10-01","2023-10-31","WA","17-25","Unknown",0,2023,"Unknown",10,"unique"
"2023-10-01","2023-10-31","WA","26-39","Unknown",0,2023,"Unknown",10,"unique"
"2023-10-01","2023-10-31","WA","40-64","Unknown",0,2023,"Unknown",10,"unique"
"2023-10-01","2023-10-31","WA","65 and over","Unknown",0,2023,"Unknown",10,"unique"
"2023-11-01","2023-11-30","ACT","17-25","Fixed camera",473,2023,"Fixed camera",11,"unique"
"2023-11-01","2023-11-30","ACT","26-39","Fixed camera",1001,2023,"Fixed camera",11,"unique"
"2023-11-01","2023-11-30","ACT","40-64","Fixed camera",1796,2023,"Fixed camera",11,"unique"
"2023-11-01","2023-11-30","ACT","65 and over","Fixed camera",524,2023,"Fixed camera",11,"unique"
"2023-11-01","2023-11-30","ACT","Unknown","Fixed camera",82,2023,"Fixed camera",11,"unique"
"2023-11-01","2023-11-30","ACT","17-25","Mobile camera",223,2023,"Mobile camera",11,"unique"
"2023-11-01","2023-11-30","ACT","26-39","Mobile camera",515,2023,"Mobile camera",11,"unique"
"2023-11-01","2023-11-30","ACT","40-64","Mobile camera",700,2023,"Mobile camera",11,"unique"
"2023-11-01","2023-11-30","ACT","65 and over","Mobile camera",257,2023,"Mobile camera",11,"unique"
"2023-11-01","2023-11-30","ACT","Unknown","Mobile camera",29,2023,"Mobile camera",11,"unique"
"2023-11-01","2023-11-30","ACT","0-16","Police issued",4,2023,"Police issued",11,"unique"
"2023-11-01","2023-11-30","ACT","17-25","Police issued",55,2023,"Police issued",11,"unique"
"2023-11-01","2023-11-30","ACT","26-39","Police issued",59,2023,"Police issued",11,"unique"
"2023-11-01","2023-11-30","ACT","40-64","Police issued",38,2023,"Police issued",11,"unique"
"2023-11-01","2023-11-30","ACT","65 and over","Police issued",6,2023,"Police issued",11,"unique"
"2023-11-01","2023-11-30","NSW","Unknown","Fixed camera",41595,2023,"Fixed camera",11,"unique"
"2023-11-01","2023-11-30","NSW","Unknown","Mobile camera",2757,2023,"Mobile camera",11,"unique"
"2023-11-01","2023-11-30","NSW","0-16","Police issued",5,2023,"Police issued",11,"chosen"
"2023-11-01","2023-11-30","NSW","17-25","Police issued",1363,2023,"Police issued",11,"chosen"
"2023-11-01","2023-11-30","NSW","26-39","Police issued",2051,2023,"Police issued",11,"chosen"
"2023-11-01","2023-11-30","NSW","40-64","Police issued",2129,2023,"Police issued",11,"chosen"
"2023-11-01","2023-11-30","NSW","65 and over","Police issued",477,2023,"Police issued",11,"chosen"
"2023-11-01","2023-11-30","NSW","0-16","Police issued",2,2023,"Police issued",11,"duplicate"
"2023-11-01","2023-11-30","NSW","17-25","Police issued",1688,2023,"Police issued",11,"duplicate"
"2023-11-01","2023-11-30","NSW","26-39","Police issued",1769,2023,"Police issued",11,"duplicate"
"2023-11-01","2023-11-30","NSW","40-64","Police issued",1589,2023,"Police issued",11,"duplicate"
"2023-11-01","2023-11-30","NSW","65 and over","Police issued",243,2023,"Police issued",11,"duplicate"
"2023-11-01","2023-11-30","NSW","0-16","Police issued",1,2023,"Police issued",11,"duplicate"
"2023-11-01","2023-11-30","NSW","17-25","Police issued",313,2023,"Police issued",11,"duplicate"
"2023-11-01","2023-11-30","NSW","26-39","Police issued",562,2023,"Police issued",11,"duplicate"
"2023-11-01","2023-11-30","NSW","40-64","Police issued",662,2023,"Police issued",11,"duplicate"
"2023-11-01","2023-11-30","NSW","65 and over","Police issued",187,2023,"Police issued",11,"duplicate"
"2023-11-01","2023-11-30","NSW","17-25","Police issued",31,2023,"Police issued",11,"duplicate"
"2023-11-01","2023-11-30","NSW","26-39","Police issued",41,2023,"Police issued",11,"duplicate"
"2023-11-01","2023-11-30","NSW","40-64","Police issued",51,2023,"Police issued",11,"duplicate"
"2023-11-01","2023-11-30","NSW","65 and over","Police issued",14,2023,"Police issued",11,"duplicate"
"2023-11-01","2023-11-30","NSW","0-16","Police issued",1,2023,"Police issued",11,"duplicate"
"2023-11-01","2023-11-30","NSW","17-25","Police issued",7,2023,"Police issued",11,"duplicate"
"2023-11-01","2023-11-30","NSW","26-39","Police issued",6,2023,"Police issued",11,"duplicate"
"2023-11-01","2023-11-30","NSW","40-64","Police issued",5,2023,"Police issued",11,"duplicate"
"2023-11-01","2023-11-30","NSW","65 and over","Police issued",1,2023,"Police issued",11,"duplicate"
"2023-11-01","2023-11-30","NSW","17-25","Police issued",4,2023,"Police issued",11,"duplicate"
"2023-11-01","2023-11-30","NSW","26-39","Police issued",6,2023,"Police issued",11,"duplicate"
"2023-11-01","2023-11-30","NSW","40-64","Police issued",8,2023,"Police issued",11,"duplicate"
"2023-11-01","2023-11-30","NSW","65 and over","Police issued",2,2023,"Police issued",11,"duplicate"
"2023-11-01","2023-11-30","NSW","Unknown","Red light camera",23219,2023,"Red light camera",11,"unique"
"2023-11-01","2023-11-30","NT","17-25","Mobile camera",250,2023,"Mobile camera",11,"unique"
"2023-11-01","2023-11-30","NT","26-39","Mobile camera",661,2023,"Mobile camera",11,"unique"
"2023-11-01","2023-11-30","NT","40-64","Mobile camera",809,2023,"Mobile camera",11,"unique"
"2023-11-01","2023-11-30","NT","65 and over","Mobile camera",220,2023,"Mobile camera",11,"unique"
"2023-11-01","2023-11-30","NT","Unknown","Mobile camera",101,2023,"Mobile camera",11,"unique"
"2023-11-01","2023-11-30","NT","0-16","Police issued",2,2023,"Police issued",11,"unique"
"2023-11-01","2023-11-30","NT","17-25","Police issued",47,2023,"Police issued",11,"unique"
"2023-11-01","2023-11-30","NT","26-39","Police issued",95,2023,"Police issued",11,"unique"
"2023-11-01","2023-11-30","NT","40-64","Police issued",79,2023,"Police issued",11,"unique"
"2023-11-01","2023-11-30","NT","65 and over","Police issued",15,2023,"Police issued",11,"unique"
"2023-11-01","2023-11-30","NT","Unknown","Police issued",1,2023,"Police issued",11,"unique"
"2023-11-01","2023-11-30","NT","0-16","Red light camera",2,2023,"Red light camera",11,"unique"
"2023-11-01","2023-11-30","NT","17-25","Red light camera",59,2023,"Red light camera",11,"unique"
"2023-11-01","2023-11-30","NT","26-39","Red light camera",133,2023,"Red light camera",11,"unique"
"2023-11-01","2023-11-30","NT","40-64","Red light camera",206,2023,"Red light camera",11,"unique"
"2023-11-01","2023-11-30","NT","65 and over","Red light camera",37,2023,"Red light camera",11,"unique"
"2023-11-01","2023-11-30","NT","Unknown","Red light camera",18,2023,"Red light camera",11,"unique"
"2023-11-01","2023-11-30","SA","0-16","Fixed camera",1,2023,"Fixed camera",11,"unique"
"2023-11-01","2023-11-30","SA","17-25","Fixed camera",488,2023,"Fixed camera",11,"unique"
"2023-11-01","2023-11-30","SA","26-39","Fixed camera",1189,2023,"Fixed camera",11,"unique"
"2023-11-01","2023-11-30","SA","40-64","Fixed camera",2103,2023,"Fixed camera",11,"unique"
"2023-11-01","2023-11-30","SA","65 and over","Fixed camera",742,2023,"Fixed camera",11,"unique"
"2023-11-01","2023-11-30","SA","Unknown","Fixed camera",166,2023,"Fixed camera",11,"unique"
"2023-11-01","2023-11-30","SA","0-16","Mobile camera",1,2023,"Mobile camera",11,"unique"
"2023-11-01","2023-11-30","SA","17-25","Mobile camera",903,2023,"Mobile camera",11,"unique"
"2023-11-01","2023-11-30","SA","26-39","Mobile camera",2343,2023,"Mobile camera",11,"unique"
"2023-11-01","2023-11-30","SA","40-64","Mobile camera",3945,2023,"Mobile camera",11,"unique"
"2023-11-01","2023-11-30","SA","65 and over","Mobile camera",1329,2023,"Mobile camera",11,"unique"
"2023-11-01","2023-11-30","SA","Unknown","Mobile camera",212,2023,"Mobile camera",11,"unique"
"2023-11-01","2023-11-30","SA","0-16","Other",0,2023,"Other",11,"unique"
"2023-11-01","2023-11-30","SA","17-25","Other",0,2023,"Other",11,"unique"
"2023-11-01","2023-11-30","SA","26-39","Other",0,2023,"Other",11,"unique"
"2023-11-01","2023-11-30","SA","40-64","Other",0,2023,"Other",11,"unique"
"2023-11-01","2023-11-30","SA","65 and over","Other",0,2023,"Other",11,"unique"
"2023-11-01","2023-11-30","SA","Unknown","Other",0,2023,"Other",11,"unique"
"2023-11-01","2023-11-30","SA","0-16","Police issued",2,2023,"Police issued",11,"unique"
"2023-11-01","2023-11-30","SA","17-25","Police issued",759,2023,"Police issued",11,"unique"
"2023-11-01","2023-11-30","SA","26-39","Police issued",1330,2023,"Police issued",11,"unique"
"2023-11-01","2023-11-30","SA","40-64","Police issued",1817,2023,"Police issued",11,"unique"
"2023-11-01","2023-11-30","SA","65 and over","Police issued",543,2023,"Police issued",11,"unique"
"2023-11-01","2023-11-30","SA","Unknown","Police issued",2,2023,"Police issued",11,"unique"
"2023-11-01","2023-11-30","TAS","0-16","Fixed or mobile camera",1,2023,"Camera (fixed/mobile)",11,"unique"
"2023-11-01","2023-11-30","TAS","17-25","Fixed or mobile camera",636,2023,"Camera (fixed/mobile)",11,"unique"
"2023-11-01","2023-11-30","TAS","26-39","Fixed or mobile camera",1549,2023,"Camera (fixed/mobile)",11,"unique"
"2023-11-01","2023-11-30","TAS","40-64","Fixed or mobile camera",2159,2023,"Camera (fixed/mobile)",11,"unique"
"2023-11-01","2023-11-30","TAS","65 and over","Fixed or mobile camera",784,2023,"Camera (fixed/mobile)",11,"unique"
"2023-11-01","2023-11-30","TAS","Unknown","Fixed or mobile camera",2,2023,"Camera (fixed/mobile)",11,"unique"
"2023-11-01","2023-11-30","TAS","0-16","Police issued",0,2023,"Police issued",11,"unique"
"2023-11-01","2023-11-30","TAS","17-25","Police issued",295,2023,"Police issued",11,"unique"
"2023-11-01","2023-11-30","TAS","26-39","Police issued",469,2023,"Police issued",11,"unique"
"2023-11-01","2023-11-30","TAS","40-64","Police issued",537,2023,"Police issued",11,"unique"
"2023-11-01","2023-11-30","TAS","65 and over","Police issued",161,2023,"Police issued",11,"unique"
"2023-11-01","2023-11-30","TAS","Unknown","Police issued",3,2023,"Police issued",11,"unique"
"2023-11-01","2023-11-30","VIC","17-25","Fixed camera",279,2023,"Fixed camera",11,"chosen"
"2023-11-01","2023-11-30","VIC","26-39","Fixed camera",875,2023,"Fixed camera",11,"chosen"
"2023-11-01","2023-11-30","VIC","40-64","Fixed camera",1330,2023,"Fixed camera",11,"chosen"
"2023-11-01","2023-11-30","VIC","65 and over","Fixed camera",510,2023,"Fixed camera",11,"chosen"
"2023-11-01","2023-11-30","VIC","Unknown","Fixed camera",1020,2023,"Fixed camera",11,"chosen"
"2023-11-01","2023-11-30","VIC","17-25","Fixed camera",3632,2023,"Fixed camera",11,"duplicate"
"2023-11-01","2023-11-30","VIC","26-39","Fixed camera",11843,2023,"Fixed camera",11,"duplicate"
"2023-11-01","2023-11-30","VIC","40-64","Fixed camera",19526,2023,"Fixed camera",11,"duplicate"
"2023-11-01","2023-11-30","VIC","65 and over","Fixed camera",5840,2023,"Fixed camera",11,"duplicate"
"2023-11-01","2023-11-30","VIC","Unknown","Fixed camera",13208,2023,"Fixed camera",11,"duplicate"
"2023-11-01","2023-11-30","VIC","17-25","Fixed camera",2,2023,"Fixed camera",11,"duplicate"
"2023-11-01","2023-11-30","VIC","26-39","Fixed camera",5,2023,"Fixed camera",11,"duplicate"
"2023-11-01","2023-11-30","VIC","40-64","Fixed camera",9,2023,"Fixed camera",11,"duplicate"
"2023-11-01","2023-11-30","VIC","65 and over","Fixed camera",2,2023,"Fixed camera",11,"duplicate"
"2023-11-01","2023-11-30","VIC","Unknown","Fixed camera",2,2023,"Fixed camera",11,"duplicate"
"2023-11-01","2023-11-30","VIC","17-25","Fixed camera",74,2023,"Fixed camera",11,"duplicate"
"2023-11-01","2023-11-30","VIC","26-39","Fixed camera",229,2023,"Fixed camera",11,"duplicate"
"2023-11-01","2023-11-30","VIC","40-64","Fixed camera",392,2023,"Fixed camera",11,"duplicate"
"2023-11-01","2023-11-30","VIC","65 and over","Fixed camera",126,2023,"Fixed camera",11,"duplicate"
"2023-11-01","2023-11-30","VIC","Unknown","Fixed camera",253,2023,"Fixed camera",11,"duplicate"
"2023-11-01","2023-11-30","VIC","17-25","Mobile camera",562,2023,"Mobile camera",11,"chosen"
"2023-11-01","2023-11-30","VIC","26-39","Mobile camera",1768,2023,"Mobile camera",11,"chosen"
"2023-11-01","2023-11-30","VIC","40-64","Mobile camera",3033,2023,"Mobile camera",11,"chosen"
"2023-11-01","2023-11-30","VIC","65 and over","Mobile camera",1270,2023,"Mobile camera",11,"chosen"
"2023-11-01","2023-11-30","VIC","Unknown","Mobile camera",1767,2023,"Mobile camera",11,"chosen"
"2023-11-01","2023-11-30","VIC","17-25","Mobile camera",2567,2023,"Mobile camera",11,"duplicate"
"2023-11-01","2023-11-30","VIC","26-39","Mobile camera",8967,2023,"Mobile camera",11,"duplicate"
"2023-11-01","2023-11-30","VIC","40-64","Mobile camera",14497,2023,"Mobile camera",11,"duplicate"
"2023-11-01","2023-11-30","VIC","65 and over","Mobile camera",4074,2023,"Mobile camera",11,"duplicate"
"2023-11-01","2023-11-30","VIC","Unknown","Mobile camera",7242,2023,"Mobile camera",11,"duplicate"
"2023-11-01","2023-11-30","VIC","17-25","Mobile camera",84,2023,"Mobile camera",11,"duplicate"
"2023-11-01","2023-11-30","VIC","26-39","Mobile camera",276,2023,"Mobile camera",11,"duplicate"
"2023-11-01","2023-11-30","VIC","40-64","Mobile camera",505,2023,"Mobile camera",11,"duplicate"
"2023-11-01","2023-11-30","VIC","65 and over","Mobile camera",207,2023,"Mobile camera",11,"duplicate"
"2023-11-01","2023-11-30","VIC","Unknown","Mobile camera",321,2023,"Mobile camera",11,"duplicate"
"2023-11-01","2023-11-30","VIC","17-25","Mobile camera",1,2023,"Mobile camera",11,"duplicate"
"2023-11-01","2023-11-30","VIC","Unknown","Mobile camera",1,2023,"Mobile camera",11,"duplicate"
"2023-11-01","2023-11-30","VIC","17-25","Mobile camera",88,2023,"Mobile camera",11,"duplicate"
"2023-11-01","2023-11-30","VIC","26-39","Mobile camera",275,2023,"Mobile camera",11,"duplicate"
"2023-11-01","2023-11-30","VIC","40-64","Mobile camera",378,2023,"Mobile camera",11,"duplicate"
"2023-11-01","2023-11-30","VIC","65 and over","Mobile camera",184,2023,"Mobile camera",11,"duplicate"
"2023-11-01","2023-11-30","VIC","Unknown","Mobile camera",185,2023,"Mobile camera",11,"duplicate"
"2023-11-01","2023-11-30","VIC","0-16","Police issued",1,2023,"Police issued",11,"chosen"
"2023-11-01","2023-11-30","VIC","17-25","Police issued",748,2023,"Police issued",11,"chosen"
"2023-11-01","2023-11-30","VIC","26-39","Police issued",1575,2023,"Police issued",11,"chosen"
"2023-11-01","2023-11-30","VIC","40-64","Police issued",2059,2023,"Police issued",11,"chosen"
"2023-11-01","2023-11-30","VIC","65 and over","Police issued",546,2023,"Police issued",11,"chosen"
"2023-11-01","2023-11-30","VIC","Unknown","Police issued",1,2023,"Police issued",11,"chosen"
"2023-11-01","2023-11-30","VIC","0-16","Police issued",1,2023,"Police issued",11,"duplicate"
"2023-11-01","2023-11-30","VIC","17-25","Police issued",1075,2023,"Police issued",11,"duplicate"
"2023-11-01","2023-11-30","VIC","26-39","Police issued",1836,2023,"Police issued",11,"duplicate"
"2023-11-01","2023-11-30","VIC","40-64","Police issued",2030,2023,"Police issued",11,"duplicate"
"2023-11-01","2023-11-30","VIC","65 and over","Police issued",385,2023,"Police issued",11,"duplicate"
"2023-11-01","2023-11-30","VIC","Unknown","Police issued",1,2023,"Police issued",11,"duplicate"
"2023-11-01","2023-11-30","VIC","17-25","Police issued",142,2023,"Police issued",11,"duplicate"
"2023-11-01","2023-11-30","VIC","26-39","Police issued",276,2023,"Police issued",11,"duplicate"
"2023-11-01","2023-11-30","VIC","40-64","Police issued",342,2023,"Police issued",11,"duplicate"
"2023-11-01","2023-11-30","VIC","65 and over","Police issued",112,2023,"Police issued",11,"duplicate"
"2023-11-01","2023-11-30","VIC","Unknown","Police issued",2,2023,"Police issued",11,"duplicate"
"2023-11-01","2023-11-30","VIC","17-25","Police issued",3,2023,"Police issued",11,"duplicate"
"2023-11-01","2023-11-30","VIC","26-39","Police issued",3,2023,"Police issued",11,"duplicate"
"2023-11-01","2023-11-30","VIC","40-64","Police issued",5,2023,"Police issued",11,"duplicate"
"2023-11-01","2023-11-30","VIC","65 and over","Police issued",3,2023,"Police issued",11,"duplicate"
"2023-11-01","2023-11-30","VIC","17-25","Police issued",19,2023,"Police issued",11,"duplicate"
"2023-11-01","2023-11-30","VIC","26-39","Police issued",47,2023,"Police issued",11,"duplicate"
"2023-11-01","2023-11-30","VIC","40-64","Police issued",64,2023,"Police issued",11,"duplicate"
"2023-11-01","2023-11-30","VIC","65 and over","Police issued",15,2023,"Police issued",11,"duplicate"
"2023-11-01","2023-11-30","WA","17-25","Average speed camera",340,2023,"Average speed camera",11,"unique"
"2023-11-01","2023-11-30","WA","26-39","Average speed camera",584,2023,"Average speed camera",11,"unique"
"2023-11-01","2023-11-30","WA","40-64","Average speed camera",740,2023,"Average speed camera",11,"unique"
"2023-11-01","2023-11-30","WA","65 and over","Average speed camera",97,2023,"Average speed camera",11,"unique"
"2023-11-01","2023-11-30","WA","Unknown","Average speed camera",2,2023,"Average speed camera",11,"unique"
"2023-11-01","2023-11-30","WA","0-16","Fixed camera",1,2023,"Fixed camera",11,"unique"
"2023-11-01","2023-11-30","WA","17-25","Fixed camera",940,2023,"Fixed camera",11,"unique"
"2023-11-01","2023-11-30","WA","26-39","Fixed camera",2682,2023,"Fixed camera",11,"unique"
"2023-11-01","2023-11-30","WA","40-64","Fixed camera",3846,2023,"Fixed camera",11,"unique"
"2023-11-01","2023-11-30","WA","65 and over","Fixed camera",942,2023,"Fixed camera",11,"unique"
"2023-11-01","2023-11-30","WA","Unknown","Fixed camera",7,2023,"Fixed camera",11,"unique"
"2023-11-01","2023-11-30","WA","0-16","Mobile camera",1,2023,"Mobile camera",11,"unique"
"2023-11-01","2023-11-30","WA","17-25","Mobile camera",4980,2023,"Mobile camera",11,"unique"
"2023-11-01","2023-11-30","WA","26-39","Mobile camera",11613,2023,"Mobile camera",11,"unique"
"2023-11-01","2023-11-30","WA","40-64","Mobile camera",16146,2023,"Mobile camera",11,"unique"
"2023-11-01","2023-11-30","WA","65 and over","Mobile camera",3567,2023,"Mobile camera",11,"unique"
"2023-11-01","2023-11-30","WA","Unknown","Mobile camera",13,2023,"Mobile camera",11,"unique"
"2023-11-01","2023-11-30","WA","0-16","Police issued",1,2023,"Police issued",11,"unique"
"2023-11-01","2023-11-30","WA","17-25","Police issued",818,2023,"Police issued",11,"unique"
"2023-11-01","2023-11-30","WA","26-39","Police issued",1484,2023,"Police issued",11,"unique"
"2023-11-01","2023-11-30","WA","40-64","Police issued",1652,2023,"Police issued",11,"unique"
"2023-11-01","2023-11-30","WA","65 and over","Police issued",343,2023,"Police issued",11,"unique"
"2023-11-01","2023-11-30","WA","0-16","Red light camera",1,2023,"Red light camera",11,"unique"
"2023-11-01","2023-11-30","WA","17-25","Red light camera",1030,2023,"Red light camera",11,"unique"
"2023-11-01","2023-11-30","WA","26-39","Red light camera",3579,2023,"Red light camera",11,"unique"
"2023-11-01","2023-11-30","WA","40-64","Red light camera",7383,2023,"Red light camera",11,"unique"
"2023-11-01","2023-11-30","WA","65 and over","Red light camera",2304,2023,"Red light camera",11,"unique"
"2023-11-01","2023-11-30","WA","Unknown","Red light camera",7,2023,"Red light camera",11,"unique"
"2023-11-01","2023-11-30","WA","17-25","Unknown",0,2023,"Unknown",11,"unique"
"2023-11-01","2023-11-30","WA","26-39","Unknown",0,2023,"Unknown",11,"unique"
"2023-11-01","2023-11-30","WA","40-64","Unknown",0,2023,"Unknown",11,"unique"
"2023-11-01","2023-11-30","WA","65 and over","Unknown",0,2023,"Unknown",11,"unique"
"2023-12-01","2023-12-31","ACT","0-16","Fixed camera",2,2023,"Fixed camera",12,"unique"
"2023-12-01","2023-12-31","ACT","17-25","Fixed camera",524,2023,"Fixed camera",12,"unique"
"2023-12-01","2023-12-31","ACT","26-39","Fixed camera",1202,2023,"Fixed camera",12,"unique"
"2023-12-01","2023-12-31","ACT","40-64","Fixed camera",2074,2023,"Fixed camera",12,"unique"
"2023-12-01","2023-12-31","ACT","65 and over","Fixed camera",590,2023,"Fixed camera",12,"unique"
"2023-12-01","2023-12-31","ACT","Unknown","Fixed camera",90,2023,"Fixed camera",12,"unique"
"2023-12-01","2023-12-31","ACT","0-16","Mobile camera",1,2023,"Mobile camera",12,"unique"
"2023-12-01","2023-12-31","ACT","17-25","Mobile camera",177,2023,"Mobile camera",12,"unique"
"2023-12-01","2023-12-31","ACT","26-39","Mobile camera",480,2023,"Mobile camera",12,"unique"
"2023-12-01","2023-12-31","ACT","40-64","Mobile camera",608,2023,"Mobile camera",12,"unique"
"2023-12-01","2023-12-31","ACT","65 and over","Mobile camera",195,2023,"Mobile camera",12,"unique"
"2023-12-01","2023-12-31","ACT","Unknown","Mobile camera",31,2023,"Mobile camera",12,"unique"
"2023-12-01","2023-12-31","ACT","0-16","Police issued",4,2023,"Police issued",12,"unique"
"2023-12-01","2023-12-31","ACT","17-25","Police issued",62,2023,"Police issued",12,"unique"
"2023-12-01","2023-12-31","ACT","26-39","Police issued",59,2023,"Police issued",12,"unique"
"2023-12-01","2023-12-31","ACT","40-64","Police issued",40,2023,"Police issued",12,"unique"
"2023-12-01","2023-12-31","ACT","65 and over","Police issued",2,2023,"Police issued",12,"unique"
"2023-12-01","2023-12-31","NSW","Unknown","Fixed camera",39578,2023,"Fixed camera",12,"unique"
"2023-12-01","2023-12-31","NSW","Unknown","Mobile camera",3039,2023,"Mobile camera",12,"unique"
"2023-12-01","2023-12-31","NSW","0-16","Police issued",5,2023,"Police issued",12,"chosen"
"2023-12-01","2023-12-31","NSW","17-25","Police issued",1535,2023,"Police issued",12,"chosen"
"2023-12-01","2023-12-31","NSW","26-39","Police issued",2386,2023,"Police issued",12,"chosen"
"2023-12-01","2023-12-31","NSW","40-64","Police issued",2376,2023,"Police issued",12,"chosen"
"2023-12-01","2023-12-31","NSW","65 and over","Police issued",560,2023,"Police issued",12,"chosen"
"2023-12-01","2023-12-31","NSW","0-16","Police issued",8,2023,"Police issued",12,"duplicate"
"2023-12-01","2023-12-31","NSW","17-25","Police issued",2158,2023,"Police issued",12,"duplicate"
"2023-12-01","2023-12-31","NSW","26-39","Police issued",2618,2023,"Police issued",12,"duplicate"
"2023-12-01","2023-12-31","NSW","40-64","Police issued",2315,2023,"Police issued",12,"duplicate"
"2023-12-01","2023-12-31","NSW","65 and over","Police issued",350,2023,"Police issued",12,"duplicate"
"2023-12-01","2023-12-31","NSW","0-16","Police issued",1,2023,"Police issued",12,"duplicate"
"2023-12-01","2023-12-31","NSW","17-25","Police issued",399,2023,"Police issued",12,"duplicate"
"2023-12-01","2023-12-31","NSW","26-39","Police issued",605,2023,"Police issued",12,"duplicate"
"2023-12-01","2023-12-31","NSW","40-64","Police issued",715,2023,"Police issued",12,"duplicate"
"2023-12-01","2023-12-31","NSW","65 and over","Police issued",198,2023,"Police issued",12,"duplicate"
"2023-12-01","2023-12-31","NSW","17-25","Police issued",22,2023,"Police issued",12,"duplicate"
"2023-12-01","2023-12-31","NSW","26-39","Police issued",48,2023,"Police issued",12,"duplicate"
"2023-12-01","2023-12-31","NSW","40-64","Police issued",54,2023,"Police issued",12,"duplicate"
"2023-12-01","2023-12-31","NSW","65 and over","Police issued",12,2023,"Police issued",12,"duplicate"
"2023-12-01","2023-12-31","NSW","17-25","Police issued",422,2023,"Police issued",12,"duplicate"
"2023-12-01","2023-12-31","NSW","26-39","Police issued",570,2023,"Police issued",12,"duplicate"
"2023-12-01","2023-12-31","NSW","40-64","Police issued",553,2023,"Police issued",12,"duplicate"
"2023-12-01","2023-12-31","NSW","65 and over","Police issued",115,2023,"Police issued",12,"duplicate"
"2023-12-01","2023-12-31","NSW","17-25","Police issued",4,2023,"Police issued",12,"duplicate"
"2023-12-01","2023-12-31","NSW","26-39","Police issued",7,2023,"Police issued",12,"duplicate"
"2023-12-01","2023-12-31","NSW","40-64","Police issued",7,2023,"Police issued",12,"duplicate"
"2023-12-01","2023-12-31","NSW","65 and over","Police issued",1,2023,"Police issued",12,"duplicate"
"2023-12-01","2023-12-31","NSW","Unknown","Red light camera",23563,2023,"Red light camera",12,"unique"
"2023-12-01","2023-12-31","NT","0-16","Mobile camera",3,2023,"Mobile camera",12,"unique"
"2023-12-01","2023-12-31","NT","17-25","Mobile camera",607,2023,"Mobile camera",12,"unique"
"2023-12-01","2023-12-31","NT","26-39","Mobile camera",1598,2023,"Mobile camera",12,"unique"
"2023-12-01","2023-12-31","NT","40-64","Mobile camera",1978,2023,"Mobile camera",12,"unique"
"2023-12-01","2023-12-31","NT","65 and over","Mobile camera",456,2023,"Mobile camera",12,"unique"
"2023-12-01","2023-12-31","NT","Unknown","Mobile camera",180,2023,"Mobile camera",12,"unique"
"2023-12-01","2023-12-31","NT","0-16","Police issued",0,2023,"Police issued",12,"unique"
"2023-12-01","2023-12-31","NT","17-25","Police issued",28,2023,"Police issued",12,"unique"
"2023-12-01","2023-12-31","NT","26-39","Police issued",78,2023,"Police issued",12,"unique"
"2023-12-01","2023-12-31","NT","40-64","Police issued",65,2023,"Police issued",12,"unique"
"2023-12-01","2023-12-31","NT","65 and over","Police issued",14,2023,"Police issued",12,"unique"
"2023-12-01","2023-12-31","NT","Unknown","Police issued",0,2023,"Police issued",12,"unique"
"2023-12-01","2023-12-31","NT","0-16","Red light camera",1,2023,"Red light camera",12,"unique"
"2023-12-01","2023-12-31","NT","17-25","Red light camera",68,2023,"Red light camera",12,"unique"
"2023-12-01","2023-12-31","NT","26-39","Red light camera",224,2023,"Red light camera",12,"unique"
"2023-12-01","2023-12-31","NT","40-64","Red light camera",291,2023,"Red light camera",12,"unique"
"2023-12-01","2023-12-31","NT","65 and over","Red light camera",50,2023,"Red light camera",12,"unique"
"2023-12-01","2023-12-31","NT","Unknown","Red light camera",30,2023,"Red light camera",12,"unique"
"2023-12-01","2023-12-31","SA","0-16","Fixed camera",2,2023,"Fixed camera",12,"unique"
"2023-12-01","2023-12-31","SA","17-25","Fixed camera",370,2023,"Fixed camera",12,"unique"
"2023-12-01","2023-12-31","SA","26-39","Fixed camera",876,2023,"Fixed camera",12,"unique"
"2023-12-01","2023-12-31","SA","40-64","Fixed camera",1773,2023,"Fixed camera",12,"unique"
"2023-12-01","2023-12-31","SA","65 and over","Fixed camera",709,2023,"Fixed camera",12,"unique"
"2023-12-01","2023-12-31","SA","Unknown","Fixed camera",151,2023,"Fixed camera",12,"unique"
"2023-12-01","2023-12-31","SA","0-16","Mobile camera",0,2023,"Mobile camera",12,"unique"
"2023-12-01","2023-12-31","SA","17-25","Mobile camera",599,2023,"Mobile camera",12,"unique"
"2023-12-01","2023-12-31","SA","26-39","Mobile camera",1581,2023,"Mobile camera",12,"unique"
"2023-12-01","2023-12-31","SA","40-64","Mobile camera",2638,2023,"Mobile camera",12,"unique"
"2023-12-01","2023-12-31","SA","65 and over","Mobile camera",847,2023,"Mobile camera",12,"unique"
"2023-12-01","2023-12-31","SA","Unknown","Mobile camera",130,2023,"Mobile camera",12,"unique"
"2023-12-01","2023-12-31","SA","0-16","Other",0,2023,"Other",12,"unique"
"2023-12-01","2023-12-31","SA","17-25","Other",0,2023,"Other",12,"unique"
"2023-12-01","2023-12-31","SA","26-39","Other",1,2023,"Other",12,"unique"
"2023-12-01","2023-12-31","SA","40-64","Other",0,2023,"Other",12,"unique"
"2023-12-01","2023-12-31","SA","65 and over","Other",0,2023,"Other",12,"unique"
"2023-12-01","2023-12-31","SA","Unknown","Other",0,2023,"Other",12,"unique"
"2023-12-01","2023-12-31","SA","0-16","Police issued",2,2023,"Police issued",12,"unique"
"2023-12-01","2023-12-31","SA","17-25","Police issued",709,2023,"Police issued",12,"unique"
"2023-12-01","2023-12-31","SA","26-39","Police issued",1287,2023,"Police issued",12,"unique"
"2023-12-01","2023-12-31","SA","40-64","Police issued",1566,2023,"Police issued",12,"unique"
"2023-12-01","2023-12-31","SA","65 and over","Police issued",452,2023,"Police issued",12,"unique"
"2023-12-01","2023-12-31","SA","Unknown","Police issued",4,2023,"Police issued",12,"unique"
"2023-12-01","2023-12-31","TAS","0-16","Fixed or mobile camera",1,2023,"Camera (fixed/mobile)",12,"unique"
"2023-12-01","2023-12-31","TAS","17-25","Fixed or mobile camera",456,2023,"Camera (fixed/mobile)",12,"unique"
"2023-12-01","2023-12-31","TAS","26-39","Fixed or mobile camera",1209,2023,"Camera (fixed/mobile)",12,"unique"
"2023-12-01","2023-12-31","TAS","40-64","Fixed or mobile camera",1740,2023,"Camera (fixed/mobile)",12,"unique"
"2023-12-01","2023-12-31","TAS","65 and over","Fixed or mobile camera",641,2023,"Camera (fixed/mobile)",12,"unique"
"2023-12-01","2023-12-31","TAS","Unknown","Fixed or mobile camera",1,2023,"Camera (fixed/mobile)",12,"unique"
"2023-12-01","2023-12-31","TAS","0-16","Police issued",1,2023,"Police issued",12,"unique"
"2023-12-01","2023-12-31","TAS","17-25","Police issued",294,2023,"Police issued",12,"unique"
"2023-12-01","2023-12-31","TAS","26-39","Police issued",442,2023,"Police issued",12,"unique"
"2023-12-01","2023-12-31","TAS","40-64","Police issued",525,2023,"Police issued",12,"unique"
"2023-12-01","2023-12-31","TAS","65 and over","Police issued",179,2023,"Police issued",12,"unique"
"2023-12-01","2023-12-31","VIC","17-25","Fixed camera",320,2023,"Fixed camera",12,"chosen"
"2023-12-01","2023-12-31","VIC","26-39","Fixed camera",881,2023,"Fixed camera",12,"chosen"
"2023-12-01","2023-12-31","VIC","40-64","Fixed camera",1343,2023,"Fixed camera",12,"chosen"
"2023-12-01","2023-12-31","VIC","65 and over","Fixed camera",448,2023,"Fixed camera",12,"chosen"
"2023-12-01","2023-12-31","VIC","Unknown","Fixed camera",916,2023,"Fixed camera",12,"chosen"
"2023-12-01","2023-12-31","VIC","17-25","Fixed camera",3801,2023,"Fixed camera",12,"duplicate"
"2023-12-01","2023-12-31","VIC","26-39","Fixed camera",12743,2023,"Fixed camera",12,"duplicate"
"2023-12-01","2023-12-31","VIC","40-64","Fixed camera",21120,2023,"Fixed camera",12,"duplicate"
"2023-12-01","2023-12-31","VIC","65 and over","Fixed camera",6203,2023,"Fixed camera",12,"duplicate"
"2023-12-01","2023-12-31","VIC","Unknown","Fixed camera",13780,2023,"Fixed camera",12,"duplicate"
"2023-12-01","2023-12-31","VIC","17-25","Fixed camera",2,2023,"Fixed camera",12,"duplicate"
"2023-12-01","2023-12-31","VIC","26-39","Fixed camera",6,2023,"Fixed camera",12,"duplicate"
"2023-12-01","2023-12-31","VIC","40-64","Fixed camera",14,2023,"Fixed camera",12,"duplicate"
"2023-12-01","2023-12-31","VIC","65 and over","Fixed camera",2,2023,"Fixed camera",12,"duplicate"
"2023-12-01","2023-12-31","VIC","Unknown","Fixed camera",4,2023,"Fixed camera",12,"duplicate"
"2023-12-01","2023-12-31","VIC","17-25","Fixed camera",56,2023,"Fixed camera",12,"duplicate"
"2023-12-01","2023-12-31","VIC","26-39","Fixed camera",248,2023,"Fixed camera",12,"duplicate"
"2023-12-01","2023-12-31","VIC","40-64","Fixed camera",435,2023,"Fixed camera",12,"duplicate"
"2023-12-01","2023-12-31","VIC","65 and over","Fixed camera",125,2023,"Fixed camera",12,"duplicate"
"2023-12-01","2023-12-31","VIC","Unknown","Fixed camera",257,2023,"Fixed camera",12,"duplicate"
"2023-12-01","2023-12-31","VIC","17-25","Mobile camera",506,2023,"Mobile camera",12,"chosen"
"2023-12-01","2023-12-31","VIC","26-39","Mobile camera",1953,2023,"Mobile camera",12,"chosen"
"2023-12-01","2023-12-31","VIC","40-64","Mobile camera",2856,2023,"Mobile camera",12,"chosen"
"2023-12-01","2023-12-31","VIC","65 and over","Mobile camera",1244,2023,"Mobile camera",12,"chosen"
"2023-12-01","2023-12-31","VIC","Unknown","Mobile camera",1614,2023,"Mobile camera",12,"chosen"
"2023-12-01","2023-12-31","VIC","17-25","Mobile camera",2502,2023,"Mobile camera",12,"duplicate"
"2023-12-01","2023-12-31","VIC","26-39","Mobile camera",9500,2023,"Mobile camera",12,"duplicate"
"2023-12-01","2023-12-31","VIC","40-64","Mobile camera",14316,2023,"Mobile camera",12,"duplicate"
"2023-12-01","2023-12-31","VIC","65 and over","Mobile camera",4145,2023,"Mobile camera",12,"duplicate"
"2023-12-01","2023-12-31","VIC","Unknown","Mobile camera",7222,2023,"Mobile camera",12,"duplicate"
"2023-12-01","2023-12-31","VIC","17-25","Mobile camera",81,2023,"Mobile camera",12,"duplicate"
"2023-12-01","2023-12-31","VIC","26-39","Mobile camera",297,2023,"Mobile camera",12,"duplicate"
"2023-12-01","2023-12-31","VIC","40-64","Mobile camera",489,2023,"Mobile camera",12,"duplicate"
"2023-12-01","2023-12-31","VIC","65 and over","Mobile camera",231,2023,"Mobile camera",12,"duplicate"
"2023-12-01","2023-12-31","VIC","Unknown","Mobile camera",308,2023,"Mobile camera",12,"duplicate"
"2023-12-01","2023-12-31","VIC","17-25","Mobile camera",73,2023,"Mobile camera",12,"duplicate"
"2023-12-01","2023-12-31","VIC","26-39","Mobile camera",207,2023,"Mobile camera",12,"duplicate"
"2023-12-01","2023-12-31","VIC","40-64","Mobile camera",351,2023,"Mobile camera",12,"duplicate"
"2023-12-01","2023-12-31","VIC","65 and over","Mobile camera",122,2023,"Mobile camera",12,"duplicate"
"2023-12-01","2023-12-31","VIC","Unknown","Mobile camera",155,2023,"Mobile camera",12,"duplicate"
"2023-12-01","2023-12-31","VIC","17-25","Police issued",967,2023,"Police issued",12,"chosen"
"2023-12-01","2023-12-31","VIC","26-39","Police issued",1704,2023,"Police issued",12,"chosen"
"2023-12-01","2023-12-31","VIC","40-64","Police issued",2052,2023,"Police issued",12,"chosen"
"2023-12-01","2023-12-31","VIC","65 and over","Police issued",519,2023,"Police issued",12,"chosen"
"2023-12-01","2023-12-31","VIC","Unknown","Police issued",2,2023,"Police issued",12,"chosen"
"2023-12-01","2023-12-31","VIC","0-16","Police issued",1,2023,"Police issued",12,"unique"
"2023-12-01","2023-12-31","VIC","17-25","Police issued",1186,2023,"Police issued",12,"duplicate"
"2023-12-01","2023-12-31","VIC","26-39","Police issued",2024,2023,"Police issued",12,"duplicate"
"2023-12-01","2023-12-31","VIC","40-64","Police issued",1964,2023,"Police issued",12,"duplicate"
"2023-12-01","2023-12-31","VIC","65 and over","Police issued",386,2023,"Police issued",12,"duplicate"
"2023-12-01","2023-12-31","VIC","Unknown","Police issued",4,2023,"Police issued",12,"duplicate"
"2023-12-01","2023-12-31","VIC","17-25","Police issued",159,2023,"Police issued",12,"duplicate"
"2023-12-01","2023-12-31","VIC","26-39","Police issued",347,2023,"Police issued",12,"duplicate"
"2023-12-01","2023-12-31","VIC","40-64","Police issued",390,2023,"Police issued",12,"duplicate"
"2023-12-01","2023-12-31","VIC","65 and over","Police issued",72,2023,"Police issued",12,"duplicate"
"2023-12-01","2023-12-31","VIC","Unknown","Police issued",2,2023,"Police issued",12,"duplicate"
"2023-12-01","2023-12-31","VIC","17-25","Police issued",6,2023,"Police issued",12,"duplicate"
"2023-12-01","2023-12-31","VIC","26-39","Police issued",12,2023,"Police issued",12,"duplicate"
"2023-12-01","2023-12-31","VIC","40-64","Police issued",18,2023,"Police issued",12,"duplicate"
"2023-12-01","2023-12-31","VIC","65 and over","Police issued",2,2023,"Police issued",12,"duplicate"
"2023-12-01","2023-12-31","VIC","17-25","Police issued",31,2023,"Police issued",12,"duplicate"
"2023-12-01","2023-12-31","VIC","26-39","Police issued",44,2023,"Police issued",12,"duplicate"
"2023-12-01","2023-12-31","VIC","40-64","Police issued",34,2023,"Police issued",12,"duplicate"
"2023-12-01","2023-12-31","VIC","65 and over","Police issued",19,2023,"Police issued",12,"duplicate"
"2023-12-01","2023-12-31","WA","17-25","Average speed camera",264,2023,"Average speed camera",12,"unique"
"2023-12-01","2023-12-31","WA","26-39","Average speed camera",505,2023,"Average speed camera",12,"unique"
"2023-12-01","2023-12-31","WA","40-64","Average speed camera",592,2023,"Average speed camera",12,"unique"
"2023-12-01","2023-12-31","WA","65 and over","Average speed camera",104,2023,"Average speed camera",12,"unique"
"2023-12-01","2023-12-31","WA","17-25","Fixed camera",1065,2023,"Fixed camera",12,"unique"
"2023-12-01","2023-12-31","WA","26-39","Fixed camera",3353,2023,"Fixed camera",12,"unique"
"2023-12-01","2023-12-31","WA","40-64","Fixed camera",5074,2023,"Fixed camera",12,"unique"
"2023-12-01","2023-12-31","WA","65 and over","Fixed camera",1347,2023,"Fixed camera",12,"unique"
"2023-12-01","2023-12-31","WA","Unknown","Fixed camera",6,2023,"Fixed camera",12,"unique"
"2023-12-01","2023-12-31","WA","0-16","Mobile camera",4,2023,"Mobile camera",12,"unique"
"2023-12-01","2023-12-31","WA","17-25","Mobile camera",4822,2023,"Mobile camera",12,"unique"
"2023-12-01","2023-12-31","WA","26-39","Mobile camera",12015,2023,"Mobile camera",12,"unique"
"2023-12-01","2023-12-31","WA","40-64","Mobile camera",16724,2023,"Mobile camera",12,"unique"
"2023-12-01","2023-12-31","WA","65 and over","Mobile camera",4121,2023,"Mobile camera",12,"unique"
"2023-12-01","2023-12-31","WA","Unknown","Mobile camera",9,2023,"Mobile camera",12,"unique"
"2023-12-01","2023-12-31","WA","17-25","Police issued",562,2023,"Police issued",12,"unique"
"2023-12-01","2023-12-31","WA","26-39","Police issued",1124,2023,"Police issued",12,"unique"
"2023-12-01","2023-12-31","WA","40-64","Police issued",1260,2023,"Police issued",12,"unique"
"2023-12-01","2023-12-31","WA","65 and over","Police issued",235,2023,"Police issued",12,"unique"
"2023-12-01","2023-12-31","WA","Unknown","Police issued",2,2023,"Police issued",12,"unique"
"2023-12-01","2023-12-31","WA","17-25","Red light camera",1071,2023,"Red light camera",12,"unique"
"2023-12-01","2023-12-31","WA","26-39","Red light camera",3840,2023,"Red light camera",12,"unique"
"2023-12-01","2023-12-31","WA","40-64","Red light camera",8220,2023,"Red light camera",12,"unique"
"2023-12-01","2023-12-31","WA","65 and over","Red light camera",2610,2023,"Red light camera",12,"unique"
"2023-12-01","2023-12-31","WA","Unknown","Red light camera",6,2023,"Red light camera",12,"unique"
"2023-12-01","2023-12-31","WA","17-25","Unknown",0,2023,"Unknown",12,"unique"
"2023-12-01","2023-12-31","WA","26-39","Unknown",0,2023,"Unknown",12,"unique"
"2023-12-01","2023-12-31","WA","40-64","Unknown",0,2023,"Unknown",12,"unique"
"2023-12-01","2023-12-31","WA","65 and over","Unknown",0,2023,"Unknown",12,"unique"
"2024-01-01","2024-01-31","ACT","0-16","Fixed camera",2,2024,"Fixed camera",1,"unique"
"2024-01-01","2024-01-31","ACT","17-25","Fixed camera",516,2024,"Fixed camera",1,"unique"
"2024-01-01","2024-01-31","ACT","26-39","Fixed camera",1269,2024,"Fixed camera",1,"unique"
"2024-01-01","2024-01-31","ACT","40-64","Fixed camera",2317,2024,"Fixed camera",1,"unique"
"2024-01-01","2024-01-31","ACT","65 and over","Fixed camera",634,2024,"Fixed camera",1,"unique"
"2024-01-01","2024-01-31","ACT","Unknown","Fixed camera",68,2024,"Fixed camera",1,"unique"
"2024-01-01","2024-01-31","ACT","0-16","Mobile camera",3,2024,"Mobile camera",1,"unique"
"2024-01-01","2024-01-31","ACT","17-25","Mobile camera",146,2024,"Mobile camera",1,"unique"
"2024-01-01","2024-01-31","ACT","26-39","Mobile camera",385,2024,"Mobile camera",1,"unique"
"2024-01-01","2024-01-31","ACT","40-64","Mobile camera",445,2024,"Mobile camera",1,"unique"
"2024-01-01","2024-01-31","ACT","65 and over","Mobile camera",151,2024,"Mobile camera",1,"unique"
"2024-01-01","2024-01-31","ACT","Unknown","Mobile camera",15,2024,"Mobile camera",1,"unique"
"2024-01-01","2024-01-31","ACT","0-16","Police issued",3,2024,"Police issued",1,"unique"
"2024-01-01","2024-01-31","ACT","17-25","Police issued",50,2024,"Police issued",1,"unique"
"2024-01-01","2024-01-31","ACT","26-39","Police issued",89,2024,"Police issued",1,"unique"
"2024-01-01","2024-01-31","ACT","40-64","Police issued",54,2024,"Police issued",1,"unique"
"2024-01-01","2024-01-31","ACT","65 and over","Police issued",3,2024,"Police issued",1,"unique"
"2024-01-01","2024-01-31","NSW","Unknown","Fixed camera",28498,2024,"Fixed camera",1,"unique"
"2024-01-01","2024-01-31","NSW","Unknown","Mobile camera",2870,2024,"Mobile camera",1,"unique"
"2024-01-01","2024-01-31","NSW","40-64","Police issued",1888,2024,"Police issued",1,"chosen"
"2024-01-01","2024-01-31","NSW","65 and over","Police issued",285,2024,"Police issued",1,"chosen"
"2024-01-01","2024-01-31","NSW","0-16","Police issued",2,2024,"Police issued",1,"chosen"
"2024-01-01","2024-01-31","NSW","17-25","Police issued",347,2024,"Police issued",1,"chosen"
"2024-01-01","2024-01-31","NSW","26-39","Police issued",639,2024,"Police issued",1,"chosen"
"2024-01-01","2024-01-31","NSW","40-64","Police issued",732,2024,"Police issued",1,"duplicate"
"2024-01-01","2024-01-31","NSW","65 and over","Police issued",194,2024,"Police issued",1,"duplicate"
"2024-01-01","2024-01-31","NSW","0-16","Police issued",1,2024,"Police issued",1,"duplicate"
"2024-01-01","2024-01-31","NSW","17-25","Police issued",28,2024,"Police issued",1,"duplicate"
"2024-01-01","2024-01-31","NSW","26-39","Police issued",55,2024,"Police issued",1,"duplicate"
"2024-01-01","2024-01-31","NSW","40-64","Police issued",54,2024,"Police issued",1,"duplicate"
"2024-01-01","2024-01-31","NSW","65 and over","Police issued",21,2024,"Police issued",1,"duplicate"
"2024-01-01","2024-01-31","NSW","0-16","Police issued",2,2024,"Police issued",1,"duplicate"
"2024-01-01","2024-01-31","NSW","17-25","Police issued",96,2024,"Police issued",1,"duplicate"
"2024-01-01","2024-01-31","NSW","26-39","Police issued",136,2024,"Police issued",1,"duplicate"
"2024-01-01","2024-01-31","NSW","40-64","Police issued",126,2024,"Police issued",1,"duplicate"
"2024-01-01","2024-01-31","NSW","65 and over","Police issued",26,2024,"Police issued",1,"duplicate"
"2024-01-01","2024-01-31","NSW","17-25","Police issued",2,2024,"Police issued",1,"duplicate"
"2024-01-01","2024-01-31","NSW","26-39","Police issued",4,2024,"Police issued",1,"duplicate"
"2024-01-01","2024-01-31","NSW","40-64","Police issued",5,2024,"Police issued",1,"duplicate"
"2024-01-01","2024-01-31","NSW","0-16","Police issued",5,2024,"Police issued",1,"duplicate"
"2024-01-01","2024-01-31","NSW","17-25","Police issued",1373,2024,"Police issued",1,"duplicate"
"2024-01-01","2024-01-31","NSW","26-39","Police issued",2195,2024,"Police issued",1,"duplicate"
"2024-01-01","2024-01-31","NSW","40-64","Police issued",2280,2024,"Police issued",1,"duplicate"
"2024-01-01","2024-01-31","NSW","65 and over","Police issued",512,2024,"Police issued",1,"duplicate"
"2024-01-01","2024-01-31","NSW","0-16","Police issued",7,2024,"Police issued",1,"duplicate"
"2024-01-01","2024-01-31","NSW","17-25","Police issued",2010,2024,"Police issued",1,"duplicate"
"2024-01-01","2024-01-31","NSW","26-39","Police issued",2266,2024,"Police issued",1,"duplicate"
"2024-01-01","2024-01-31","NSW","Unknown","Red light camera",17764,2024,"Red light camera",1,"unique"
"2024-01-01","2024-01-31","NSW","Unknown","Unknown",1,2024,"Unknown",1,"unique"
"2024-01-01","2024-01-31","NT","17-25","Fixed camera",84,2024,"Fixed camera",1,"unique"
"2024-01-01","2024-01-31","NT","26-39","Fixed camera",380,2024,"Fixed camera",1,"unique"
"2024-01-01","2024-01-31","NT","40-64","Fixed camera",511,2024,"Fixed camera",1,"unique"
"2024-01-01","2024-01-31","NT","65 and over","Fixed camera",83,2024,"Fixed camera",1,"unique"
"2024-01-01","2024-01-31","NT","Unknown","Fixed camera",25,2024,"Fixed camera",1,"unique"
"2024-01-01","2024-01-31","NT","0-16","Mobile camera",3,2024,"Mobile camera",1,"unique"
"2024-01-01","2024-01-31","NT","17-25","Mobile camera",460,2024,"Mobile camera",1,"unique"
"2024-01-01","2024-01-31","NT","26-39","Mobile camera",1254,2024,"Mobile camera",1,"unique"
"2024-01-01","2024-01-31","NT","40-64","Mobile camera",1575,2024,"Mobile camera",1,"unique"
"2024-01-01","2024-01-31","NT","65 and over","Mobile camera",381,2024,"Mobile camera",1,"unique"
"2024-01-01","2024-01-31","NT","Unknown","Mobile camera",112,2024,"Mobile camera",1,"unique"
"2024-01-01","2024-01-31","NT","0-16","Other",0,2024,"Other",1,"unique"
"2024-01-01","2024-01-31","NT","17-25","Other",0,2024,"Other",1,"unique"
"2024-01-01","2024-01-31","NT","26-39","Other",0,2024,"Other",1,"unique"
"2024-01-01","2024-01-31","NT","40-64","Other",0,2024,"Other",1,"unique"
"2024-01-01","2024-01-31","NT","65 and over","Other",0,2024,"Other",1,"unique"
"2024-01-01","2024-01-31","NT","0-16","Police issued",2,2024,"Police issued",1,"unique"
"2024-01-01","2024-01-31","NT","17-25","Police issued",34,2024,"Police issued",1,"unique"
"2024-01-01","2024-01-31","NT","26-39","Police issued",46,2024,"Police issued",1,"unique"
"2024-01-01","2024-01-31","NT","40-64","Police issued",45,2024,"Police issued",1,"unique"
"2024-01-01","2024-01-31","NT","65 and over","Police issued",5,2024,"Police issued",1,"unique"
"2024-01-01","2024-01-31","QLD","0-16","Fixed camera",602,2024,"Fixed camera",1,"unique"
"2024-01-01","2024-01-31","QLD","17-25","Fixed camera",2530,2024,"Fixed camera",1,"unique"
"2024-01-01","2024-01-31","QLD","26-39","Fixed camera",6221,2024,"Fixed camera",1,"unique"
"2024-01-01","2024-01-31","QLD","40-64","Fixed camera",9251,2024,"Fixed camera",1,"unique"
"2024-01-01","2024-01-31","QLD","65 and over","Fixed camera",2350,2024,"Fixed camera",1,"unique"
"2024-01-01","2024-01-31","QLD","Unknown","Fixed camera",91,2024,"Fixed camera",1,"unique"
"2024-01-01","2024-01-31","QLD","0-16","Mobile camera",748,2024,"Mobile camera",1,"unique"
"2024-01-01","2024-01-31","QLD","17-25","Mobile camera",5118,2024,"Mobile camera",1,"unique"
"2024-01-01","2024-01-31","QLD","26-39","Mobile camera",10612,2024,"Mobile camera",1,"unique"
"2024-01-01","2024-01-31","QLD","40-64","Mobile camera",15185,2024,"Mobile camera",1,"unique"
"2024-01-01","2024-01-31","QLD","65 and over","Mobile camera",3861,2024,"Mobile camera",1,"unique"
"2024-01-01","2024-01-31","QLD","Unknown","Mobile camera",131,2024,"Mobile camera",1,"unique"
"2024-01-01","2024-01-31","QLD","0-16","Police issued",4,2024,"Police issued",1,"unique"
"2024-01-01","2024-01-31","QLD","17-25","Police issued",1991,2024,"Police issued",1,"unique"
"2024-01-01","2024-01-31","QLD","26-39","Police issued",2825,2024,"Police issued",1,"unique"
"2024-01-01","2024-01-31","QLD","40-64","Police issued",3245,2024,"Police issued",1,"unique"
"2024-01-01","2024-01-31","QLD","65 and over","Police issued",636,2024,"Police issued",1,"unique"
"2024-01-01","2024-01-31","QLD","Unknown","Police issued",2,2024,"Police issued",1,"unique"
"2024-01-01","2024-01-31","SA","17-25","Fixed camera",47,2024,"Fixed camera",1,"chosen"
"2024-01-01","2024-01-31","SA","26-39","Fixed camera",95,2024,"Fixed camera",1,"chosen"
"2024-01-01","2024-01-31","SA","40-64","Fixed camera",123,2024,"Fixed camera",1,"chosen"
"2024-01-01","2024-01-31","SA","65 and over","Fixed camera",46,2024,"Fixed camera",1,"chosen"
"2024-01-01","2024-01-31","SA","Unknown","Fixed camera",15,2024,"Fixed camera",1,"chosen"
"2024-01-01","2024-01-31","SA","0-16","Fixed camera",1,2024,"Fixed camera",1,"unique"
"2024-01-01","2024-01-31","SA","17-25","Fixed camera",399,2024,"Fixed camera",1,"duplicate"
"2024-01-01","2024-01-31","SA","26-39","Fixed camera",998,2024,"Fixed camera",1,"duplicate"
"2024-01-01","2024-01-31","SA","40-64","Fixed camera",2158,2024,"Fixed camera",1,"duplicate"
"2024-01-01","2024-01-31","SA","65 and over","Fixed camera",918,2024,"Fixed camera",1,"duplicate"
"2024-01-01","2024-01-31","SA","Unknown","Fixed camera",126,2024,"Fixed camera",1,"duplicate"
"2024-01-01","2024-01-31","SA","17-25","Fixed camera",30,2024,"Fixed camera",1,"duplicate"
"2024-01-01","2024-01-31","SA","26-39","Fixed camera",57,2024,"Fixed camera",1,"duplicate"
"2024-01-01","2024-01-31","SA","40-64","Fixed camera",74,2024,"Fixed camera",1,"duplicate"
"2024-01-01","2024-01-31","SA","65 and over","Fixed camera",15,2024,"Fixed camera",1,"duplicate"
"2024-01-01","2024-01-31","SA","Unknown","Fixed camera",8,2024,"Fixed camera",1,"duplicate"
"2024-01-01","2024-01-31","SA","17-25","Mobile camera",150,2024,"Mobile camera",1,"chosen"
"2024-01-01","2024-01-31","SA","26-39","Mobile camera",408,2024,"Mobile camera",1,"chosen"
"2024-01-01","2024-01-31","SA","40-64","Mobile camera",744,2024,"Mobile camera",1,"chosen"
"2024-01-01","2024-01-31","SA","65 and over","Mobile camera",310,2024,"Mobile camera",1,"chosen"
"2024-01-01","2024-01-31","SA","Unknown","Mobile camera",24,2024,"Mobile camera",1,"chosen"
"2024-01-01","2024-01-31","SA","0-16","Mobile camera",1,2024,"Mobile camera",1,"chosen"
"2024-01-01","2024-01-31","SA","17-25","Mobile camera",549,2024,"Mobile camera",1,"duplicate"
"2024-01-01","2024-01-31","SA","26-39","Mobile camera",1369,2024,"Mobile camera",1,"duplicate"
"2024-01-01","2024-01-31","SA","40-64","Mobile camera",2301,2024,"Mobile camera",1,"duplicate"
"2024-01-01","2024-01-31","SA","65 and over","Mobile camera",721,2024,"Mobile camera",1,"duplicate"
"2024-01-01","2024-01-31","SA","Unknown","Mobile camera",115,2024,"Mobile camera",1,"duplicate"
"2024-01-01","2024-01-31","SA","0-16","Mobile camera",1,2024,"Mobile camera",1,"duplicate"
"2024-01-01","2024-01-31","SA","17-25","Mobile camera",48,2024,"Mobile camera",1,"duplicate"
"2024-01-01","2024-01-31","SA","26-39","Mobile camera",161,2024,"Mobile camera",1,"duplicate"
"2024-01-01","2024-01-31","SA","40-64","Mobile camera",282,2024,"Mobile camera",1,"duplicate"
"2024-01-01","2024-01-31","SA","65 and over","Mobile camera",128,2024,"Mobile camera",1,"duplicate"
"2024-01-01","2024-01-31","SA","Unknown","Mobile camera",8,2024,"Mobile camera",1,"duplicate"
"2024-01-01","2024-01-31","SA","17-25","Mobile camera",7,2024,"Mobile camera",1,"duplicate"
"2024-01-01","2024-01-31","SA","26-39","Mobile camera",12,2024,"Mobile camera",1,"duplicate"
"2024-01-01","2024-01-31","SA","40-64","Mobile camera",31,2024,"Mobile camera",1,"duplicate"
"2024-01-01","2024-01-31","SA","65 and over","Mobile camera",5,2024,"Mobile camera",1,"duplicate"
"2024-01-01","2024-01-31","SA","Unknown","Mobile camera",3,2024,"Mobile camera",1,"duplicate"
"2024-01-01","2024-01-31","SA","17-25","Police issued",165,2024,"Police issued",1,"chosen"
"2024-01-01","2024-01-31","SA","26-39","Police issued",374,2024,"Police issued",1,"chosen"
"2024-01-01","2024-01-31","SA","40-64","Police issued",443,2024,"Police issued",1,"chosen"
"2024-01-01","2024-01-31","SA","65 and over","Police issued",139,2024,"Police issued",1,"chosen"
"2024-01-01","2024-01-31","SA","Unknown","Police issued",1,2024,"Police issued",1,"chosen"
"2024-01-01","2024-01-31","SA","17-25","Police issued",228,2024,"Police issued",1,"duplicate"
"2024-01-01","2024-01-31","SA","26-39","Police issued",333,2024,"Police issued",1,"duplicate"
"2024-01-01","2024-01-31","SA","40-64","Police issued",392,2024,"Police issued",1,"duplicate"
"2024-01-01","2024-01-31","SA","65 and over","Police issued",95,2024,"Police issued",1,"duplicate"
"2024-01-01","2024-01-31","SA","Unknown","Police issued",1,2024,"Police issued",1,"duplicate"
"2024-01-01","2024-01-31","SA","17-25","Police issued",184,2024,"Police issued",1,"duplicate"
"2024-01-01","2024-01-31","SA","26-39","Police issued",369,2024,"Police issued",1,"duplicate"
"2024-01-01","2024-01-31","SA","40-64","Police issued",458,2024,"Police issued",1,"duplicate"
"2024-01-01","2024-01-31","SA","65 and over","Police issued",110,2024,"Police issued",1,"duplicate"
"2024-01-01","2024-01-31","SA","17-25","Police issued",40,2024,"Police issued",1,"duplicate"
"2024-01-01","2024-01-31","SA","26-39","Police issued",70,2024,"Police issued",1,"duplicate"
"2024-01-01","2024-01-31","SA","40-64","Police issued",74,2024,"Police issued",1,"duplicate"
"2024-01-01","2024-01-31","SA","65 and over","Police issued",13,2024,"Police issued",1,"duplicate"
"2024-01-01","2024-01-31","SA","17-25","Police issued",16,2024,"Police issued",1,"duplicate"
"2024-01-01","2024-01-31","SA","26-39","Police issued",29,2024,"Police issued",1,"duplicate"
"2024-01-01","2024-01-31","SA","40-64","Police issued",45,2024,"Police issued",1,"duplicate"
"2024-01-01","2024-01-31","SA","65 and over","Police issued",10,2024,"Police issued",1,"duplicate"
"2024-01-01","2024-01-31","SA","17-25","Police issued",19,2024,"Police issued",1,"duplicate"
"2024-01-01","2024-01-31","SA","26-39","Police issued",37,2024,"Police issued",1,"duplicate"
"2024-01-01","2024-01-31","SA","40-64","Police issued",50,2024,"Police issued",1,"duplicate"
"2024-01-01","2024-01-31","SA","65 and over","Police issued",8,2024,"Police issued",1,"duplicate"
"2024-01-01","2024-01-31","TAS","17-25","Fixed or mobile camera",657,2024,"Camera (fixed/mobile)",1,"unique"
"2024-01-01","2024-01-31","TAS","26-39","Fixed or mobile camera",1655,2024,"Camera (fixed/mobile)",1,"unique"
"2024-01-01","2024-01-31","TAS","40-64","Fixed or mobile camera",2471,2024,"Camera (fixed/mobile)",1,"unique"
"2024-01-01","2024-01-31","TAS","65 and over","Fixed or mobile camera",933,2024,"Camera (fixed/mobile)",1,"unique"
"2024-01-01","2024-01-31","TAS","17-25","Police issued",348,2024,"Police issued",1,"unique"
"2024-01-01","2024-01-31","TAS","26-39","Police issued",543,2024,"Police issued",1,"unique"
"2024-01-01","2024-01-31","TAS","40-64","Police issued",649,2024,"Police issued",1,"unique"
"2024-01-01","2024-01-31","TAS","65 and over","Police issued",179,2024,"Police issued",1,"unique"
"2024-01-01","2024-01-31","VIC","0-16","Fixed camera",0,2024,"Fixed camera",1,"chosen"
"2024-01-01","2024-01-31","VIC","17-25","Fixed camera",138,2024,"Fixed camera",1,"chosen"
"2024-01-01","2024-01-31","VIC","26-39","Fixed camera",503,2024,"Fixed camera",1,"chosen"
"2024-01-01","2024-01-31","VIC","40-64","Fixed camera",882,2024,"Fixed camera",1,"chosen"
"2024-01-01","2024-01-31","VIC","65 and over","Fixed camera",377,2024,"Fixed camera",1,"chosen"
"2024-01-01","2024-01-31","VIC","Unknown","Fixed camera",32,2024,"Fixed camera",1,"chosen"
"2024-01-01","2024-01-31","VIC","0-16","Fixed camera",0,2024,"Fixed camera",1,"duplicate"
"2024-01-01","2024-01-31","VIC","17-25","Fixed camera",3335,2024,"Fixed camera",1,"duplicate"
"2024-01-01","2024-01-31","VIC","26-39","Fixed camera",12612,2024,"Fixed camera",1,"duplicate"
"2024-01-01","2024-01-31","VIC","40-64","Fixed camera",21894,2024,"Fixed camera",1,"duplicate"
"2024-01-01","2024-01-31","VIC","65 and over","Fixed camera",6792,2024,"Fixed camera",1,"duplicate"
"2024-01-01","2024-01-31","VIC","Unknown","Fixed camera",1063,2024,"Fixed camera",1,"duplicate"
"2024-01-01","2024-01-31","VIC","0-16","Fixed camera",0,2024,"Fixed camera",1,"duplicate"
"2024-01-01","2024-01-31","VIC","17-25","Fixed camera",5,2024,"Fixed camera",1,"duplicate"
"2024-01-01","2024-01-31","VIC","26-39","Fixed camera",7,2024,"Fixed camera",1,"duplicate"
"2024-01-01","2024-01-31","VIC","40-64","Fixed camera",19,2024,"Fixed camera",1,"duplicate"
"2024-01-01","2024-01-31","VIC","65 and over","Fixed camera",6,2024,"Fixed camera",1,"duplicate"
"2024-01-01","2024-01-31","VIC","Unknown","Fixed camera",1,2024,"Fixed camera",1,"duplicate"
"2024-01-01","2024-01-31","VIC","0-16","Fixed camera",0,2024,"Fixed camera",1,"duplicate"
"2024-01-01","2024-01-31","VIC","17-25","Fixed camera",0,2024,"Fixed camera",1,"duplicate"
"2024-01-01","2024-01-31","VIC","26-39","Fixed camera",0,2024,"Fixed camera",1,"duplicate"
"2024-01-01","2024-01-31","VIC","40-64","Fixed camera",0,2024,"Fixed camera",1,"duplicate"
"2024-01-01","2024-01-31","VIC","65 and over","Fixed camera",0,2024,"Fixed camera",1,"duplicate"
"2024-01-01","2024-01-31","VIC","Unknown","Fixed camera",0,2024,"Fixed camera",1,"duplicate"
"2024-01-01","2024-01-31","VIC","0-16","Fixed camera",0,2024,"Fixed camera",1,"duplicate"
"2024-01-01","2024-01-31","VIC","17-25","Fixed camera",702,2024,"Fixed camera",1,"duplicate"
"2024-01-01","2024-01-31","VIC","26-39","Fixed camera",1686,2024,"Fixed camera",1,"duplicate"
"2024-01-01","2024-01-31","VIC","40-64","Fixed camera",2198,2024,"Fixed camera",1,"duplicate"
"2024-01-01","2024-01-31","VIC","65 and over","Fixed camera",487,2024,"Fixed camera",1,"duplicate"
"2024-01-01","2024-01-31","VIC","Unknown","Fixed camera",118,2024,"Fixed camera",1,"duplicate"
"2024-01-01","2024-01-31","VIC","0-16","Mobile camera",0,2024,"Mobile camera",1,"chosen"
"2024-01-01","2024-01-31","VIC","17-25","Mobile camera",574,2024,"Mobile camera",1,"chosen"
"2024-01-01","2024-01-31","VIC","26-39","Mobile camera",1956,2024,"Mobile camera",1,"chosen"
"2024-01-01","2024-01-31","VIC","40-64","Mobile camera",3176,2024,"Mobile camera",1,"chosen"
"2024-01-01","2024-01-31","VIC","65 and over","Mobile camera",1306,2024,"Mobile camera",1,"chosen"
"2024-01-01","2024-01-31","VIC","Unknown","Mobile camera",119,2024,"Mobile camera",1,"chosen"
"2024-01-01","2024-01-31","VIC","0-16","Mobile camera",0,2024,"Mobile camera",1,"duplicate"
"2024-01-01","2024-01-31","VIC","17-25","Mobile camera",2263,2024,"Mobile camera",1,"duplicate"
"2024-01-01","2024-01-31","VIC","26-39","Mobile camera",8905,2024,"Mobile camera",1,"duplicate"
"2024-01-01","2024-01-31","VIC","40-64","Mobile camera",13426,2024,"Mobile camera",1,"duplicate"
"2024-01-01","2024-01-31","VIC","65 and over","Mobile camera",4162,2024,"Mobile camera",1,"duplicate"
"2024-01-01","2024-01-31","VIC","Unknown","Mobile camera",625,2024,"Mobile camera",1,"duplicate"
"2024-01-01","2024-01-31","VIC","0-16","Mobile camera",0,2024,"Mobile camera",1,"duplicate"
"2024-01-01","2024-01-31","VIC","17-25","Mobile camera",101,2024,"Mobile camera",1,"duplicate"
"2024-01-01","2024-01-31","VIC","26-39","Mobile camera",354,2024,"Mobile camera",1,"duplicate"
"2024-01-01","2024-01-31","VIC","40-64","Mobile camera",636,2024,"Mobile camera",1,"duplicate"
"2024-01-01","2024-01-31","VIC","65 and over","Mobile camera",231,2024,"Mobile camera",1,"duplicate"
"2024-01-01","2024-01-31","VIC","Unknown","Mobile camera",23,2024,"Mobile camera",1,"duplicate"
"2024-01-01","2024-01-31","VIC","0-16","Mobile camera",0,2024,"Mobile camera",1,"duplicate"
"2024-01-01","2024-01-31","VIC","17-25","Mobile camera",0,2024,"Mobile camera",1,"duplicate"
"2024-01-01","2024-01-31","VIC","26-39","Mobile camera",0,2024,"Mobile camera",1,"duplicate"
"2024-01-01","2024-01-31","VIC","40-64","Mobile camera",1,2024,"Mobile camera",1,"duplicate"
"2024-01-01","2024-01-31","VIC","65 and over","Mobile camera",0,2024,"Mobile camera",1,"duplicate"
"2024-01-01","2024-01-31","VIC","Unknown","Mobile camera",0,2024,"Mobile camera",1,"duplicate"
"2024-01-01","2024-01-31","VIC","0-16","Mobile camera",0,2024,"Mobile camera",1,"duplicate"
"2024-01-01","2024-01-31","VIC","17-25","Mobile camera",0,2024,"Mobile camera",1,"duplicate"
"2024-01-01","2024-01-31","VIC","26-39","Mobile camera",0,2024,"Mobile camera",1,"duplicate"
"2024-01-01","2024-01-31","VIC","40-64","Mobile camera",0,2024,"Mobile camera",1,"duplicate"
"2024-01-01","2024-01-31","VIC","65 and over","Mobile camera",0,2024,"Mobile camera",1,"duplicate"
"2024-01-01","2024-01-31","VIC","Unknown","Mobile camera",0,2024,"Mobile camera",1,"duplicate"
"2024-01-01","2024-01-31","VIC","0-16","Police issued",2,2024,"Police issued",1,"unique"
"2024-01-01","2024-01-31","VIC","17-25","Police issued",2207,2024,"Police issued",1,"unique"
"2024-01-01","2024-01-31","VIC","26-39","Police issued",3920,2024,"Police issued",1,"unique"
"2024-01-01","2024-01-31","VIC","40-64","Police issued",4556,2024,"Police issued",1,"unique"
"2024-01-01","2024-01-31","VIC","65 and over","Police issued",979,2024,"Police issued",1,"unique"
"2024-01-01","2024-01-31","VIC","Unknown","Police issued",7,2024,"Police issued",1,"unique"
"2024-01-01","2024-01-31","WA","0-16","Average speed camera",1,2024,"Average speed camera",1,"unique"
"2024-01-01","2024-01-31","WA","17-25","Average speed camera",174,2024,"Average speed camera",1,"unique"
"2024-01-01","2024-01-31","WA","26-39","Average speed camera",416,2024,"Average speed camera",1,"unique"
"2024-01-01","2024-01-31","WA","40-64","Average speed camera",522,2024,"Average speed camera",1,"unique"
"2024-01-01","2024-01-31","WA","65 and over","Average speed camera",82,2024,"Average speed camera",1,"unique"
"2024-01-01","2024-01-31","WA","0-16","Fixed camera",9,2024,"Fixed camera",1,"unique"
"2024-01-01","2024-01-31","WA","17-25","Fixed camera",833,2024,"Fixed camera",1,"unique"
"2024-01-01","2024-01-31","WA","26-39","Fixed camera",2838,2024,"Fixed camera",1,"unique"
"2024-01-01","2024-01-31","WA","40-64","Fixed camera",4244,2024,"Fixed camera",1,"unique"
"2024-01-01","2024-01-31","WA","65 and over","Fixed camera",1136,2024,"Fixed camera",1,"unique"
"2024-01-01","2024-01-31","WA","0-16","Mobile camera",13,2024,"Mobile camera",1,"unique"
"2024-01-01","2024-01-31","WA","17-25","Mobile camera",3729,2024,"Mobile camera",1,"unique"
"2024-01-01","2024-01-31","WA","26-39","Mobile camera",10520,2024,"Mobile camera",1,"unique"
"2024-01-01","2024-01-31","WA","40-64","Mobile camera",14344,2024,"Mobile camera",1,"unique"
"2024-01-01","2024-01-31","WA","65 and over","Mobile camera",3538,2024,"Mobile camera",1,"unique"
"2024-01-01","2024-01-31","WA","17-25","Police issued",1046,2024,"Police issued",1,"unique"
"2024-01-01","2024-01-31","WA","26-39","Police issued",2140,2024,"Police issued",1,"unique"
"2024-01-01","2024-01-31","WA","40-64","Police issued",2419,2024,"Police issued",1,"unique"
"2024-01-01","2024-01-31","WA","65 and over","Police issued",431,2024,"Police issued",1,"unique"
"2024-01-01","2024-01-31","WA","0-16","Red light camera",5,2024,"Red light camera",1,"unique"
"2024-01-01","2024-01-31","WA","17-25","Red light camera",737,2024,"Red light camera",1,"unique"
"2024-01-01","2024-01-31","WA","26-39","Red light camera",2912,2024,"Red light camera",1,"unique"
"2024-01-01","2024-01-31","WA","40-64","Red light camera",6352,2024,"Red light camera",1,"unique"
"2024-01-01","2024-01-31","WA","65 and over","Red light camera",2129,2024,"Red light camera",1,"unique"
"2024-01-01","2024-01-31","WA","17-25","Unknown",0,2024,"Unknown",1,"unique"
"2024-01-01","2024-01-31","WA","26-39","Unknown",0,2024,"Unknown",1,"unique"
"2024-01-01","2024-01-31","WA","40-64","Unknown",0,2024,"Unknown",1,"unique"
"2024-01-01","2024-01-31","WA","65 and over","Unknown",0,2024,"Unknown",1,"unique"
"2024-02-01","2024-02-29","ACT","0-16","Fixed camera",3,2024,"Fixed camera",2,"unique"
"2024-02-01","2024-02-29","ACT","17-25","Fixed camera",449,2024,"Fixed camera",2,"unique"
"2024-02-01","2024-02-29","ACT","26-39","Fixed camera",991,2024,"Fixed camera",2,"unique"
"2024-02-01","2024-02-29","ACT","40-64","Fixed camera",1756,2024,"Fixed camera",2,"unique"
"2024-02-01","2024-02-29","ACT","65 and over","Fixed camera",542,2024,"Fixed camera",2,"unique"
"2024-02-01","2024-02-29","ACT","Unknown","Fixed camera",64,2024,"Fixed camera",2,"unique"
"2024-02-01","2024-02-29","ACT","17-25","Mobile camera",319,2024,"Mobile camera",2,"unique"
"2024-02-01","2024-02-29","ACT","26-39","Mobile camera",745,2024,"Mobile camera",2,"unique"
"2024-02-01","2024-02-29","ACT","40-64","Mobile camera",870,2024,"Mobile camera",2,"unique"
"2024-02-01","2024-02-29","ACT","65 and over","Mobile camera",306,2024,"Mobile camera",2,"unique"
"2024-02-01","2024-02-29","ACT","Unknown","Mobile camera",29,2024,"Mobile camera",2,"unique"
"2024-02-01","2024-02-29","ACT","0-16","Police issued",4,2024,"Police issued",2,"unique"
"2024-02-01","2024-02-29","ACT","17-25","Police issued",48,2024,"Police issued",2,"unique"
"2024-02-01","2024-02-29","ACT","26-39","Police issued",68,2024,"Police issued",2,"unique"
"2024-02-01","2024-02-29","ACT","40-64","Police issued",50,2024,"Police issued",2,"unique"
"2024-02-01","2024-02-29","ACT","65 and over","Police issued",7,2024,"Police issued",2,"unique"
"2024-02-01","2024-02-29","NSW","Unknown","Fixed camera",34831,2024,"Fixed camera",2,"unique"
"2024-02-01","2024-02-29","NSW","Unknown","Mobile camera",2595,2024,"Mobile camera",2,"unique"
"2024-02-01","2024-02-29","NSW","0-16","Police issued",5,2024,"Police issued",2,"chosen"
"2024-02-01","2024-02-29","NSW","17-25","Police issued",1310,2024,"Police issued",2,"chosen"
"2024-02-01","2024-02-29","NSW","26-39","Police issued",1959,2024,"Police issued",2,"chosen"
"2024-02-01","2024-02-29","NSW","40-64","Police issued",2072,2024,"Police issued",2,"chosen"
"2024-02-01","2024-02-29","NSW","65 and over","Police issued",508,2024,"Police issued",2,"chosen"
"2024-02-01","2024-02-29","NSW","0-16","Police issued",6,2024,"Police issued",2,"duplicate"
"2024-02-01","2024-02-29","NSW","17-25","Police issued",1709,2024,"Police issued",2,"duplicate"
"2024-02-01","2024-02-29","NSW","26-39","Police issued",1838,2024,"Police issued",2,"duplicate"
"2024-02-01","2024-02-29","NSW","40-64","Police issued",1705,2024,"Police issued",2,"duplicate"
"2024-02-01","2024-02-29","NSW","65 and over","Police issued",258,2024,"Police issued",2,"duplicate"
"2024-02-01","2024-02-29","NSW","0-16","Police issued",0,2024,"Police issued",2,"duplicate"
"2024-02-01","2024-02-29","NSW","17-25","Police issued",331,2024,"Police issued",2,"duplicate"
"2024-02-01","2024-02-29","NSW","26-39","Police issued",557,2024,"Police issued",2,"duplicate"
"2024-02-01","2024-02-29","NSW","40-64","Police issued",730,2024,"Police issued",2,"duplicate"
"2024-02-01","2024-02-29","NSW","65 and over","Police issued",173,2024,"Police issued",2,"duplicate"
"2024-02-01","2024-02-29","NSW","17-25","Police issued",31,2024,"Police issued",2,"duplicate"
"2024-02-01","2024-02-29","NSW","26-39","Police issued",55,2024,"Police issued",2,"duplicate"
"2024-02-01","2024-02-29","NSW","40-64","Police issued",70,2024,"Police issued",2,"duplicate"
"2024-02-01","2024-02-29","NSW","65 and over","Police issued",16,2024,"Police issued",2,"duplicate"
"2024-02-01","2024-02-29","NSW","17-25","Police issued",32,2024,"Police issued",2,"duplicate"
"2024-02-01","2024-02-29","NSW","26-39","Police issued",28,2024,"Police issued",2,"duplicate"
"2024-02-01","2024-02-29","NSW","40-64","Police issued",32,2024,"Police issued",2,"duplicate"
"2024-02-01","2024-02-29","NSW","65 and over","Police issued",3,2024,"Police issued",2,"duplicate"
"2024-02-01","2024-02-29","NSW","17-25","Police issued",1,2024,"Police issued",2,"duplicate"
"2024-02-01","2024-02-29","NSW","26-39","Police issued",6,2024,"Police issued",2,"duplicate"
"2024-02-01","2024-02-29","NSW","40-64","Police issued",8,2024,"Police issued",2,"duplicate"
"2024-02-01","2024-02-29","NSW","65 and over","Police issued",1,2024,"Police issued",2,"duplicate"
"2024-02-01","2024-02-29","NSW","Unknown","Red light camera",16954,2024,"Red light camera",2,"unique"
"2024-02-01","2024-02-29","NT","0-16","Fixed camera",3,2024,"Fixed camera",2,"unique"
"2024-02-01","2024-02-29","NT","17-25","Fixed camera",136,2024,"Fixed camera",2,"unique"
"2024-02-01","2024-02-29","NT","26-39","Fixed camera",657,2024,"Fixed camera",2,"unique"
"2024-02-01","2024-02-29","NT","40-64","Fixed camera",836,2024,"Fixed camera",2,"unique"
"2024-02-01","2024-02-29","NT","65 and over","Fixed camera",116,2024,"Fixed camera",2,"unique"
"2024-02-01","2024-02-29","NT","Unknown","Fixed camera",88,2024,"Fixed camera",2,"unique"
"2024-02-01","2024-02-29","NT","0-16","Mobile camera",5,2024,"Mobile camera",2,"unique"
"2024-02-01","2024-02-29","NT","17-25","Mobile camera",387,2024,"Mobile camera",2,"unique"
"2024-02-01","2024-02-29","NT","26-39","Mobile camera",966,2024,"Mobile camera",2,"unique"
"2024-02-01","2024-02-29","NT","40-64","Mobile camera",1200,2024,"Mobile camera",2,"unique"
"2024-02-01","2024-02-29","NT","65 and over","Mobile camera",279,2024,"Mobile camera",2,"unique"
"2024-02-01","2024-02-29","NT","Unknown","Mobile camera",129,2024,"Mobile camera",2,"unique"
"2024-02-01","2024-02-29","NT","17-25","Other",0,2024,"Other",2,"unique"
"2024-02-01","2024-02-29","NT","26-39","Other",0,2024,"Other",2,"unique"
"2024-02-01","2024-02-29","NT","40-64","Other",0,2024,"Other",2,"unique"
"2024-02-01","2024-02-29","NT","0-16","Police issued",1,2024,"Police issued",2,"unique"
"2024-02-01","2024-02-29","NT","17-25","Police issued",46,2024,"Police issued",2,"unique"
"2024-02-01","2024-02-29","NT","26-39","Police issued",60,2024,"Police issued",2,"unique"
"2024-02-01","2024-02-29","NT","40-64","Police issued",71,2024,"Police issued",2,"unique"
"2024-02-01","2024-02-29","NT","65 and over","Police issued",7,2024,"Police issued",2,"unique"
"2024-02-01","2024-02-29","QLD","0-16","Fixed camera",535,2024,"Fixed camera",2,"unique"
"2024-02-01","2024-02-29","QLD","17-25","Fixed camera",2372,2024,"Fixed camera",2,"unique"
"2024-02-01","2024-02-29","QLD","26-39","Fixed camera",5487,2024,"Fixed camera",2,"unique"
"2024-02-01","2024-02-29","QLD","40-64","Fixed camera",8259,2024,"Fixed camera",2,"unique"
"2024-02-01","2024-02-29","QLD","65 and over","Fixed camera",2153,2024,"Fixed camera",2,"unique"
"2024-02-01","2024-02-29","QLD","Unknown","Fixed camera",58,2024,"Fixed camera",2,"unique"
"2024-02-01","2024-02-29","QLD","0-16","Mobile camera",829,2024,"Mobile camera",2,"unique"
"2024-02-01","2024-02-29","QLD","17-25","Mobile camera",5051,2024,"Mobile camera",2,"unique"
"2024-02-01","2024-02-29","QLD","26-39","Mobile camera",10198,2024,"Mobile camera",2,"unique"
"2024-02-01","2024-02-29","QLD","40-64","Mobile camera",15045,2024,"Mobile camera",2,"unique"
"2024-02-01","2024-02-29","QLD","65 and over","Mobile camera",3988,2024,"Mobile camera",2,"unique"
"2024-02-01","2024-02-29","QLD","Unknown","Mobile camera",86,2024,"Mobile camera",2,"unique"
"2024-02-01","2024-02-29","QLD","0-16","Police issued",3,2024,"Police issued",2,"unique"
"2024-02-01","2024-02-29","QLD","17-25","Police issued",2137,2024,"Police issued",2,"unique"
"2024-02-01","2024-02-29","QLD","26-39","Police issued",3317,2024,"Police issued",2,"unique"
"2024-02-01","2024-02-29","QLD","40-64","Police issued",3862,2024,"Police issued",2,"unique"
"2024-02-01","2024-02-29","QLD","65 and over","Police issued",793,2024,"Police issued",2,"unique"
"2024-02-01","2024-02-29","SA","17-25","Fixed camera",31,2024,"Fixed camera",2,"chosen"
"2024-02-01","2024-02-29","SA","26-39","Fixed camera",94,2024,"Fixed camera",2,"chosen"
"2024-02-01","2024-02-29","SA","40-64","Fixed camera",117,2024,"Fixed camera",2,"chosen"
"2024-02-01","2024-02-29","SA","65 and over","Fixed camera",32,2024,"Fixed camera",2,"chosen"
"2024-02-01","2024-02-29","SA","Unknown","Fixed camera",20,2024,"Fixed camera",2,"chosen"
"2024-02-01","2024-02-29","SA","17-25","Fixed camera",402,2024,"Fixed camera",2,"duplicate"
"2024-02-01","2024-02-29","SA","26-39","Fixed camera",878,2024,"Fixed camera",2,"duplicate"
"2024-02-01","2024-02-29","SA","40-64","Fixed camera",1816,2024,"Fixed camera",2,"duplicate"
"2024-02-01","2024-02-29","SA","65 and over","Fixed camera",673,2024,"Fixed camera",2,"duplicate"
"2024-02-01","2024-02-29","SA","Unknown","Fixed camera",116,2024,"Fixed camera",2,"duplicate"
"2024-02-01","2024-02-29","SA","17-25","Fixed camera",15,2024,"Fixed camera",2,"duplicate"
"2024-02-01","2024-02-29","SA","26-39","Fixed camera",49,2024,"Fixed camera",2,"duplicate"
"2024-02-01","2024-02-29","SA","40-64","Fixed camera",62,2024,"Fixed camera",2,"duplicate"
"2024-02-01","2024-02-29","SA","65 and over","Fixed camera",18,2024,"Fixed camera",2,"duplicate"
"2024-02-01","2024-02-29","SA","Unknown","Fixed camera",6,2024,"Fixed camera",2,"duplicate"
"2024-02-01","2024-02-29","SA","17-25","Mobile camera",126,2024,"Mobile camera",2,"chosen"
"2024-02-01","2024-02-29","SA","26-39","Mobile camera",422,2024,"Mobile camera",2,"chosen"
"2024-02-01","2024-02-29","SA","40-64","Mobile camera",836,2024,"Mobile camera",2,"chosen"
"2024-02-01","2024-02-29","SA","65 and over","Mobile camera",377,2024,"Mobile camera",2,"chosen"
"2024-02-01","2024-02-29","SA","Unknown","Mobile camera",47,2024,"Mobile camera",2,"chosen"
"2024-02-01","2024-02-29","SA","17-25","Mobile camera",593,2024,"Mobile camera",2,"duplicate"
"2024-02-01","2024-02-29","SA","26-39","Mobile camera",1619,2024,"Mobile camera",2,"duplicate"
"2024-02-01","2024-02-29","SA","40-64","Mobile camera",2360,2024,"Mobile camera",2,"duplicate"
"2024-02-01","2024-02-29","SA","65 and over","Mobile camera",718,2024,"Mobile camera",2,"duplicate"
"2024-02-01","2024-02-29","SA","Unknown","Mobile camera",135,2024,"Mobile camera",2,"duplicate"
"2024-02-01","2024-02-29","SA","17-25","Mobile camera",42,2024,"Mobile camera",2,"duplicate"
"2024-02-01","2024-02-29","SA","26-39","Mobile camera",119,2024,"Mobile camera",2,"duplicate"
"2024-02-01","2024-02-29","SA","40-64","Mobile camera",170,2024,"Mobile camera",2,"duplicate"
"2024-02-01","2024-02-29","SA","65 and over","Mobile camera",64,2024,"Mobile camera",2,"duplicate"
"2024-02-01","2024-02-29","SA","Unknown","Mobile camera",8,2024,"Mobile camera",2,"duplicate"
"2024-02-01","2024-02-29","SA","17-25","Mobile camera",12,2024,"Mobile camera",2,"duplicate"
"2024-02-01","2024-02-29","SA","26-39","Mobile camera",29,2024,"Mobile camera",2,"duplicate"
"2024-02-01","2024-02-29","SA","40-64","Mobile camera",41,2024,"Mobile camera",2,"duplicate"
"2024-02-01","2024-02-29","SA","65 and over","Mobile camera",16,2024,"Mobile camera",2,"duplicate"
"2024-02-01","2024-02-29","SA","Unknown","Mobile camera",2,2024,"Mobile camera",2,"duplicate"
"2024-02-01","2024-02-29","SA","17-25","Mobile camera",4,2024,"Mobile camera",2,"duplicate"
"2024-02-01","2024-02-29","SA","26-39","Mobile camera",2,2024,"Mobile camera",2,"duplicate"
"2024-02-01","2024-02-29","SA","40-64","Mobile camera",7,2024,"Mobile camera",2,"duplicate"
"2024-02-01","2024-02-29","SA","65 and over","Mobile camera",5,2024,"Mobile camera",2,"duplicate"
"2024-02-01","2024-02-29","SA","40-64","Mobile camera",1,2024,"Mobile camera",2,"duplicate"
"2024-02-01","2024-02-29","SA","0-16","Police issued",0,2024,"Police issued",2,"chosen"
"2024-02-01","2024-02-29","SA","17-25","Police issued",245,2024,"Police issued",2,"chosen"
"2024-02-01","2024-02-29","SA","26-39","Police issued",400,2024,"Police issued",2,"chosen"
"2024-02-01","2024-02-29","SA","40-64","Police issued",514,2024,"Police issued",2,"chosen"
"2024-02-01","2024-02-29","SA","65 and over","Police issued",142,2024,"Police issued",2,"chosen"
"2024-02-01","2024-02-29","SA","17-25","Police issued",238,2024,"Police issued",2,"duplicate"
"2024-02-01","2024-02-29","SA","26-39","Police issued",325,2024,"Police issued",2,"duplicate"
"2024-02-01","2024-02-29","SA","40-64","Police issued",394,2024,"Police issued",2,"duplicate"
"2024-02-01","2024-02-29","SA","65 and over","Police issued",85,2024,"Police issued",2,"duplicate"
"2024-02-01","2024-02-29","SA","Unknown","Police issued",2,2024,"Police issued",2,"chosen"
"2024-02-01","2024-02-29","SA","0-16","Police issued",2,2024,"Police issued",2,"duplicate"
"2024-02-01","2024-02-29","SA","17-25","Police issued",211,2024,"Police issued",2,"duplicate"
"2024-02-01","2024-02-29","SA","26-39","Police issued",381,2024,"Police issued",2,"duplicate"
"2024-02-01","2024-02-29","SA","40-64","Police issued",502,2024,"Police issued",2,"duplicate"
"2024-02-01","2024-02-29","SA","65 and over","Police issued",153,2024,"Police issued",2,"duplicate"
"2024-02-01","2024-02-29","SA","Unknown","Police issued",2,2024,"Police issued",2,"duplicate"
"2024-02-01","2024-02-29","SA","17-25","Police issued",45,2024,"Police issued",2,"duplicate"
"2024-02-01","2024-02-29","SA","26-39","Police issued",84,2024,"Police issued",2,"duplicate"
"2024-02-01","2024-02-29","SA","40-64","Police issued",106,2024,"Police issued",2,"duplicate"
"2024-02-01","2024-02-29","SA","65 and over","Police issued",31,2024,"Police issued",2,"duplicate"
"2024-02-01","2024-02-29","SA","17-25","Police issued",23,2024,"Police issued",2,"duplicate"
"2024-02-01","2024-02-29","SA","26-39","Police issued",38,2024,"Police issued",2,"duplicate"
"2024-02-01","2024-02-29","SA","40-64","Police issued",47,2024,"Police issued",2,"duplicate"
"2024-02-01","2024-02-29","SA","65 and over","Police issued",22,2024,"Police issued",2,"duplicate"
"2024-02-01","2024-02-29","SA","17-25","Police issued",42,2024,"Police issued",2,"duplicate"
"2024-02-01","2024-02-29","SA","26-39","Police issued",79,2024,"Police issued",2,"duplicate"
"2024-02-01","2024-02-29","SA","40-64","Police issued",74,2024,"Police issued",2,"duplicate"
"2024-02-01","2024-02-29","SA","65 and over","Police issued",13,2024,"Police issued",2,"duplicate"
"2024-02-01","2024-02-29","SA","Unknown","Police issued",1,2024,"Police issued",2,"duplicate"
"2024-02-01","2024-02-29","TAS","17-25","Fixed or mobile camera",444,2024,"Camera (fixed/mobile)",2,"unique"
"2024-02-01","2024-02-29","TAS","26-39","Fixed or mobile camera",1291,2024,"Camera (fixed/mobile)",2,"unique"
"2024-02-01","2024-02-29","TAS","40-64","Fixed or mobile camera",1737,2024,"Camera (fixed/mobile)",2,"unique"
"2024-02-01","2024-02-29","TAS","65 and over","Fixed or mobile camera",611,2024,"Camera (fixed/mobile)",2,"unique"
"2024-02-01","2024-02-29","TAS","Unknown","Fixed or mobile camera",1,2024,"Camera (fixed/mobile)",2,"unique"
"2024-02-01","2024-02-29","TAS","0-16","Police issued",0,2024,"Police issued",2,"unique"
"2024-02-01","2024-02-29","TAS","17-25","Police issued",274,2024,"Police issued",2,"unique"
"2024-02-01","2024-02-29","TAS","26-39","Police issued",472,2024,"Police issued",2,"unique"
"2024-02-01","2024-02-29","TAS","40-64","Police issued",545,2024,"Police issued",2,"unique"
"2024-02-01","2024-02-29","TAS","65 and over","Police issued",192,2024,"Police issued",2,"unique"
"2024-02-01","2024-02-29","TAS","Unknown","Police issued",1,2024,"Police issued",2,"unique"
"2024-02-01","2024-02-29","VIC","0-16","Fixed camera",0,2024,"Fixed camera",2,"chosen"
"2024-02-01","2024-02-29","VIC","17-25","Fixed camera",95,2024,"Fixed camera",2,"chosen"
"2024-02-01","2024-02-29","VIC","26-39","Fixed camera",307,2024,"Fixed camera",2,"chosen"
"2024-02-01","2024-02-29","VIC","40-64","Fixed camera",636,2024,"Fixed camera",2,"chosen"
"2024-02-01","2024-02-29","VIC","65 and over","Fixed camera",242,2024,"Fixed camera",2,"chosen"
"2024-02-01","2024-02-29","VIC","Unknown","Fixed camera",48,2024,"Fixed camera",2,"chosen"
"2024-02-01","2024-02-29","VIC","0-16","Fixed camera",0,2024,"Fixed camera",2,"duplicate"
"2024-02-01","2024-02-29","VIC","17-25","Fixed camera",2626,2024,"Fixed camera",2,"duplicate"
"2024-02-01","2024-02-29","VIC","26-39","Fixed camera",10462,2024,"Fixed camera",2,"duplicate"
"2024-02-01","2024-02-29","VIC","40-64","Fixed camera",17525,2024,"Fixed camera",2,"duplicate"
"2024-02-01","2024-02-29","VIC","65 and over","Fixed camera",5350,2024,"Fixed camera",2,"duplicate"
"2024-02-01","2024-02-29","VIC","Unknown","Fixed camera",845,2024,"Fixed camera",2,"duplicate"
"2024-02-01","2024-02-29","VIC","0-16","Fixed camera",0,2024,"Fixed camera",2,"duplicate"
"2024-02-01","2024-02-29","VIC","17-25","Fixed camera",1,2024,"Fixed camera",2,"duplicate"
"2024-02-01","2024-02-29","VIC","26-39","Fixed camera",13,2024,"Fixed camera",2,"duplicate"
"2024-02-01","2024-02-29","VIC","40-64","Fixed camera",16,2024,"Fixed camera",2,"duplicate"
"2024-02-01","2024-02-29","VIC","65 and over","Fixed camera",3,2024,"Fixed camera",2,"duplicate"
"2024-02-01","2024-02-29","VIC","Unknown","Fixed camera",3,2024,"Fixed camera",2,"duplicate"
"2024-02-01","2024-02-29","VIC","0-16","Fixed camera",0,2024,"Fixed camera",2,"duplicate"
"2024-02-01","2024-02-29","VIC","17-25","Fixed camera",0,2024,"Fixed camera",2,"duplicate"
"2024-02-01","2024-02-29","VIC","26-39","Fixed camera",0,2024,"Fixed camera",2,"duplicate"
"2024-02-01","2024-02-29","VIC","40-64","Fixed camera",0,2024,"Fixed camera",2,"duplicate"
"2024-02-01","2024-02-29","VIC","65 and over","Fixed camera",0,2024,"Fixed camera",2,"duplicate"
"2024-02-01","2024-02-29","VIC","Unknown","Fixed camera",0,2024,"Fixed camera",2,"duplicate"
"2024-02-01","2024-02-29","VIC","0-16","Fixed camera",0,2024,"Fixed camera",2,"duplicate"
"2024-02-01","2024-02-29","VIC","17-25","Fixed camera",291,2024,"Fixed camera",2,"duplicate"
"2024-02-01","2024-02-29","VIC","26-39","Fixed camera",754,2024,"Fixed camera",2,"duplicate"
"2024-02-01","2024-02-29","VIC","40-64","Fixed camera",1006,2024,"Fixed camera",2,"duplicate"
"2024-02-01","2024-02-29","VIC","65 and over","Fixed camera",255,2024,"Fixed camera",2,"duplicate"
"2024-02-01","2024-02-29","VIC","Unknown","Fixed camera",47,2024,"Fixed camera",2,"duplicate"
"2024-02-01","2024-02-29","VIC","0-16","Mobile camera",0,2024,"Mobile camera",2,"chosen"
"2024-02-01","2024-02-29","VIC","17-25","Mobile camera",571,2024,"Mobile camera",2,"chosen"
"2024-02-01","2024-02-29","VIC","26-39","Mobile camera",1951,2024,"Mobile camera",2,"chosen"
"2024-02-01","2024-02-29","VIC","40-64","Mobile camera",3200,2024,"Mobile camera",2,"chosen"
"2024-02-01","2024-02-29","VIC","65 and over","Mobile camera",1473,2024,"Mobile camera",2,"chosen"
"2024-02-01","2024-02-29","VIC","Unknown","Mobile camera",120,2024,"Mobile camera",2,"chosen"
"2024-02-01","2024-02-29","VIC","0-16","Mobile camera",0,2024,"Mobile camera",2,"duplicate"
"2024-02-01","2024-02-29","VIC","17-25","Mobile camera",2537,2024,"Mobile camera",2,"duplicate"
"2024-02-01","2024-02-29","VIC","26-39","Mobile camera",9660,2024,"Mobile camera",2,"duplicate"
"2024-02-01","2024-02-29","VIC","40-64","Mobile camera",15006,2024,"Mobile camera",2,"duplicate"
"2024-02-01","2024-02-29","VIC","65 and over","Mobile camera",4582,2024,"Mobile camera",2,"duplicate"
"2024-02-01","2024-02-29","VIC","Unknown","Mobile camera",653,2024,"Mobile camera",2,"duplicate"
"2024-02-01","2024-02-29","VIC","0-16","Mobile camera",0,2024,"Mobile camera",2,"duplicate"
"2024-02-01","2024-02-29","VIC","17-25","Mobile camera",97,2024,"Mobile camera",2,"duplicate"
"2024-02-01","2024-02-29","VIC","26-39","Mobile camera",322,2024,"Mobile camera",2,"duplicate"
"2024-02-01","2024-02-29","VIC","40-64","Mobile camera",543,2024,"Mobile camera",2,"duplicate"
"2024-02-01","2024-02-29","VIC","65 and over","Mobile camera",268,2024,"Mobile camera",2,"duplicate"
"2024-02-01","2024-02-29","VIC","Unknown","Mobile camera",29,2024,"Mobile camera",2,"duplicate"
"2024-02-01","2024-02-29","VIC","0-16","Mobile camera",0,2024,"Mobile camera",2,"duplicate"
"2024-02-01","2024-02-29","VIC","17-25","Mobile camera",0,2024,"Mobile camera",2,"duplicate"
"2024-02-01","2024-02-29","VIC","26-39","Mobile camera",1,2024,"Mobile camera",2,"duplicate"
"2024-02-01","2024-02-29","VIC","40-64","Mobile camera",2,2024,"Mobile camera",2,"duplicate"
"2024-02-01","2024-02-29","VIC","65 and over","Mobile camera",1,2024,"Mobile camera",2,"duplicate"
"2024-02-01","2024-02-29","VIC","Unknown","Mobile camera",0,2024,"Mobile camera",2,"duplicate"
"2024-02-01","2024-02-29","VIC","0-16","Mobile camera",0,2024,"Mobile camera",2,"duplicate"
"2024-02-01","2024-02-29","VIC","17-25","Mobile camera",0,2024,"Mobile camera",2,"duplicate"
"2024-02-01","2024-02-29","VIC","26-39","Mobile camera",0,2024,"Mobile camera",2,"duplicate"
"2024-02-01","2024-02-29","VIC","40-64","Mobile camera",0,2024,"Mobile camera",2,"duplicate"
"2024-02-01","2024-02-29","VIC","65 and over","Mobile camera",0,2024,"Mobile camera",2,"duplicate"
"2024-02-01","2024-02-29","VIC","Unknown","Mobile camera",0,2024,"Mobile camera",2,"duplicate"
"2024-02-01","2024-02-29","VIC","0-16","Police issued",2,2024,"Police issued",2,"unique"
"2024-02-01","2024-02-29","VIC","17-25","Police issued",1756,2024,"Police issued",2,"unique"
"2024-02-01","2024-02-29","VIC","26-39","Police issued",3417,2024,"Police issued",2,"unique"
"2024-02-01","2024-02-29","VIC","40-64","Police issued",3944,2024,"Police issued",2,"unique"
"2024-02-01","2024-02-29","VIC","65 and over","Police issued",977,2024,"Police issued",2,"unique"
"2024-02-01","2024-02-29","VIC","Unknown","Police issued",2,2024,"Police issued",2,"unique"
"2024-02-01","2024-02-29","WA","0-16","Average speed camera",1,2024,"Average speed camera",2,"unique"
"2024-02-01","2024-02-29","WA","17-25","Average speed camera",197,2024,"Average speed camera",2,"unique"
"2024-02-01","2024-02-29","WA","26-39","Average speed camera",543,2024,"Average speed camera",2,"unique"
"2024-02-01","2024-02-29","WA","40-64","Average speed camera",593,2024,"Average speed camera",2,"unique"
"2024-02-01","2024-02-29","WA","65 and over","Average speed camera",82,2024,"Average speed camera",2,"unique"
"2024-02-01","2024-02-29","WA","0-16","Fixed camera",2,2024,"Fixed camera",2,"unique"
"2024-02-01","2024-02-29","WA","17-25","Fixed camera",778,2024,"Fixed camera",2,"unique"
"2024-02-01","2024-02-29","WA","26-39","Fixed camera",2637,2024,"Fixed camera",2,"unique"
"2024-02-01","2024-02-29","WA","40-64","Fixed camera",3962,2024,"Fixed camera",2,"unique"
"2024-02-01","2024-02-29","WA","65 and over","Fixed camera",962,2024,"Fixed camera",2,"unique"
"2024-02-01","2024-02-29","WA","0-16","Mobile camera",21,2024,"Mobile camera",2,"unique"
"2024-02-01","2024-02-29","WA","17-25","Mobile camera",4071,2024,"Mobile camera",2,"unique"
"2024-02-01","2024-02-29","WA","26-39","Mobile camera",10636,2024,"Mobile camera",2,"unique"
"2024-02-01","2024-02-29","WA","40-64","Mobile camera",15374,2024,"Mobile camera",2,"unique"
"2024-02-01","2024-02-29","WA","65 and over","Mobile camera",4035,2024,"Mobile camera",2,"unique"
"2024-02-01","2024-02-29","WA","17-25","Police issued",837,2024,"Police issued",2,"unique"
"2024-02-01","2024-02-29","WA","26-39","Police issued",1491,2024,"Police issued",2,"unique"
"2024-02-01","2024-02-29","WA","40-64","Police issued",1832,2024,"Police issued",2,"unique"
"2024-02-01","2024-02-29","WA","65 and over","Police issued",361,2024,"Police issued",2,"unique"
"2024-02-01","2024-02-29","WA","0-16","Red light camera",2,2024,"Red light camera",2,"unique"
"2024-02-01","2024-02-29","WA","17-25","Red light camera",604,2024,"Red light camera",2,"unique"
"2024-02-01","2024-02-29","WA","26-39","Red light camera",2262,2024,"Red light camera",2,"unique"
"2024-02-01","2024-02-29","WA","40-64","Red light camera",4886,2024,"Red light camera",2,"unique"
"2024-02-01","2024-02-29","WA","65 and over","Red light camera",1586,2024,"Red light camera",2,"unique"
"2024-02-01","2024-02-29","WA","0-16","Unknown",0,2024,"Unknown",2,"unique"
"2024-02-01","2024-02-29","WA","17-25","Unknown",0,2024,"Unknown",2,"unique"
"2024-02-01","2024-02-29","WA","26-39","Unknown",0,2024,"Unknown",2,"unique"
"2024-02-01","2024-02-29","WA","40-64","Unknown",0,2024,"Unknown",2,"unique"
"2024-02-01","2024-02-29","WA","65 and over","Unknown",0,2024,"Unknown",2,"unique"
"2024-03-01","2024-03-31","ACT","0-16","Fixed camera",1,2024,"Fixed camera",3,"unique"
"2024-03-01","2024-03-31","ACT","17-25","Fixed camera",516,2024,"Fixed camera",3,"unique"
"2024-03-01","2024-03-31","ACT","26-39","Fixed camera",1201,2024,"Fixed camera",3,"unique"
"2024-03-01","2024-03-31","ACT","40-64","Fixed camera",1927,2024,"Fixed camera",3,"unique"
"2024-03-01","2024-03-31","ACT","65 and over","Fixed camera",602,2024,"Fixed camera",3,"unique"
"2024-03-01","2024-03-31","ACT","Unknown","Fixed camera",95,2024,"Fixed camera",3,"unique"
"2024-03-01","2024-03-31","ACT","17-25","Mobile camera",420,2024,"Mobile camera",3,"unique"
"2024-03-01","2024-03-31","ACT","26-39","Mobile camera",932,2024,"Mobile camera",3,"unique"
"2024-03-01","2024-03-31","ACT","40-64","Mobile camera",1183,2024,"Mobile camera",3,"unique"
"2024-03-01","2024-03-31","ACT","65 and over","Mobile camera",371,2024,"Mobile camera",3,"unique"
"2024-03-01","2024-03-31","ACT","Unknown","Mobile camera",45,2024,"Mobile camera",3,"unique"
"2024-03-01","2024-03-31","ACT","0-16","Police issued",2,2024,"Police issued",3,"unique"
"2024-03-01","2024-03-31","ACT","17-25","Police issued",35,2024,"Police issued",3,"unique"
"2024-03-01","2024-03-31","ACT","26-39","Police issued",46,2024,"Police issued",3,"unique"
"2024-03-01","2024-03-31","ACT","40-64","Police issued",45,2024,"Police issued",3,"unique"
"2024-03-01","2024-03-31","ACT","65 and over","Police issued",6,2024,"Police issued",3,"unique"
"2024-03-01","2024-03-31","NSW","Unknown","Fixed camera",37378,2024,"Fixed camera",3,"unique"
"2024-03-01","2024-03-31","NSW","Unknown","Mobile camera",3223,2024,"Mobile camera",3,"unique"
"2024-03-01","2024-03-31","NSW","0-16","Police issued",3,2024,"Police issued",3,"chosen"
"2024-03-01","2024-03-31","NSW","17-25","Police issued",1679,2024,"Police issued",3,"chosen"
"2024-03-01","2024-03-31","NSW","26-39","Police issued",2451,2024,"Police issued",3,"chosen"
"2024-03-01","2024-03-31","NSW","40-64","Police issued",2385,2024,"Police issued",3,"chosen"
"2024-03-01","2024-03-31","NSW","65 and over","Police issued",569,2024,"Police issued",3,"chosen"
"2024-03-01","2024-03-31","NSW","0-16","Police issued",9,2024,"Police issued",3,"duplicate"
"2024-03-01","2024-03-31","NSW","17-25","Police issued",2548,2024,"Police issued",3,"duplicate"
"2024-03-01","2024-03-31","NSW","26-39","Police issued",2691,2024,"Police issued",3,"duplicate"
"2024-03-01","2024-03-31","NSW","40-64","Police issued",2376,2024,"Police issued",3,"duplicate"
"2024-03-01","2024-03-31","NSW","65 and over","Police issued",362,2024,"Police issued",3,"duplicate"
"2024-03-01","2024-03-31","NSW","0-16","Police issued",5,2024,"Police issued",3,"duplicate"
"2024-03-01","2024-03-31","NSW","17-25","Police issued",393,2024,"Police issued",3,"duplicate"
"2024-03-01","2024-03-31","NSW","26-39","Police issued",685,2024,"Police issued",3,"duplicate"
"2024-03-01","2024-03-31","NSW","40-64","Police issued",773,2024,"Police issued",3,"duplicate"
"2024-03-01","2024-03-31","NSW","65 and over","Police issued",182,2024,"Police issued",3,"duplicate"
"2024-03-01","2024-03-31","NSW","17-25","Police issued",41,2024,"Police issued",3,"duplicate"
"2024-03-01","2024-03-31","NSW","26-39","Police issued",68,2024,"Police issued",3,"duplicate"
"2024-03-01","2024-03-31","NSW","40-64","Police issued",92,2024,"Police issued",3,"duplicate"
"2024-03-01","2024-03-31","NSW","65 and over","Police issued",30,2024,"Police issued",3,"duplicate"
"2024-03-01","2024-03-31","NSW","0-16","Police issued",2,2024,"Police issued",3,"duplicate"
"2024-03-01","2024-03-31","NSW","17-25","Police issued",214,2024,"Police issued",3,"duplicate"
"2024-03-01","2024-03-31","NSW","26-39","Police issued",266,2024,"Police issued",3,"duplicate"
"2024-03-01","2024-03-31","NSW","40-64","Police issued",297,2024,"Police issued",3,"duplicate"
"2024-03-01","2024-03-31","NSW","65 and over","Police issued",56,2024,"Police issued",3,"duplicate"
"2024-03-01","2024-03-31","NSW","17-25","Police issued",4,2024,"Police issued",3,"duplicate"
"2024-03-01","2024-03-31","NSW","26-39","Police issued",7,2024,"Police issued",3,"duplicate"
"2024-03-01","2024-03-31","NSW","40-64","Police issued",9,2024,"Police issued",3,"duplicate"
"2024-03-01","2024-03-31","NSW","65 and over","Police issued",4,2024,"Police issued",3,"duplicate"
"2024-03-01","2024-03-31","NSW","Unknown","Red light camera",18986,2024,"Red light camera",3,"unique"
"2024-03-01","2024-03-31","NT","0-16","Fixed camera",1,2024,"Fixed camera",3,"unique"
"2024-03-01","2024-03-31","NT","17-25","Fixed camera",189,2024,"Fixed camera",3,"unique"
"2024-03-01","2024-03-31","NT","26-39","Fixed camera",721,2024,"Fixed camera",3,"unique"
"2024-03-01","2024-03-31","NT","40-64","Fixed camera",1061,2024,"Fixed camera",3,"unique"
"2024-03-01","2024-03-31","NT","65 and over","Fixed camera",169,2024,"Fixed camera",3,"unique"
"2024-03-01","2024-03-31","NT","Unknown","Fixed camera",99,2024,"Fixed camera",3,"unique"
"2024-03-01","2024-03-31","NT","0-16","Mobile camera",4,2024,"Mobile camera",3,"unique"
"2024-03-01","2024-03-31","NT","17-25","Mobile camera",398,2024,"Mobile camera",3,"unique"
"2024-03-01","2024-03-31","NT","26-39","Mobile camera",1050,2024,"Mobile camera",3,"unique"
"2024-03-01","2024-03-31","NT","40-64","Mobile camera",1252,2024,"Mobile camera",3,"unique"
"2024-03-01","2024-03-31","NT","65 and over","Mobile camera",361,2024,"Mobile camera",3,"unique"
"2024-03-01","2024-03-31","NT","Unknown","Mobile camera",129,2024,"Mobile camera",3,"unique"
"2024-03-01","2024-03-31","NT","0-16","Other",0,2024,"Other",3,"unique"
"2024-03-01","2024-03-31","NT","17-25","Other",0,2024,"Other",3,"unique"
"2024-03-01","2024-03-31","NT","26-39","Other",0,2024,"Other",3,"unique"
"2024-03-01","2024-03-31","NT","40-64","Other",0,2024,"Other",3,"unique"
"2024-03-01","2024-03-31","NT","65 and over","Other",0,2024,"Other",3,"unique"
"2024-03-01","2024-03-31","NT","17-25","Police issued",18,2024,"Police issued",3,"unique"
"2024-03-01","2024-03-31","NT","26-39","Police issued",36,2024,"Police issued",3,"unique"
"2024-03-01","2024-03-31","NT","40-64","Police issued",38,2024,"Police issued",3,"unique"
"2024-03-01","2024-03-31","NT","65 and over","Police issued",9,2024,"Police issued",3,"unique"
"2024-03-01","2024-03-31","QLD","0-16","Fixed camera",634,2024,"Fixed camera",3,"unique"
"2024-03-01","2024-03-31","QLD","17-25","Fixed camera",2713,2024,"Fixed camera",3,"unique"
"2024-03-01","2024-03-31","QLD","26-39","Fixed camera",6277,2024,"Fixed camera",3,"unique"
"2024-03-01","2024-03-31","QLD","40-64","Fixed camera",8684,2024,"Fixed camera",3,"unique"
"2024-03-01","2024-03-31","QLD","65 and over","Fixed camera",2186,2024,"Fixed camera",3,"unique"
"2024-03-01","2024-03-31","QLD","Unknown","Fixed camera",98,2024,"Fixed camera",3,"unique"
"2024-03-01","2024-03-31","QLD","0-16","Mobile camera",801,2024,"Mobile camera",3,"unique"
"2024-03-01","2024-03-31","QLD","17-25","Mobile camera",5386,2024,"Mobile camera",3,"unique"
"2024-03-01","2024-03-31","QLD","26-39","Mobile camera",11038,2024,"Mobile camera",3,"unique"
"2024-03-01","2024-03-31","QLD","40-64","Mobile camera",15390,2024,"Mobile camera",3,"unique"
"2024-03-01","2024-03-31","QLD","65 and over","Mobile camera",3863,2024,"Mobile camera",3,"unique"
"2024-03-01","2024-03-31","QLD","Unknown","Mobile camera",96,2024,"Mobile camera",3,"unique"
"2024-03-01","2024-03-31","QLD","0-16","Police issued",3,2024,"Police issued",3,"unique"
"2024-03-01","2024-03-31","QLD","17-25","Police issued",2343,2024,"Police issued",3,"unique"
"2024-03-01","2024-03-31","QLD","26-39","Police issued",3359,2024,"Police issued",3,"unique"
"2024-03-01","2024-03-31","QLD","40-64","Police issued",3744,2024,"Police issued",3,"unique"
"2024-03-01","2024-03-31","QLD","65 and over","Police issued",669,2024,"Police issued",3,"unique"
"2024-03-01","2024-03-31","SA","17-25","Fixed camera",15,2024,"Fixed camera",3,"chosen"
"2024-03-01","2024-03-31","SA","26-39","Fixed camera",61,2024,"Fixed camera",3,"chosen"
"2024-03-01","2024-03-31","SA","40-64","Fixed camera",74,2024,"Fixed camera",3,"chosen"
"2024-03-01","2024-03-31","SA","65 and over","Fixed camera",19,2024,"Fixed camera",3,"chosen"
"2024-03-01","2024-03-31","SA","Unknown","Fixed camera",7,2024,"Fixed camera",3,"chosen"
"2024-03-01","2024-03-31","SA","17-25","Fixed camera",359,2024,"Fixed camera",3,"duplicate"
"2024-03-01","2024-03-31","SA","26-39","Fixed camera",808,2024,"Fixed camera",3,"duplicate"
"2024-03-01","2024-03-31","SA","40-64","Fixed camera",1581,2024,"Fixed camera",3,"duplicate"
"2024-03-01","2024-03-31","SA","65 and over","Fixed camera",677,2024,"Fixed camera",3,"duplicate"
"2024-03-01","2024-03-31","SA","Unknown","Fixed camera",96,2024,"Fixed camera",3,"duplicate"
"2024-03-01","2024-03-31","SA","17-25","Fixed camera",16,2024,"Fixed camera",3,"duplicate"
"2024-03-01","2024-03-31","SA","26-39","Fixed camera",51,2024,"Fixed camera",3,"duplicate"
"2024-03-01","2024-03-31","SA","40-64","Fixed camera",65,2024,"Fixed camera",3,"duplicate"
"2024-03-01","2024-03-31","SA","65 and over","Fixed camera",33,2024,"Fixed camera",3,"duplicate"
"2024-03-01","2024-03-31","SA","Unknown","Fixed camera",8,2024,"Fixed camera",3,"duplicate"
"2024-03-01","2024-03-31","SA","17-25","Mobile camera",125,2024,"Mobile camera",3,"chosen"
"2024-03-01","2024-03-31","SA","26-39","Mobile camera",371,2024,"Mobile camera",3,"chosen"
"2024-03-01","2024-03-31","SA","40-64","Mobile camera",651,2024,"Mobile camera",3,"chosen"
"2024-03-01","2024-03-31","SA","65 and over","Mobile camera",253,2024,"Mobile camera",3,"chosen"
"2024-03-01","2024-03-31","SA","Unknown","Mobile camera",28,2024,"Mobile camera",3,"chosen"
"2024-03-01","2024-03-31","SA","0-16","Mobile camera",1,2024,"Mobile camera",3,"unique"
"2024-03-01","2024-03-31","SA","17-25","Mobile camera",611,2024,"Mobile camera",3,"duplicate"
"2024-03-01","2024-03-31","SA","26-39","Mobile camera",1635,2024,"Mobile camera",3,"duplicate"
"2024-03-01","2024-03-31","SA","40-64","Mobile camera",2413,2024,"Mobile camera",3,"duplicate"
"2024-03-01","2024-03-31","SA","65 and over","Mobile camera",635,2024,"Mobile camera",3,"duplicate"
"2024-03-01","2024-03-31","SA","Unknown","Mobile camera",148,2024,"Mobile camera",3,"duplicate"
"2024-03-01","2024-03-31","SA","17-25","Mobile camera",41,2024,"Mobile camera",3,"duplicate"
"2024-03-01","2024-03-31","SA","26-39","Mobile camera",78,2024,"Mobile camera",3,"duplicate"
"2024-03-01","2024-03-31","SA","40-64","Mobile camera",175,2024,"Mobile camera",3,"duplicate"
"2024-03-01","2024-03-31","SA","65 and over","Mobile camera",87,2024,"Mobile camera",3,"duplicate"
"2024-03-01","2024-03-31","SA","Unknown","Mobile camera",9,2024,"Mobile camera",3,"duplicate"
"2024-03-01","2024-03-31","SA","17-25","Mobile camera",3,2024,"Mobile camera",3,"duplicate"
"2024-03-01","2024-03-31","SA","26-39","Mobile camera",23,2024,"Mobile camera",3,"duplicate"
"2024-03-01","2024-03-31","SA","40-64","Mobile camera",41,2024,"Mobile camera",3,"duplicate"
"2024-03-01","2024-03-31","SA","65 and over","Mobile camera",19,2024,"Mobile camera",3,"duplicate"
"2024-03-01","2024-03-31","SA","Unknown","Mobile camera",2,2024,"Mobile camera",3,"duplicate"
"2024-03-01","2024-03-31","SA","17-25","Mobile camera",2,2024,"Mobile camera",3,"duplicate"
"2024-03-01","2024-03-31","SA","26-39","Mobile camera",2,2024,"Mobile camera",3,"duplicate"
"2024-03-01","2024-03-31","SA","40-64","Mobile camera",8,2024,"Mobile camera",3,"duplicate"
"2024-03-01","2024-03-31","SA","65 and over","Mobile camera",2,2024,"Mobile camera",3,"duplicate"
"2024-03-01","2024-03-31","SA","Unknown","Mobile camera",2,2024,"Mobile camera",3,"duplicate"
"2024-03-01","2024-03-31","SA","17-25","Police issued",262,2024,"Police issued",3,"chosen"
"2024-03-01","2024-03-31","SA","26-39","Police issued",486,2024,"Police issued",3,"chosen"
"2024-03-01","2024-03-31","SA","40-64","Police issued",652,2024,"Police issued",3,"chosen"
"2024-03-01","2024-03-31","SA","65 and over","Police issued",215,2024,"Police issued",3,"chosen"
"2024-03-01","2024-03-31","SA","Unknown","Police issued",4,2024,"Police issued",3,"chosen"
"2024-03-01","2024-03-31","SA","17-25","Police issued",319,2024,"Police issued",3,"duplicate"
"2024-03-01","2024-03-31","SA","26-39","Police issued",513,2024,"Police issued",3,"duplicate"
"2024-03-01","2024-03-31","SA","40-64","Police issued",585,2024,"Police issued",3,"duplicate"
"2024-03-01","2024-03-31","SA","65 and over","Police issued",145,2024,"Police issued",3,"duplicate"
"2024-03-01","2024-03-31","SA","0-16","Police issued",2,2024,"Police issued",3,"unique"
"2024-03-01","2024-03-31","SA","17-25","Police issued",255,2024,"Police issued",3,"duplicate"
"2024-03-01","2024-03-31","SA","26-39","Police issued",549,2024,"Police issued",3,"duplicate"
"2024-03-01","2024-03-31","SA","40-64","Police issued",592,2024,"Police issued",3,"duplicate"
"2024-03-01","2024-03-31","SA","65 and over","Police issued",170,2024,"Police issued",3,"duplicate"
"2024-03-01","2024-03-31","SA","Unknown","Police issued",2,2024,"Police issued",3,"duplicate"
"2024-03-01","2024-03-31","SA","17-25","Police issued",62,2024,"Police issued",3,"duplicate"
"2024-03-01","2024-03-31","SA","26-39","Police issued",113,2024,"Police issued",3,"duplicate"
"2024-03-01","2024-03-31","SA","40-64","Police issued",127,2024,"Police issued",3,"duplicate"
"2024-03-01","2024-03-31","SA","65 and over","Police issued",43,2024,"Police issued",3,"duplicate"
"2024-03-01","2024-03-31","SA","17-25","Police issued",22,2024,"Police issued",3,"duplicate"
"2024-03-01","2024-03-31","SA","26-39","Police issued",47,2024,"Police issued",3,"duplicate"
"2024-03-01","2024-03-31","SA","40-64","Police issued",65,2024,"Police issued",3,"duplicate"
"2024-03-01","2024-03-31","SA","65 and over","Police issued",16,2024,"Police issued",3,"duplicate"
"2024-03-01","2024-03-31","SA","17-25","Police issued",31,2024,"Police issued",3,"duplicate"
"2024-03-01","2024-03-31","SA","26-39","Police issued",57,2024,"Police issued",3,"duplicate"
"2024-03-01","2024-03-31","SA","40-64","Police issued",76,2024,"Police issued",3,"duplicate"
"2024-03-01","2024-03-31","SA","65 and over","Police issued",20,2024,"Police issued",3,"duplicate"
"2024-03-01","2024-03-31","TAS","0-16","Fixed or mobile camera",1,2024,"Camera (fixed/mobile)",3,"unique"
"2024-03-01","2024-03-31","TAS","17-25","Fixed or mobile camera",428,2024,"Camera (fixed/mobile)",3,"unique"
"2024-03-01","2024-03-31","TAS","26-39","Fixed or mobile camera",1183,2024,"Camera (fixed/mobile)",3,"unique"
"2024-03-01","2024-03-31","TAS","40-64","Fixed or mobile camera",1632,2024,"Camera (fixed/mobile)",3,"unique"
"2024-03-01","2024-03-31","TAS","65 and over","Fixed or mobile camera",691,2024,"Camera (fixed/mobile)",3,"unique"
"2024-03-01","2024-03-31","TAS","Unknown","Fixed or mobile camera",2,2024,"Camera (fixed/mobile)",3,"unique"
"2024-03-01","2024-03-31","TAS","0-16","Police issued",0,2024,"Police issued",3,"unique"
"2024-03-01","2024-03-31","TAS","17-25","Police issued",254,2024,"Police issued",3,"unique"
"2024-03-01","2024-03-31","TAS","26-39","Police issued",354,2024,"Police issued",3,"unique"
"2024-03-01","2024-03-31","TAS","40-64","Police issued",440,2024,"Police issued",3,"unique"
"2024-03-01","2024-03-31","TAS","65 and over","Police issued",167,2024,"Police issued",3,"unique"
"2024-03-01","2024-03-31","TAS","Unknown","Police issued",1,2024,"Police issued",3,"unique"
"2024-03-01","2024-03-31","VIC","0-16","Fixed camera",0,2024,"Fixed camera",3,"chosen"
"2024-03-01","2024-03-31","VIC","17-25","Fixed camera",78,2024,"Fixed camera",3,"chosen"
"2024-03-01","2024-03-31","VIC","26-39","Fixed camera",259,2024,"Fixed camera",3,"chosen"
"2024-03-01","2024-03-31","VIC","40-64","Fixed camera",511,2024,"Fixed camera",3,"chosen"
"2024-03-01","2024-03-31","VIC","65 and over","Fixed camera",221,2024,"Fixed camera",3,"chosen"
"2024-03-01","2024-03-31","VIC","Unknown","Fixed camera",29,2024,"Fixed camera",3,"chosen"
"2024-03-01","2024-03-31","VIC","0-16","Fixed camera",0,2024,"Fixed camera",3,"duplicate"
"2024-03-01","2024-03-31","VIC","17-25","Fixed camera",2288,2024,"Fixed camera",3,"duplicate"
"2024-03-01","2024-03-31","VIC","26-39","Fixed camera",8583,2024,"Fixed camera",3,"duplicate"
"2024-03-01","2024-03-31","VIC","40-64","Fixed camera",14324,2024,"Fixed camera",3,"duplicate"
"2024-03-01","2024-03-31","VIC","65 and over","Fixed camera",4359,2024,"Fixed camera",3,"duplicate"
"2024-03-01","2024-03-31","VIC","Unknown","Fixed camera",773,2024,"Fixed camera",3,"duplicate"
"2024-03-01","2024-03-31","VIC","0-16","Fixed camera",0,2024,"Fixed camera",3,"duplicate"
"2024-03-01","2024-03-31","VIC","17-25","Fixed camera",1,2024,"Fixed camera",3,"duplicate"
"2024-03-01","2024-03-31","VIC","26-39","Fixed camera",0,2024,"Fixed camera",3,"duplicate"
"2024-03-01","2024-03-31","VIC","40-64","Fixed camera",3,2024,"Fixed camera",3,"duplicate"
"2024-03-01","2024-03-31","VIC","65 and over","Fixed camera",11,2024,"Fixed camera",3,"duplicate"
"2024-03-01","2024-03-31","VIC","Unknown","Fixed camera",1,2024,"Fixed camera",3,"duplicate"
"2024-03-01","2024-03-31","VIC","0-16","Fixed camera",0,2024,"Fixed camera",3,"duplicate"
"2024-03-01","2024-03-31","VIC","17-25","Fixed camera",0,2024,"Fixed camera",3,"duplicate"
"2024-03-01","2024-03-31","VIC","26-39","Fixed camera",0,2024,"Fixed camera",3,"duplicate"
"2024-03-01","2024-03-31","VIC","40-64","Fixed camera",0,2024,"Fixed camera",3,"duplicate"
"2024-03-01","2024-03-31","VIC","65 and over","Fixed camera",0,2024,"Fixed camera",3,"duplicate"
"2024-03-01","2024-03-31","VIC","Unknown","Fixed camera",0,2024,"Fixed camera",3,"duplicate"
"2024-03-01","2024-03-31","VIC","0-16","Fixed camera",0,2024,"Fixed camera",3,"duplicate"
"2024-03-01","2024-03-31","VIC","17-25","Fixed camera",242,2024,"Fixed camera",3,"duplicate"
"2024-03-01","2024-03-31","VIC","26-39","Fixed camera",629,2024,"Fixed camera",3,"duplicate"
"2024-03-01","2024-03-31","VIC","40-64","Fixed camera",880,2024,"Fixed camera",3,"duplicate"
"2024-03-01","2024-03-31","VIC","65 and over","Fixed camera",205,2024,"Fixed camera",3,"duplicate"
"2024-03-01","2024-03-31","VIC","Unknown","Fixed camera",47,2024,"Fixed camera",3,"duplicate"
"2024-03-01","2024-03-31","VIC","0-16","Mobile camera",0,2024,"Mobile camera",3,"chosen"
"2024-03-01","2024-03-31","VIC","17-25","Mobile camera",526,2024,"Mobile camera",3,"chosen"
"2024-03-01","2024-03-31","VIC","26-39","Mobile camera",1588,2024,"Mobile camera",3,"chosen"
"2024-03-01","2024-03-31","VIC","40-64","Mobile camera",2751,2024,"Mobile camera",3,"chosen"
"2024-03-01","2024-03-31","VIC","65 and over","Mobile camera",1267,2024,"Mobile camera",3,"chosen"
"2024-03-01","2024-03-31","VIC","Unknown","Mobile camera",117,2024,"Mobile camera",3,"chosen"
"2024-03-01","2024-03-31","VIC","0-16","Mobile camera",0,2024,"Mobile camera",3,"duplicate"
"2024-03-01","2024-03-31","VIC","17-25","Mobile camera",2087,2024,"Mobile camera",3,"duplicate"
"2024-03-01","2024-03-31","VIC","26-39","Mobile camera",7506,2024,"Mobile camera",3,"duplicate"
"2024-03-01","2024-03-31","VIC","40-64","Mobile camera",12246,2024,"Mobile camera",3,"duplicate"
"2024-03-01","2024-03-31","VIC","65 and over","Mobile camera",3636,2024,"Mobile camera",3,"duplicate"
"2024-03-01","2024-03-31","VIC","Unknown","Mobile camera",493,2024,"Mobile camera",3,"duplicate"
"2024-03-01","2024-03-31","VIC","0-16","Mobile camera",0,2024,"Mobile camera",3,"duplicate"
"2024-03-01","2024-03-31","VIC","17-25","Mobile camera",86,2024,"Mobile camera",3,"duplicate"
"2024-03-01","2024-03-31","VIC","26-39","Mobile camera",256,2024,"Mobile camera",3,"duplicate"
"2024-03-01","2024-03-31","VIC","40-64","Mobile camera",420,2024,"Mobile camera",3,"duplicate"
"2024-03-01","2024-03-31","VIC","65 and over","Mobile camera",247,2024,"Mobile camera",3,"duplicate"
"2024-03-01","2024-03-31","VIC","Unknown","Mobile camera",22,2024,"Mobile camera",3,"duplicate"
"2024-03-01","2024-03-31","VIC","0-16","Mobile camera",0,2024,"Mobile camera",3,"duplicate"
"2024-03-01","2024-03-31","VIC","17-25","Mobile camera",0,2024,"Mobile camera",3,"duplicate"
"2024-03-01","2024-03-31","VIC","26-39","Mobile camera",0,2024,"Mobile camera",3,"duplicate"
"2024-03-01","2024-03-31","VIC","40-64","Mobile camera",0,2024,"Mobile camera",3,"duplicate"
"2024-03-01","2024-03-31","VIC","65 and over","Mobile camera",0,2024,"Mobile camera",3,"duplicate"
"2024-03-01","2024-03-31","VIC","Unknown","Mobile camera",0,2024,"Mobile camera",3,"duplicate"
"2024-03-01","2024-03-31","VIC","0-16","Mobile camera",0,2024,"Mobile camera",3,"duplicate"
"2024-03-01","2024-03-31","VIC","17-25","Mobile camera",0,2024,"Mobile camera",3,"duplicate"
"2024-03-01","2024-03-31","VIC","26-39","Mobile camera",0,2024,"Mobile camera",3,"duplicate"
"2024-03-01","2024-03-31","VIC","40-64","Mobile camera",0,2024,"Mobile camera",3,"duplicate"
"2024-03-01","2024-03-31","VIC","65 and over","Mobile camera",0,2024,"Mobile camera",3,"duplicate"
"2024-03-01","2024-03-31","VIC","Unknown","Mobile camera",0,2024,"Mobile camera",3,"duplicate"
"2024-03-01","2024-03-31","VIC","0-16","Police issued",3,2024,"Police issued",3,"unique"
"2024-03-01","2024-03-31","VIC","17-25","Police issued",2548,2024,"Police issued",3,"unique"
"2024-03-01","2024-03-31","VIC","26-39","Police issued",4832,2024,"Police issued",3,"unique"
"2024-03-01","2024-03-31","VIC","40-64","Police issued",5536,2024,"Police issued",3,"unique"
"2024-03-01","2024-03-31","VIC","65 and over","Police issued",1257,2024,"Police issued",3,"unique"
"2024-03-01","2024-03-31","VIC","Unknown","Police issued",4,2024,"Police issued",3,"unique"
"2024-03-01","2024-03-31","WA","0-16","Average speed camera",3,2024,"Average speed camera",3,"unique"
"2024-03-01","2024-03-31","WA","17-25","Average speed camera",210,2024,"Average speed camera",3,"unique"
"2024-03-01","2024-03-31","WA","26-39","Average speed camera",491,2024,"Average speed camera",3,"unique"
"2024-03-01","2024-03-31","WA","40-64","Average speed camera",591,2024,"Average speed camera",3,"unique"
"2024-03-01","2024-03-31","WA","65 and over","Average speed camera",112,2024,"Average speed camera",3,"unique"
"2024-03-01","2024-03-31","WA","0-16","Fixed camera",6,2024,"Fixed camera",3,"unique"
"2024-03-01","2024-03-31","WA","17-25","Fixed camera",1023,2024,"Fixed camera",3,"unique"
"2024-03-01","2024-03-31","WA","26-39","Fixed camera",3195,2024,"Fixed camera",3,"unique"
"2024-03-01","2024-03-31","WA","40-64","Fixed camera",4664,2024,"Fixed camera",3,"unique"
"2024-03-01","2024-03-31","WA","65 and over","Fixed camera",1239,2024,"Fixed camera",3,"unique"
"2024-03-01","2024-03-31","WA","0-16","Mobile camera",17,2024,"Mobile camera",3,"unique"
"2024-03-01","2024-03-31","WA","17-25","Mobile camera",4462,2024,"Mobile camera",3,"unique"
"2024-03-01","2024-03-31","WA","26-39","Mobile camera",10967,2024,"Mobile camera",3,"unique"
"2024-03-01","2024-03-31","WA","40-64","Mobile camera",15718,2024,"Mobile camera",3,"unique"
"2024-03-01","2024-03-31","WA","65 and over","Mobile camera",3816,2024,"Mobile camera",3,"unique"
"2024-03-01","2024-03-31","WA","17-25","Police issued",851,2024,"Police issued",3,"unique"
"2024-03-01","2024-03-31","WA","26-39","Police issued",1736,2024,"Police issued",3,"unique"
"2024-03-01","2024-03-31","WA","40-64","Police issued",2035,2024,"Police issued",3,"unique"
"2024-03-01","2024-03-31","WA","65 and over","Police issued",390,2024,"Police issued",3,"unique"
"2024-03-01","2024-03-31","WA","0-16","Red light camera",3,2024,"Red light camera",3,"unique"
"2024-03-01","2024-03-31","WA","17-25","Red light camera",702,2024,"Red light camera",3,"unique"
"2024-03-01","2024-03-31","WA","26-39","Red light camera",2523,2024,"Red light camera",3,"unique"
"2024-03-01","2024-03-31","WA","40-64","Red light camera",5584,2024,"Red light camera",3,"unique"
"2024-03-01","2024-03-31","WA","65 and over","Red light camera",1788,2024,"Red light camera",3,"unique"
"2024-03-01","2024-03-31","WA","17-25","Unknown",0,2024,"Unknown",3,"unique"
"2024-03-01","2024-03-31","WA","26-39","Unknown",0,2024,"Unknown",3,"unique"
"2024-03-01","2024-03-31","WA","40-64","Unknown",0,2024,"Unknown",3,"unique"
"2024-03-01","2024-03-31","WA","65 and over","Unknown",0,2024,"Unknown",3,"unique"
"2024-04-01","2024-04-30","ACT","17-25","Fixed camera",460,2024,"Fixed camera",4,"unique"
"2024-04-01","2024-04-30","ACT","26-39","Fixed camera",1046,2024,"Fixed camera",4,"unique"
"2024-04-01","2024-04-30","ACT","40-64","Fixed camera",1662,2024,"Fixed camera",4,"unique"
"2024-04-01","2024-04-30","ACT","65 and over","Fixed camera",592,2024,"Fixed camera",4,"unique"
"2024-04-01","2024-04-30","ACT","Unknown","Fixed camera",73,2024,"Fixed camera",4,"unique"
"2024-04-01","2024-04-30","ACT","17-25","Mobile camera",217,2024,"Mobile camera",4,"unique"
"2024-04-01","2024-04-30","ACT","26-39","Mobile camera",492,2024,"Mobile camera",4,"unique"
"2024-04-01","2024-04-30","ACT","40-64","Mobile camera",656,2024,"Mobile camera",4,"unique"
"2024-04-01","2024-04-30","ACT","65 and over","Mobile camera",223,2024,"Mobile camera",4,"unique"
"2024-04-01","2024-04-30","ACT","Unknown","Mobile camera",15,2024,"Mobile camera",4,"unique"
"2024-04-01","2024-04-30","ACT","0-16","Police issued",6,2024,"Police issued",4,"unique"
"2024-04-01","2024-04-30","ACT","17-25","Police issued",64,2024,"Police issued",4,"unique"
"2024-04-01","2024-04-30","ACT","26-39","Police issued",82,2024,"Police issued",4,"unique"
"2024-04-01","2024-04-30","ACT","40-64","Police issued",74,2024,"Police issued",4,"unique"
"2024-04-01","2024-04-30","ACT","65 and over","Police issued",12,2024,"Police issued",4,"unique"
"2024-04-01","2024-04-30","NSW","Unknown","Fixed camera",34079,2024,"Fixed camera",4,"unique"
"2024-04-01","2024-04-30","NSW","Unknown","Mobile camera",2840,2024,"Mobile camera",4,"unique"
"2024-04-01","2024-04-30","NSW","0-16","Police issued",7,2024,"Police issued",4,"chosen"
"2024-04-01","2024-04-30","NSW","17-25","Police issued",1347,2024,"Police issued",4,"chosen"
"2024-04-01","2024-04-30","NSW","26-39","Police issued",2163,2024,"Police issued",4,"chosen"
"2024-04-01","2024-04-30","NSW","40-64","Police issued",2318,2024,"Police issued",4,"chosen"
"2024-04-01","2024-04-30","NSW","65 and over","Police issued",494,2024,"Police issued",4,"chosen"
"2024-04-01","2024-04-30","NSW","0-16","Police issued",9,2024,"Police issued",4,"duplicate"
"2024-04-01","2024-04-30","NSW","17-25","Police issued",2022,2024,"Police issued",4,"duplicate"
"2024-04-01","2024-04-30","NSW","26-39","Police issued",2170,2024,"Police issued",4,"duplicate"
"2024-04-01","2024-04-30","NSW","40-64","Police issued",1995,2024,"Police issued",4,"duplicate"
"2024-04-01","2024-04-30","NSW","65 and over","Police issued",284,2024,"Police issued",4,"duplicate"
"2024-04-01","2024-04-30","NSW","0-16","Police issued",1,2024,"Police issued",4,"duplicate"
"2024-04-01","2024-04-30","NSW","17-25","Police issued",348,2024,"Police issued",4,"duplicate"
"2024-04-01","2024-04-30","NSW","26-39","Police issued",590,2024,"Police issued",4,"duplicate"
"2024-04-01","2024-04-30","NSW","40-64","Police issued",686,2024,"Police issued",4,"duplicate"
"2024-04-01","2024-04-30","NSW","65 and over","Police issued",174,2024,"Police issued",4,"duplicate"
"2024-04-01","2024-04-30","NSW","17-25","Police issued",29,2024,"Police issued",4,"duplicate"
"2024-04-01","2024-04-30","NSW","26-39","Police issued",37,2024,"Police issued",4,"duplicate"
"2024-04-01","2024-04-30","NSW","40-64","Police issued",51,2024,"Police issued",4,"duplicate"
"2024-04-01","2024-04-30","NSW","65 and over","Police issued",6,2024,"Police issued",4,"duplicate"
"2024-04-01","2024-04-30","NSW","17-25","Police issued",31,2024,"Police issued",4,"duplicate"
"2024-04-01","2024-04-30","NSW","26-39","Police issued",46,2024,"Police issued",4,"duplicate"
"2024-04-01","2024-04-30","NSW","40-64","Police issued",47,2024,"Police issued",4,"duplicate"
"2024-04-01","2024-04-30","NSW","65 and over","Police issued",7,2024,"Police issued",4,"duplicate"
"2024-04-01","2024-04-30","NSW","17-25","Police issued",2,2024,"Police issued",4,"duplicate"
"2024-04-01","2024-04-30","NSW","26-39","Police issued",3,2024,"Police issued",4,"duplicate"
"2024-04-01","2024-04-30","NSW","40-64","Police issued",7,2024,"Police issued",4,"duplicate"
"2024-04-01","2024-04-30","NSW","Unknown","Red light camera",16329,2024,"Red light camera",4,"unique"
"2024-04-01","2024-04-30","NT","0-16","Fixed camera",2,2024,"Fixed camera",4,"unique"
"2024-04-01","2024-04-30","NT","17-25","Fixed camera",122,2024,"Fixed camera",4,"unique"
"2024-04-01","2024-04-30","NT","26-39","Fixed camera",355,2024,"Fixed camera",4,"unique"
"2024-04-01","2024-04-30","NT","40-64","Fixed camera",550,2024,"Fixed camera",4,"unique"
"2024-04-01","2024-04-30","NT","65 and over","Fixed camera",109,2024,"Fixed camera",4,"unique"
"2024-04-01","2024-04-30","NT","Unknown","Fixed camera",50,2024,"Fixed camera",4,"unique"
"2024-04-01","2024-04-30","NT","0-16","Mobile camera",3,2024,"Mobile camera",4,"unique"
"2024-04-01","2024-04-30","NT","17-25","Mobile camera",352,2024,"Mobile camera",4,"unique"
"2024-04-01","2024-04-30","NT","26-39","Mobile camera",866,2024,"Mobile camera",4,"unique"
"2024-04-01","2024-04-30","NT","40-64","Mobile camera",952,2024,"Mobile camera",4,"unique"
"2024-04-01","2024-04-30","NT","65 and over","Mobile camera",235,2024,"Mobile camera",4,"unique"
"2024-04-01","2024-04-30","NT","Unknown","Mobile camera",85,2024,"Mobile camera",4,"unique"
"2024-04-01","2024-04-30","NT","0-16","Other",0,2024,"Other",4,"unique"
"2024-04-01","2024-04-30","NT","17-25","Other",0,2024,"Other",4,"unique"
"2024-04-01","2024-04-30","NT","26-39","Other",0,2024,"Other",4,"unique"
"2024-04-01","2024-04-30","NT","40-64","Other",0,2024,"Other",4,"unique"
"2024-04-01","2024-04-30","NT","65 and over","Other",0,2024,"Other",4,"unique"
"2024-04-01","2024-04-30","NT","0-16","Police issued",2,2024,"Police issued",4,"unique"
"2024-04-01","2024-04-30","NT","17-25","Police issued",38,2024,"Police issued",4,"unique"
"2024-04-01","2024-04-30","NT","26-39","Police issued",67,2024,"Police issued",4,"unique"
"2024-04-01","2024-04-30","NT","40-64","Police issued",84,2024,"Police issued",4,"unique"
"2024-04-01","2024-04-30","NT","65 and over","Police issued",8,2024,"Police issued",4,"unique"
"2024-04-01","2024-04-30","QLD","0-16","Fixed camera",587,2024,"Fixed camera",4,"unique"
"2024-04-01","2024-04-30","QLD","17-25","Fixed camera",2593,2024,"Fixed camera",4,"unique"
"2024-04-01","2024-04-30","QLD","26-39","Fixed camera",5803,2024,"Fixed camera",4,"unique"
"2024-04-01","2024-04-30","QLD","40-64","Fixed camera",8328,2024,"Fixed camera",4,"unique"
"2024-04-01","2024-04-30","QLD","65 and over","Fixed camera",2015,2024,"Fixed camera",4,"unique"
"2024-04-01","2024-04-30","QLD","Unknown","Fixed camera",73,2024,"Fixed camera",4,"unique"
"2024-04-01","2024-04-30","QLD","0-16","Mobile camera",744,2024,"Mobile camera",4,"unique"
"2024-04-01","2024-04-30","QLD","17-25","Mobile camera",4773,2024,"Mobile camera",4,"unique"
"2024-04-01","2024-04-30","QLD","26-39","Mobile camera",9828,2024,"Mobile camera",4,"unique"
"2024-04-01","2024-04-30","QLD","40-64","Mobile camera",13887,2024,"Mobile camera",4,"unique"
"2024-04-01","2024-04-30","QLD","65 and over","Mobile camera",3548,2024,"Mobile camera",4,"unique"
"2024-04-01","2024-04-30","QLD","Unknown","Mobile camera",86,2024,"Mobile camera",4,"unique"
"2024-04-01","2024-04-30","QLD","0-16","Police issued",2,2024,"Police issued",4,"unique"
"2024-04-01","2024-04-30","QLD","17-25","Police issued",1808,2024,"Police issued",4,"unique"
"2024-04-01","2024-04-30","QLD","26-39","Police issued",2718,2024,"Police issued",4,"unique"
"2024-04-01","2024-04-30","QLD","40-64","Police issued",3113,2024,"Police issued",4,"unique"
"2024-04-01","2024-04-30","QLD","65 and over","Police issued",587,2024,"Police issued",4,"unique"
"2024-04-01","2024-04-30","QLD","Unknown","Police issued",1,2024,"Police issued",4,"unique"
"2024-04-01","2024-04-30","SA","17-25","Fixed camera",45,2024,"Fixed camera",4,"chosen"
"2024-04-01","2024-04-30","SA","26-39","Fixed camera",86,2024,"Fixed camera",4,"chosen"
"2024-04-01","2024-04-30","SA","40-64","Fixed camera",87,2024,"Fixed camera",4,"chosen"
"2024-04-01","2024-04-30","SA","65 and over","Fixed camera",35,2024,"Fixed camera",4,"chosen"
"2024-04-01","2024-04-30","SA","Unknown","Fixed camera",14,2024,"Fixed camera",4,"chosen"
"2024-04-01","2024-04-30","SA","0-16","Fixed camera",1,2024,"Fixed camera",4,"unique"
"2024-04-01","2024-04-30","SA","17-25","Fixed camera",387,2024,"Fixed camera",4,"duplicate"
"2024-04-01","2024-04-30","SA","26-39","Fixed camera",982,2024,"Fixed camera",4,"duplicate"
"2024-04-01","2024-04-30","SA","40-64","Fixed camera",1813,2024,"Fixed camera",4,"duplicate"
"2024-04-01","2024-04-30","SA","65 and over","Fixed camera",675,2024,"Fixed camera",4,"duplicate"
"2024-04-01","2024-04-30","SA","Unknown","Fixed camera",131,2024,"Fixed camera",4,"duplicate"
"2024-04-01","2024-04-30","SA","17-25","Fixed camera",11,2024,"Fixed camera",4,"duplicate"
"2024-04-01","2024-04-30","SA","26-39","Fixed camera",38,2024,"Fixed camera",4,"duplicate"
"2024-04-01","2024-04-30","SA","40-64","Fixed camera",58,2024,"Fixed camera",4,"duplicate"
"2024-04-01","2024-04-30","SA","65 and over","Fixed camera",19,2024,"Fixed camera",4,"duplicate"
"2024-04-01","2024-04-30","SA","Unknown","Fixed camera",3,2024,"Fixed camera",4,"duplicate"
"2024-04-01","2024-04-30","SA","17-25","Mobile camera",129,2024,"Mobile camera",4,"chosen"
"2024-04-01","2024-04-30","SA","26-39","Mobile camera",357,2024,"Mobile camera",4,"chosen"
"2024-04-01","2024-04-30","SA","40-64","Mobile camera",640,2024,"Mobile camera",4,"chosen"
"2024-04-01","2024-04-30","SA","65 and over","Mobile camera",240,2024,"Mobile camera",4,"chosen"
"2024-04-01","2024-04-30","SA","Unknown","Mobile camera",34,2024,"Mobile camera",4,"chosen"
"2024-04-01","2024-04-30","SA","17-25","Mobile camera",604,2024,"Mobile camera",4,"duplicate"
"2024-04-01","2024-04-30","SA","26-39","Mobile camera",1351,2024,"Mobile camera",4,"duplicate"
"2024-04-01","2024-04-30","SA","40-64","Mobile camera",2057,2024,"Mobile camera",4,"duplicate"
"2024-04-01","2024-04-30","SA","65 and over","Mobile camera",580,2024,"Mobile camera",4,"duplicate"
"2024-04-01","2024-04-30","SA","Unknown","Mobile camera",124,2024,"Mobile camera",4,"duplicate"
"2024-04-01","2024-04-30","SA","17-25","Mobile camera",16,2024,"Mobile camera",4,"duplicate"
"2024-04-01","2024-04-30","SA","26-39","Mobile camera",79,2024,"Mobile camera",4,"duplicate"
"2024-04-01","2024-04-30","SA","40-64","Mobile camera",154,2024,"Mobile camera",4,"duplicate"
"2024-04-01","2024-04-30","SA","65 and over","Mobile camera",81,2024,"Mobile camera",4,"duplicate"
"2024-04-01","2024-04-30","SA","Unknown","Mobile camera",8,2024,"Mobile camera",4,"duplicate"
"2024-04-01","2024-04-30","SA","26-39","Mobile camera",9,2024,"Mobile camera",4,"duplicate"
"2024-04-01","2024-04-30","SA","40-64","Mobile camera",7,2024,"Mobile camera",4,"duplicate"
"2024-04-01","2024-04-30","SA","65 and over","Mobile camera",2,2024,"Mobile camera",4,"duplicate"
"2024-04-01","2024-04-30","SA","40-64","Mobile camera",4,2024,"Mobile camera",4,"duplicate"
"2024-04-01","2024-04-30","SA","17-25","Police issued",202,2024,"Police issued",4,"chosen"
"2024-04-01","2024-04-30","SA","26-39","Police issued",349,2024,"Police issued",4,"chosen"
"2024-04-01","2024-04-30","SA","40-64","Police issued",515,2024,"Police issued",4,"chosen"
"2024-04-01","2024-04-30","SA","65 and over","Police issued",166,2024,"Police issued",4,"chosen"
"2024-04-01","2024-04-30","SA","Unknown","Police issued",4,2024,"Police issued",4,"chosen"
"2024-04-01","2024-04-30","SA","0-16","Police issued",2,2024,"Police issued",4,"chosen"
"2024-04-01","2024-04-30","SA","17-25","Police issued",275,2024,"Police issued",4,"duplicate"
"2024-04-01","2024-04-30","SA","26-39","Police issued",511,2024,"Police issued",4,"duplicate"
"2024-04-01","2024-04-30","SA","40-64","Police issued",551,2024,"Police issued",4,"duplicate"
"2024-04-01","2024-04-30","SA","65 and over","Police issued",139,2024,"Police issued",4,"duplicate"
"2024-04-01","2024-04-30","SA","Unknown","Police issued",6,2024,"Police issued",4,"duplicate"
"2024-04-01","2024-04-30","SA","0-16","Police issued",1,2024,"Police issued",4,"duplicate"
"2024-04-01","2024-04-30","SA","17-25","Police issued",182,2024,"Police issued",4,"duplicate"
"2024-04-01","2024-04-30","SA","26-39","Police issued",415,2024,"Police issued",4,"duplicate"
"2024-04-01","2024-04-30","SA","40-64","Police issued",500,2024,"Police issued",4,"duplicate"
"2024-04-01","2024-04-30","SA","65 and over","Police issued",149,2024,"Police issued",4,"duplicate"
"2024-04-01","2024-04-30","SA","Unknown","Police issued",2,2024,"Police issued",4,"duplicate"
"2024-04-01","2024-04-30","SA","17-25","Police issued",34,2024,"Police issued",4,"duplicate"
"2024-04-01","2024-04-30","SA","26-39","Police issued",87,2024,"Police issued",4,"duplicate"
"2024-04-01","2024-04-30","SA","40-64","Police issued",104,2024,"Police issued",4,"duplicate"
"2024-04-01","2024-04-30","SA","65 and over","Police issued",29,2024,"Police issued",4,"duplicate"
"2024-04-01","2024-04-30","SA","17-25","Police issued",23,2024,"Police issued",4,"duplicate"
"2024-04-01","2024-04-30","SA","26-39","Police issued",41,2024,"Police issued",4,"duplicate"
"2024-04-01","2024-04-30","SA","40-64","Police issued",38,2024,"Police issued",4,"duplicate"
"2024-04-01","2024-04-30","SA","65 and over","Police issued",11,2024,"Police issued",4,"duplicate"
"2024-04-01","2024-04-30","SA","17-25","Police issued",28,2024,"Police issued",4,"duplicate"
"2024-04-01","2024-04-30","SA","26-39","Police issued",58,2024,"Police issued",4,"duplicate"
"2024-04-01","2024-04-30","SA","40-64","Police issued",75,2024,"Police issued",4,"duplicate"
"2024-04-01","2024-04-30","SA","65 and over","Police issued",12,2024,"Police issued",4,"duplicate"
"2024-04-01","2024-04-30","TAS","17-25","Fixed or mobile camera",525,2024,"Camera (fixed/mobile)",4,"unique"
"2024-04-01","2024-04-30","TAS","26-39","Fixed or mobile camera",1355,2024,"Camera (fixed/mobile)",4,"unique"
"2024-04-01","2024-04-30","TAS","40-64","Fixed or mobile camera",1975,2024,"Camera (fixed/mobile)",4,"unique"
"2024-04-01","2024-04-30","TAS","65 and over","Fixed or mobile camera",792,2024,"Camera (fixed/mobile)",4,"unique"
"2024-04-01","2024-04-30","TAS","Unknown","Fixed or mobile camera",2,2024,"Camera (fixed/mobile)",4,"unique"
"2024-04-01","2024-04-30","TAS","0-16","Police issued",0,2024,"Police issued",4,"unique"
"2024-04-01","2024-04-30","TAS","17-25","Police issued",348,2024,"Police issued",4,"unique"
"2024-04-01","2024-04-30","TAS","26-39","Police issued",486,2024,"Police issued",4,"unique"
"2024-04-01","2024-04-30","TAS","40-64","Police issued",559,2024,"Police issued",4,"unique"
"2024-04-01","2024-04-30","TAS","65 and over","Police issued",189,2024,"Police issued",4,"unique"
"2024-04-01","2024-04-30","VIC","0-16","Fixed camera",0,2024,"Fixed camera",4,"chosen"
"2024-04-01","2024-04-30","VIC","17-25","Fixed camera",123,2024,"Fixed camera",4,"chosen"
"2024-04-01","2024-04-30","VIC","26-39","Fixed camera",473,2024,"Fixed camera",4,"chosen"
"2024-04-01","2024-04-30","VIC","40-64","Fixed camera",764,2024,"Fixed camera",4,"chosen"
"2024-04-01","2024-04-30","VIC","65 and over","Fixed camera",370,2024,"Fixed camera",4,"chosen"
"2024-04-01","2024-04-30","VIC","Unknown","Fixed camera",21,2024,"Fixed camera",4,"chosen"
"2024-04-01","2024-04-30","VIC","0-16","Fixed camera",0,2024,"Fixed camera",4,"duplicate"
"2024-04-01","2024-04-30","VIC","17-25","Fixed camera",2959,2024,"Fixed camera",4,"duplicate"
"2024-04-01","2024-04-30","VIC","26-39","Fixed camera",10215,2024,"Fixed camera",4,"duplicate"
"2024-04-01","2024-04-30","VIC","40-64","Fixed camera",17446,2024,"Fixed camera",4,"duplicate"
"2024-04-01","2024-04-30","VIC","65 and over","Fixed camera",5231,2024,"Fixed camera",4,"duplicate"
"2024-04-01","2024-04-30","VIC","Unknown","Fixed camera",975,2024,"Fixed camera",4,"duplicate"
"2024-04-01","2024-04-30","VIC","0-16","Fixed camera",0,2024,"Fixed camera",4,"duplicate"
"2024-04-01","2024-04-30","VIC","17-25","Fixed camera",1,2024,"Fixed camera",4,"duplicate"
"2024-04-01","2024-04-30","VIC","26-39","Fixed camera",8,2024,"Fixed camera",4,"duplicate"
"2024-04-01","2024-04-30","VIC","40-64","Fixed camera",17,2024,"Fixed camera",4,"duplicate"
"2024-04-01","2024-04-30","VIC","65 and over","Fixed camera",7,2024,"Fixed camera",4,"duplicate"
"2024-04-01","2024-04-30","VIC","Unknown","Fixed camera",1,2024,"Fixed camera",4,"duplicate"
"2024-04-01","2024-04-30","VIC","0-16","Fixed camera",0,2024,"Fixed camera",4,"duplicate"
"2024-04-01","2024-04-30","VIC","17-25","Fixed camera",0,2024,"Fixed camera",4,"duplicate"
"2024-04-01","2024-04-30","VIC","26-39","Fixed camera",0,2024,"Fixed camera",4,"duplicate"
"2024-04-01","2024-04-30","VIC","40-64","Fixed camera",0,2024,"Fixed camera",4,"duplicate"
"2024-04-01","2024-04-30","VIC","65 and over","Fixed camera",0,2024,"Fixed camera",4,"duplicate"
"2024-04-01","2024-04-30","VIC","Unknown","Fixed camera",0,2024,"Fixed camera",4,"duplicate"
"2024-04-01","2024-04-30","VIC","0-16","Fixed camera",0,2024,"Fixed camera",4,"duplicate"
"2024-04-01","2024-04-30","VIC","17-25","Fixed camera",311,2024,"Fixed camera",4,"duplicate"
"2024-04-01","2024-04-30","VIC","26-39","Fixed camera",812,2024,"Fixed camera",4,"duplicate"
"2024-04-01","2024-04-30","VIC","40-64","Fixed camera",1181,2024,"Fixed camera",4,"duplicate"
"2024-04-01","2024-04-30","VIC","65 and over","Fixed camera",256,2024,"Fixed camera",4,"duplicate"
"2024-04-01","2024-04-30","VIC","Unknown","Fixed camera",57,2024,"Fixed camera",4,"duplicate"
"2024-04-01","2024-04-30","VIC","0-16","Mobile camera",0,2024,"Mobile camera",4,"chosen"
"2024-04-01","2024-04-30","VIC","17-25","Mobile camera",546,2024,"Mobile camera",4,"chosen"
"2024-04-01","2024-04-30","VIC","26-39","Mobile camera",1838,2024,"Mobile camera",4,"chosen"
"2024-04-01","2024-04-30","VIC","40-64","Mobile camera",2928,2024,"Mobile camera",4,"chosen"
"2024-04-01","2024-04-30","VIC","65 and over","Mobile camera",1430,2024,"Mobile camera",4,"chosen"
"2024-04-01","2024-04-30","VIC","Unknown","Mobile camera",76,2024,"Mobile camera",4,"chosen"
"2024-04-01","2024-04-30","VIC","0-16","Mobile camera",0,2024,"Mobile camera",4,"duplicate"
"2024-04-01","2024-04-30","VIC","17-25","Mobile camera",2182,2024,"Mobile camera",4,"duplicate"
"2024-04-01","2024-04-30","VIC","26-39","Mobile camera",8004,2024,"Mobile camera",4,"duplicate"
"2024-04-01","2024-04-30","VIC","40-64","Mobile camera",12684,2024,"Mobile camera",4,"duplicate"
"2024-04-01","2024-04-30","VIC","65 and over","Mobile camera",3772,2024,"Mobile camera",4,"duplicate"
"2024-04-01","2024-04-30","VIC","Unknown","Mobile camera",506,2024,"Mobile camera",4,"duplicate"
"2024-04-01","2024-04-30","VIC","0-16","Mobile camera",0,2024,"Mobile camera",4,"duplicate"
"2024-04-01","2024-04-30","VIC","17-25","Mobile camera",87,2024,"Mobile camera",4,"duplicate"
"2024-04-01","2024-04-30","VIC","26-39","Mobile camera",366,2024,"Mobile camera",4,"duplicate"
"2024-04-01","2024-04-30","VIC","40-64","Mobile camera",578,2024,"Mobile camera",4,"duplicate"
"2024-04-01","2024-04-30","VIC","65 and over","Mobile camera",264,2024,"Mobile camera",4,"duplicate"
"2024-04-01","2024-04-30","VIC","Unknown","Mobile camera",42,2024,"Mobile camera",4,"duplicate"
"2024-04-01","2024-04-30","VIC","0-16","Mobile camera",0,2024,"Mobile camera",4,"duplicate"
"2024-04-01","2024-04-30","VIC","17-25","Mobile camera",0,2024,"Mobile camera",4,"duplicate"
"2024-04-01","2024-04-30","VIC","26-39","Mobile camera",0,2024,"Mobile camera",4,"duplicate"
"2024-04-01","2024-04-30","VIC","40-64","Mobile camera",0,2024,"Mobile camera",4,"duplicate"
"2024-04-01","2024-04-30","VIC","65 and over","Mobile camera",0,2024,"Mobile camera",4,"duplicate"
"2024-04-01","2024-04-30","VIC","Unknown","Mobile camera",0,2024,"Mobile camera",4,"duplicate"
"2024-04-01","2024-04-30","VIC","0-16","Mobile camera",0,2024,"Mobile camera",4,"duplicate"
"2024-04-01","2024-04-30","VIC","17-25","Mobile camera",0,2024,"Mobile camera",4,"duplicate"
"2024-04-01","2024-04-30","VIC","26-39","Mobile camera",0,2024,"Mobile camera",4,"duplicate"
"2024-04-01","2024-04-30","VIC","40-64","Mobile camera",0,2024,"Mobile camera",4,"duplicate"
"2024-04-01","2024-04-30","VIC","65 and over","Mobile camera",0,2024,"Mobile camera",4,"duplicate"
"2024-04-01","2024-04-30","VIC","Unknown","Mobile camera",0,2024,"Mobile camera",4,"duplicate"
"2024-04-01","2024-04-30","VIC","0-16","Police issued",1,2024,"Police issued",4,"unique"
"2024-04-01","2024-04-30","VIC","17-25","Police issued",1974,2024,"Police issued",4,"unique"
"2024-04-01","2024-04-30","VIC","26-39","Police issued",3893,2024,"Police issued",4,"unique"
"2024-04-01","2024-04-30","VIC","40-64","Police issued",4629,2024,"Police issued",4,"unique"
"2024-04-01","2024-04-30","VIC","65 and over","Police issued",1112,2024,"Police issued",4,"unique"
"2024-04-01","2024-04-30","VIC","Unknown","Police issued",5,2024,"Police issued",4,"unique"
"2024-04-01","2024-04-30","WA","0-16","Average speed camera",1,2024,"Average speed camera",4,"unique"
"2024-04-01","2024-04-30","WA","17-25","Average speed camera",197,2024,"Average speed camera",4,"unique"
"2024-04-01","2024-04-30","WA","26-39","Average speed camera",554,2024,"Average speed camera",4,"unique"
"2024-04-01","2024-04-30","WA","40-64","Average speed camera",576,2024,"Average speed camera",4,"unique"
"2024-04-01","2024-04-30","WA","65 and over","Average speed camera",100,2024,"Average speed camera",4,"unique"
"2024-04-01","2024-04-30","WA","0-16","Fixed camera",5,2024,"Fixed camera",4,"unique"
"2024-04-01","2024-04-30","WA","17-25","Fixed camera",1003,2024,"Fixed camera",4,"unique"
"2024-04-01","2024-04-30","WA","26-39","Fixed camera",3170,2024,"Fixed camera",4,"unique"
"2024-04-01","2024-04-30","WA","40-64","Fixed camera",4621,2024,"Fixed camera",4,"unique"
"2024-04-01","2024-04-30","WA","65 and over","Fixed camera",1219,2024,"Fixed camera",4,"unique"
"2024-04-01","2024-04-30","WA","0-16","Mobile camera",15,2024,"Mobile camera",4,"unique"
"2024-04-01","2024-04-30","WA","17-25","Mobile camera",4262,2024,"Mobile camera",4,"unique"
"2024-04-01","2024-04-30","WA","26-39","Mobile camera",10349,2024,"Mobile camera",4,"unique"
"2024-04-01","2024-04-30","WA","40-64","Mobile camera",14620,2024,"Mobile camera",4,"unique"
"2024-04-01","2024-04-30","WA","65 and over","Mobile camera",3488,2024,"Mobile camera",4,"unique"
"2024-04-01","2024-04-30","WA","0-16","Police issued",1,2024,"Police issued",4,"unique"
"2024-04-01","2024-04-30","WA","17-25","Police issued",934,2024,"Police issued",4,"unique"
"2024-04-01","2024-04-30","WA","26-39","Police issued",1868,2024,"Police issued",4,"unique"
"2024-04-01","2024-04-30","WA","40-64","Police issued",2100,2024,"Police issued",4,"unique"
"2024-04-01","2024-04-30","WA","65 and over","Police issued",444,2024,"Police issued",4,"unique"
"2024-04-01","2024-04-30","WA","0-16","Red light camera",5,2024,"Red light camera",4,"unique"
"2024-04-01","2024-04-30","WA","17-25","Red light camera",707,2024,"Red light camera",4,"unique"
"2024-04-01","2024-04-30","WA","26-39","Red light camera",2433,2024,"Red light camera",4,"unique"
"2024-04-01","2024-04-30","WA","40-64","Red light camera",5230,2024,"Red light camera",4,"unique"
"2024-04-01","2024-04-30","WA","65 and over","Red light camera",1726,2024,"Red light camera",4,"unique"
"2024-04-01","2024-04-30","WA","17-25","Unknown",0,2024,"Unknown",4,"unique"
"2024-04-01","2024-04-30","WA","26-39","Unknown",0,2024,"Unknown",4,"unique"
"2024-04-01","2024-04-30","WA","40-64","Unknown",0,2024,"Unknown",4,"unique"
"2024-04-01","2024-04-30","WA","65 and over","Unknown",0,2024,"Unknown",4,"unique"
"2024-05-01","2024-05-31","ACT","0-16","Fixed camera",2,2024,"Fixed camera",5,"unique"
"2024-05-01","2024-05-31","ACT","17-25","Fixed camera",466,2024,"Fixed camera",5,"unique"
"2024-05-01","2024-05-31","ACT","26-39","Fixed camera",930,2024,"Fixed camera",5,"unique"
"2024-05-01","2024-05-31","ACT","40-64","Fixed camera",1619,2024,"Fixed camera",5,"unique"
"2024-05-01","2024-05-31","ACT","65 and over","Fixed camera",470,2024,"Fixed camera",5,"unique"
"2024-05-01","2024-05-31","ACT","Unknown","Fixed camera",78,2024,"Fixed camera",5,"unique"
"2024-05-01","2024-05-31","ACT","0-16","Mobile camera",1,2024,"Mobile camera",5,"unique"
"2024-05-01","2024-05-31","ACT","17-25","Mobile camera",296,2024,"Mobile camera",5,"unique"
"2024-05-01","2024-05-31","ACT","26-39","Mobile camera",656,2024,"Mobile camera",5,"unique"
"2024-05-01","2024-05-31","ACT","40-64","Mobile camera",865,2024,"Mobile camera",5,"unique"
"2024-05-01","2024-05-31","ACT","65 and over","Mobile camera",280,2024,"Mobile camera",5,"unique"
"2024-05-01","2024-05-31","ACT","Unknown","Mobile camera",46,2024,"Mobile camera",5,"unique"
"2024-05-01","2024-05-31","ACT","0-16","Police issued",3,2024,"Police issued",5,"unique"
"2024-05-01","2024-05-31","ACT","17-25","Police issued",92,2024,"Police issued",5,"unique"
"2024-05-01","2024-05-31","ACT","26-39","Police issued",109,2024,"Police issued",5,"unique"
"2024-05-01","2024-05-31","ACT","40-64","Police issued",81,2024,"Police issued",5,"unique"
"2024-05-01","2024-05-31","ACT","65 and over","Police issued",4,2024,"Police issued",5,"unique"
"2024-05-01","2024-05-31","NSW","Unknown","Fixed camera",42304,2024,"Fixed camera",5,"unique"
"2024-05-01","2024-05-31","NSW","Unknown","Mobile camera",3248,2024,"Mobile camera",5,"unique"
"2024-05-01","2024-05-31","NSW","0-16","Police issued",3,2024,"Police issued",5,"chosen"
"2024-05-01","2024-05-31","NSW","17-25","Police issued",1299,2024,"Police issued",5,"chosen"
"2024-05-01","2024-05-31","NSW","26-39","Police issued",1937,2024,"Police issued",5,"chosen"
"2024-05-01","2024-05-31","NSW","40-64","Police issued",2096,2024,"Police issued",5,"chosen"
"2024-05-01","2024-05-31","NSW","65 and over","Police issued",527,2024,"Police issued",5,"chosen"
"2024-05-01","2024-05-31","NSW","0-16","Police issued",5,2024,"Police issued",5,"duplicate"
"2024-05-01","2024-05-31","NSW","17-25","Police issued",1744,2024,"Police issued",5,"duplicate"
"2024-05-01","2024-05-31","NSW","26-39","Police issued",1995,2024,"Police issued",5,"duplicate"
"2024-05-01","2024-05-31","NSW","40-64","Police issued",1718,2024,"Police issued",5,"duplicate"
"2024-05-01","2024-05-31","NSW","65 and over","Police issued",263,2024,"Police issued",5,"duplicate"
"2024-05-01","2024-05-31","NSW","0-16","Police issued",2,2024,"Police issued",5,"duplicate"
"2024-05-01","2024-05-31","NSW","17-25","Police issued",362,2024,"Police issued",5,"duplicate"
"2024-05-01","2024-05-31","NSW","26-39","Police issued",623,2024,"Police issued",5,"duplicate"
"2024-05-01","2024-05-31","NSW","40-64","Police issued",753,2024,"Police issued",5,"duplicate"
"2024-05-01","2024-05-31","NSW","65 and over","Police issued",229,2024,"Police issued",5,"duplicate"
"2024-05-01","2024-05-31","NSW","17-25","Police issued",31,2024,"Police issued",5,"duplicate"
"2024-05-01","2024-05-31","NSW","26-39","Police issued",57,2024,"Police issued",5,"duplicate"
"2024-05-01","2024-05-31","NSW","40-64","Police issued",80,2024,"Police issued",5,"duplicate"
"2024-05-01","2024-05-31","NSW","65 and over","Police issued",30,2024,"Police issued",5,"duplicate"
"2024-05-01","2024-05-31","NSW","17-25","Police issued",101,2024,"Police issued",5,"duplicate"
"2024-05-01","2024-05-31","NSW","26-39","Police issued",107,2024,"Police issued",5,"duplicate"
"2024-05-01","2024-05-31","NSW","40-64","Police issued",100,2024,"Police issued",5,"duplicate"
"2024-05-01","2024-05-31","NSW","65 and over","Police issued",36,2024,"Police issued",5,"duplicate"
"2024-05-01","2024-05-31","NSW","17-25","Police issued",3,2024,"Police issued",5,"duplicate"
"2024-05-01","2024-05-31","NSW","26-39","Police issued",7,2024,"Police issued",5,"duplicate"
"2024-05-01","2024-05-31","NSW","40-64","Police issued",4,2024,"Police issued",5,"duplicate"
"2024-05-01","2024-05-31","NSW","65 and over","Police issued",5,2024,"Police issued",5,"duplicate"
"2024-05-01","2024-05-31","NSW","Unknown","Red light camera",19149,2024,"Red light camera",5,"unique"
"2024-05-01","2024-05-31","NT","17-25","Fixed camera",101,2024,"Fixed camera",5,"unique"
"2024-05-01","2024-05-31","NT","26-39","Fixed camera",273,2024,"Fixed camera",5,"unique"
"2024-05-01","2024-05-31","NT","40-64","Fixed camera",458,2024,"Fixed camera",5,"unique"
"2024-05-01","2024-05-31","NT","65 and over","Fixed camera",84,2024,"Fixed camera",5,"unique"
"2024-05-01","2024-05-31","NT","Unknown","Fixed camera",44,2024,"Fixed camera",5,"unique"
"2024-05-01","2024-05-31","NT","0-16","Mobile camera",3,2024,"Mobile camera",5,"unique"
"2024-05-01","2024-05-31","NT","17-25","Mobile camera",250,2024,"Mobile camera",5,"unique"
"2024-05-01","2024-05-31","NT","26-39","Mobile camera",571,2024,"Mobile camera",5,"unique"
"2024-05-01","2024-05-31","NT","40-64","Mobile camera",658,2024,"Mobile camera",5,"unique"
"2024-05-01","2024-05-31","NT","65 and over","Mobile camera",183,2024,"Mobile camera",5,"unique"
"2024-05-01","2024-05-31","NT","Unknown","Mobile camera",45,2024,"Mobile camera",5,"unique"
"2024-05-01","2024-05-31","NT","0-16","Other",0,2024,"Other",5,"unique"
"2024-05-01","2024-05-31","NT","17-25","Other",0,2024,"Other",5,"unique"
"2024-05-01","2024-05-31","NT","26-39","Other",0,2024,"Other",5,"unique"
"2024-05-01","2024-05-31","NT","40-64","Other",0,2024,"Other",5,"unique"
"2024-05-01","2024-05-31","NT","65 and over","Other",0,2024,"Other",5,"unique"
"2024-05-01","2024-05-31","NT","0-16","Police issued",3,2024,"Police issued",5,"unique"
"2024-05-01","2024-05-31","NT","17-25","Police issued",63,2024,"Police issued",5,"unique"
"2024-05-01","2024-05-31","NT","26-39","Police issued",88,2024,"Police issued",5,"unique"
"2024-05-01","2024-05-31","NT","40-64","Police issued",94,2024,"Police issued",5,"unique"
"2024-05-01","2024-05-31","NT","65 and over","Police issued",28,2024,"Police issued",5,"unique"
"2024-05-01","2024-05-31","QLD","0-16","Fixed camera",604,2024,"Fixed camera",5,"unique"
"2024-05-01","2024-05-31","QLD","17-25","Fixed camera",2641,2024,"Fixed camera",5,"unique"
"2024-05-01","2024-05-31","QLD","26-39","Fixed camera",6087,2024,"Fixed camera",5,"unique"
"2024-05-01","2024-05-31","QLD","40-64","Fixed camera",8891,2024,"Fixed camera",5,"unique"
"2024-05-01","2024-05-31","QLD","65 and over","Fixed camera",2317,2024,"Fixed camera",5,"unique"
"2024-05-01","2024-05-31","QLD","Unknown","Fixed camera",90,2024,"Fixed camera",5,"unique"
"2024-05-01","2024-05-31","QLD","0-16","Mobile camera",873,2024,"Mobile camera",5,"unique"
"2024-05-01","2024-05-31","QLD","17-25","Mobile camera",5361,2024,"Mobile camera",5,"unique"
"2024-05-01","2024-05-31","QLD","26-39","Mobile camera",10555,2024,"Mobile camera",5,"unique"
"2024-05-01","2024-05-31","QLD","40-64","Mobile camera",15686,2024,"Mobile camera",5,"unique"
"2024-05-01","2024-05-31","QLD","65 and over","Mobile camera",4101,2024,"Mobile camera",5,"unique"
"2024-05-01","2024-05-31","QLD","Unknown","Mobile camera",102,2024,"Mobile camera",5,"unique"
"2024-05-01","2024-05-31","QLD","0-16","Police issued",5,2024,"Police issued",5,"unique"
"2024-05-01","2024-05-31","QLD","17-25","Police issued",2040,2024,"Police issued",5,"unique"
"2024-05-01","2024-05-31","QLD","26-39","Police issued",3152,2024,"Police issued",5,"unique"
"2024-05-01","2024-05-31","QLD","40-64","Police issued",3405,2024,"Police issued",5,"unique"
"2024-05-01","2024-05-31","QLD","65 and over","Police issued",655,2024,"Police issued",5,"unique"
"2024-05-01","2024-05-31","SA","17-25","Fixed camera",29,2024,"Fixed camera",5,"chosen"
"2024-05-01","2024-05-31","SA","26-39","Fixed camera",70,2024,"Fixed camera",5,"chosen"
"2024-05-01","2024-05-31","SA","40-64","Fixed camera",84,2024,"Fixed camera",5,"chosen"
"2024-05-01","2024-05-31","SA","65 and over","Fixed camera",17,2024,"Fixed camera",5,"chosen"
"2024-05-01","2024-05-31","SA","Unknown","Fixed camera",20,2024,"Fixed camera",5,"chosen"
"2024-05-01","2024-05-31","SA","0-16","Fixed camera",1,2024,"Fixed camera",5,"unique"
"2024-05-01","2024-05-31","SA","17-25","Fixed camera",334,2024,"Fixed camera",5,"duplicate"
"2024-05-01","2024-05-31","SA","26-39","Fixed camera",811,2024,"Fixed camera",5,"duplicate"
"2024-05-01","2024-05-31","SA","40-64","Fixed camera",1518,2024,"Fixed camera",5,"duplicate"
"2024-05-01","2024-05-31","SA","65 and over","Fixed camera",529,2024,"Fixed camera",5,"duplicate"
"2024-05-01","2024-05-31","SA","Unknown","Fixed camera",125,2024,"Fixed camera",5,"duplicate"
"2024-05-01","2024-05-31","SA","17-25","Fixed camera",8,2024,"Fixed camera",5,"duplicate"
"2024-05-01","2024-05-31","SA","26-39","Fixed camera",31,2024,"Fixed camera",5,"duplicate"
"2024-05-01","2024-05-31","SA","40-64","Fixed camera",39,2024,"Fixed camera",5,"duplicate"
"2024-05-01","2024-05-31","SA","65 and over","Fixed camera",20,2024,"Fixed camera",5,"duplicate"
"2024-05-01","2024-05-31","SA","Unknown","Fixed camera",2,2024,"Fixed camera",5,"duplicate"
"2024-05-01","2024-05-31","SA","17-25","Mobile camera",90,2024,"Mobile camera",5,"chosen"
"2024-05-01","2024-05-31","SA","26-39","Mobile camera",288,2024,"Mobile camera",5,"chosen"
"2024-05-01","2024-05-31","SA","40-64","Mobile camera",570,2024,"Mobile camera",5,"chosen"
"2024-05-01","2024-05-31","SA","65 and over","Mobile camera",300,2024,"Mobile camera",5,"chosen"
"2024-05-01","2024-05-31","SA","Unknown","Mobile camera",23,2024,"Mobile camera",5,"chosen"
"2024-05-01","2024-05-31","SA","17-25","Mobile camera",548,2024,"Mobile camera",5,"duplicate"
"2024-05-01","2024-05-31","SA","26-39","Mobile camera",1420,2024,"Mobile camera",5,"duplicate"
"2024-05-01","2024-05-31","SA","40-64","Mobile camera",2212,2024,"Mobile camera",5,"duplicate"
"2024-05-01","2024-05-31","SA","65 and over","Mobile camera",687,2024,"Mobile camera",5,"duplicate"
"2024-05-01","2024-05-31","SA","Unknown","Mobile camera",110,2024,"Mobile camera",5,"duplicate"
"2024-05-01","2024-05-31","SA","17-25","Mobile camera",32,2024,"Mobile camera",5,"duplicate"
"2024-05-01","2024-05-31","SA","26-39","Mobile camera",63,2024,"Mobile camera",5,"duplicate"
"2024-05-01","2024-05-31","SA","40-64","Mobile camera",149,2024,"Mobile camera",5,"duplicate"
"2024-05-01","2024-05-31","SA","65 and over","Mobile camera",66,2024,"Mobile camera",5,"duplicate"
"2024-05-01","2024-05-31","SA","Unknown","Mobile camera",9,2024,"Mobile camera",5,"duplicate"
"2024-05-01","2024-05-31","SA","17-25","Mobile camera",1,2024,"Mobile camera",5,"duplicate"
"2024-05-01","2024-05-31","SA","26-39","Mobile camera",3,2024,"Mobile camera",5,"duplicate"
"2024-05-01","2024-05-31","SA","40-64","Mobile camera",2,2024,"Mobile camera",5,"duplicate"
"2024-05-01","2024-05-31","SA","26-39","Mobile camera",3,2024,"Mobile camera",5,"duplicate"
"2024-05-01","2024-05-31","SA","40-64","Mobile camera",5,2024,"Mobile camera",5,"duplicate"
"2024-05-01","2024-05-31","SA","65 and over","Mobile camera",5,2024,"Mobile camera",5,"duplicate"
"2024-05-01","2024-05-31","SA","17-25","Police issued",174,2024,"Police issued",5,"chosen"
"2024-05-01","2024-05-31","SA","26-39","Police issued",330,2024,"Police issued",5,"chosen"
"2024-05-01","2024-05-31","SA","40-64","Police issued",459,2024,"Police issued",5,"chosen"
"2024-05-01","2024-05-31","SA","65 and over","Police issued",144,2024,"Police issued",5,"chosen"
"2024-05-01","2024-05-31","SA","Unknown","Police issued",3,2024,"Police issued",5,"chosen"
"2024-05-01","2024-05-31","SA","17-25","Police issued",360,2024,"Police issued",5,"duplicate"
"2024-05-01","2024-05-31","SA","26-39","Police issued",500,2024,"Police issued",5,"duplicate"
"2024-05-01","2024-05-31","SA","40-64","Police issued",586,2024,"Police issued",5,"duplicate"
"2024-05-01","2024-05-31","SA","65 and over","Police issued",146,2024,"Police issued",5,"duplicate"
"2024-05-01","2024-05-31","SA","Unknown","Police issued",1,2024,"Police issued",5,"duplicate"
"2024-05-01","2024-05-31","SA","0-16","Police issued",0,2024,"Police issued",5,"chosen"
"2024-05-01","2024-05-31","SA","17-25","Police issued",167,2024,"Police issued",5,"duplicate"
"2024-05-01","2024-05-31","SA","26-39","Police issued",322,2024,"Police issued",5,"duplicate"
"2024-05-01","2024-05-31","SA","40-64","Police issued",490,2024,"Police issued",5,"duplicate"
"2024-05-01","2024-05-31","SA","65 and over","Police issued",174,2024,"Police issued",5,"duplicate"
"2024-05-01","2024-05-31","SA","Unknown","Police issued",1,2024,"Police issued",5,"duplicate"
"2024-05-01","2024-05-31","SA","0-16","Police issued",1,2024,"Police issued",5,"duplicate"
"2024-05-01","2024-05-31","SA","17-25","Police issued",32,2024,"Police issued",5,"duplicate"
"2024-05-01","2024-05-31","SA","26-39","Police issued",66,2024,"Police issued",5,"duplicate"
"2024-05-01","2024-05-31","SA","40-64","Police issued",78,2024,"Police issued",5,"duplicate"
"2024-05-01","2024-05-31","SA","65 and over","Police issued",22,2024,"Police issued",5,"duplicate"
"2024-05-01","2024-05-31","SA","17-25","Police issued",26,2024,"Police issued",5,"duplicate"
"2024-05-01","2024-05-31","SA","26-39","Police issued",46,2024,"Police issued",5,"duplicate"
"2024-05-01","2024-05-31","SA","40-64","Police issued",56,2024,"Police issued",5,"duplicate"
"2024-05-01","2024-05-31","SA","65 and over","Police issued",20,2024,"Police issued",5,"duplicate"
"2024-05-01","2024-05-31","SA","17-25","Police issued",26,2024,"Police issued",5,"duplicate"
"2024-05-01","2024-05-31","SA","26-39","Police issued",54,2024,"Police issued",5,"duplicate"
"2024-05-01","2024-05-31","SA","40-64","Police issued",87,2024,"Police issued",5,"duplicate"
"2024-05-01","2024-05-31","SA","65 and over","Police issued",22,2024,"Police issued",5,"duplicate"
"2024-05-01","2024-05-31","TAS","0-16","Fixed or mobile camera",1,2024,"Camera (fixed/mobile)",5,"unique"
"2024-05-01","2024-05-31","TAS","17-25","Fixed or mobile camera",589,2024,"Camera (fixed/mobile)",5,"unique"
"2024-05-01","2024-05-31","TAS","26-39","Fixed or mobile camera",1490,2024,"Camera (fixed/mobile)",5,"unique"
"2024-05-01","2024-05-31","TAS","40-64","Fixed or mobile camera",2114,2024,"Camera (fixed/mobile)",5,"unique"
"2024-05-01","2024-05-31","TAS","65 and over","Fixed or mobile camera",752,2024,"Camera (fixed/mobile)",5,"unique"
"2024-05-01","2024-05-31","TAS","Unknown","Fixed or mobile camera",2,2024,"Camera (fixed/mobile)",5,"unique"
"2024-05-01","2024-05-31","TAS","17-25","Police issued",291,2024,"Police issued",5,"unique"
"2024-05-01","2024-05-31","TAS","26-39","Police issued",409,2024,"Police issued",5,"unique"
"2024-05-01","2024-05-31","TAS","40-64","Police issued",471,2024,"Police issued",5,"unique"
"2024-05-01","2024-05-31","TAS","65 and over","Police issued",142,2024,"Police issued",5,"unique"
"2024-05-01","2024-05-31","VIC","0-16","Fixed camera",0,2024,"Fixed camera",5,"chosen"
"2024-05-01","2024-05-31","VIC","17-25","Fixed camera",82,2024,"Fixed camera",5,"chosen"
"2024-05-01","2024-05-31","VIC","26-39","Fixed camera",299,2024,"Fixed camera",5,"chosen"
"2024-05-01","2024-05-31","VIC","40-64","Fixed camera",572,2024,"Fixed camera",5,"chosen"
"2024-05-01","2024-05-31","VIC","65 and over","Fixed camera",292,2024,"Fixed camera",5,"chosen"
"2024-05-01","2024-05-31","VIC","Unknown","Fixed camera",30,2024,"Fixed camera",5,"chosen"
"2024-05-01","2024-05-31","VIC","0-16","Fixed camera",0,2024,"Fixed camera",5,"duplicate"
"2024-05-01","2024-05-31","VIC","17-25","Fixed camera",2954,2024,"Fixed camera",5,"duplicate"
"2024-05-01","2024-05-31","VIC","26-39","Fixed camera",9893,2024,"Fixed camera",5,"duplicate"
"2024-05-01","2024-05-31","VIC","40-64","Fixed camera",16579,2024,"Fixed camera",5,"duplicate"
"2024-05-01","2024-05-31","VIC","65 and over","Fixed camera",4924,2024,"Fixed camera",5,"duplicate"
"2024-05-01","2024-05-31","VIC","Unknown","Fixed camera",968,2024,"Fixed camera",5,"duplicate"
"2024-05-01","2024-05-31","VIC","0-16","Fixed camera",0,2024,"Fixed camera",5,"duplicate"
"2024-05-01","2024-05-31","VIC","17-25","Fixed camera",0,2024,"Fixed camera",5,"duplicate"
"2024-05-01","2024-05-31","VIC","26-39","Fixed camera",7,2024,"Fixed camera",5,"duplicate"
"2024-05-01","2024-05-31","VIC","40-64","Fixed camera",17,2024,"Fixed camera",5,"duplicate"
"2024-05-01","2024-05-31","VIC","65 and over","Fixed camera",4,2024,"Fixed camera",5,"duplicate"
"2024-05-01","2024-05-31","VIC","Unknown","Fixed camera",0,2024,"Fixed camera",5,"duplicate"
"2024-05-01","2024-05-31","VIC","0-16","Fixed camera",0,2024,"Fixed camera",5,"duplicate"
"2024-05-01","2024-05-31","VIC","17-25","Fixed camera",0,2024,"Fixed camera",5,"duplicate"
"2024-05-01","2024-05-31","VIC","26-39","Fixed camera",0,2024,"Fixed camera",5,"duplicate"
"2024-05-01","2024-05-31","VIC","40-64","Fixed camera",0,2024,"Fixed camera",5,"duplicate"
"2024-05-01","2024-05-31","VIC","65 and over","Fixed camera",0,2024,"Fixed camera",5,"duplicate"
"2024-05-01","2024-05-31","VIC","Unknown","Fixed camera",0,2024,"Fixed camera",5,"duplicate"
"2024-05-01","2024-05-31","VIC","0-16","Fixed camera",0,2024,"Fixed camera",5,"duplicate"
"2024-05-01","2024-05-31","VIC","17-25","Fixed camera",622,2024,"Fixed camera",5,"duplicate"
"2024-05-01","2024-05-31","VIC","26-39","Fixed camera",1429,2024,"Fixed camera",5,"duplicate"
"2024-05-01","2024-05-31","VIC","40-64","Fixed camera",1748,2024,"Fixed camera",5,"duplicate"
"2024-05-01","2024-05-31","VIC","65 and over","Fixed camera",336,2024,"Fixed camera",5,"duplicate"
"2024-05-01","2024-05-31","VIC","Unknown","Fixed camera",111,2024,"Fixed camera",5,"duplicate"
"2024-05-01","2024-05-31","VIC","0-16","Mobile camera",0,2024,"Mobile camera",5,"chosen"
"2024-05-01","2024-05-31","VIC","17-25","Mobile camera",677,2024,"Mobile camera",5,"chosen"
"2024-05-01","2024-05-31","VIC","26-39","Mobile camera",2046,2024,"Mobile camera",5,"chosen"
"2024-05-01","2024-05-31","VIC","40-64","Mobile camera",3331,2024,"Mobile camera",5,"chosen"
"2024-05-01","2024-05-31","VIC","65 and over","Mobile camera",1547,2024,"Mobile camera",5,"chosen"
"2024-05-01","2024-05-31","VIC","Unknown","Mobile camera",140,2024,"Mobile camera",5,"chosen"
"2024-05-01","2024-05-31","VIC","0-16","Mobile camera",0,2024,"Mobile camera",5,"duplicate"
"2024-05-01","2024-05-31","VIC","17-25","Mobile camera",2419,2024,"Mobile camera",5,"duplicate"
"2024-05-01","2024-05-31","VIC","26-39","Mobile camera",8608,2024,"Mobile camera",5,"duplicate"
"2024-05-01","2024-05-31","VIC","40-64","Mobile camera",13997,2024,"Mobile camera",5,"duplicate"
"2024-05-01","2024-05-31","VIC","65 and over","Mobile camera",4027,2024,"Mobile camera",5,"duplicate"
"2024-05-01","2024-05-31","VIC","Unknown","Mobile camera",582,2024,"Mobile camera",5,"duplicate"
"2024-05-01","2024-05-31","VIC","0-16","Mobile camera",0,2024,"Mobile camera",5,"duplicate"
"2024-05-01","2024-05-31","VIC","17-25","Mobile camera",141,2024,"Mobile camera",5,"duplicate"
"2024-05-01","2024-05-31","VIC","26-39","Mobile camera",348,2024,"Mobile camera",5,"duplicate"
"2024-05-01","2024-05-31","VIC","40-64","Mobile camera",519,2024,"Mobile camera",5,"duplicate"
"2024-05-01","2024-05-31","VIC","65 and over","Mobile camera",285,2024,"Mobile camera",5,"duplicate"
"2024-05-01","2024-05-31","VIC","Unknown","Mobile camera",34,2024,"Mobile camera",5,"duplicate"
"2024-05-01","2024-05-31","VIC","0-16","Mobile camera",0,2024,"Mobile camera",5,"duplicate"
"2024-05-01","2024-05-31","VIC","17-25","Mobile camera",0,2024,"Mobile camera",5,"duplicate"
"2024-05-01","2024-05-31","VIC","26-39","Mobile camera",0,2024,"Mobile camera",5,"duplicate"
"2024-05-01","2024-05-31","VIC","40-64","Mobile camera",0,2024,"Mobile camera",5,"duplicate"
"2024-05-01","2024-05-31","VIC","65 and over","Mobile camera",0,2024,"Mobile camera",5,"duplicate"
"2024-05-01","2024-05-31","VIC","Unknown","Mobile camera",0,2024,"Mobile camera",5,"duplicate"
"2024-05-01","2024-05-31","VIC","0-16","Mobile camera",0,2024,"Mobile camera",5,"duplicate"
"2024-05-01","2024-05-31","VIC","17-25","Mobile camera",0,2024,"Mobile camera",5,"duplicate"
"2024-05-01","2024-05-31","VIC","26-39","Mobile camera",0,2024,"Mobile camera",5,"duplicate"
"2024-05-01","2024-05-31","VIC","40-64","Mobile camera",0,2024,"Mobile camera",5,"duplicate"
"2024-05-01","2024-05-31","VIC","65 and over","Mobile camera",0,2024,"Mobile camera",5,"duplicate"
"2024-05-01","2024-05-31","VIC","Unknown","Mobile camera",0,2024,"Mobile camera",5,"duplicate"
"2024-05-01","2024-05-31","VIC","0-16","Police issued",3,2024,"Police issued",5,"unique"
"2024-05-01","2024-05-31","VIC","17-25","Police issued",2004,2024,"Police issued",5,"unique"
"2024-05-01","2024-05-31","VIC","26-39","Police issued",3942,2024,"Police issued",5,"unique"
"2024-05-01","2024-05-31","VIC","40-64","Police issued",4662,2024,"Police issued",5,"unique"
"2024-05-01","2024-05-31","VIC","65 and over","Police issued",1107,2024,"Police issued",5,"unique"
"2024-05-01","2024-05-31","VIC","Unknown","Police issued",5,2024,"Police issued",5,"unique"
"2024-05-01","2024-05-31","WA","0-16","Average speed camera",3,2024,"Average speed camera",5,"unique"
"2024-05-01","2024-05-31","WA","17-25","Average speed camera",215,2024,"Average speed camera",5,"unique"
"2024-05-01","2024-05-31","WA","26-39","Average speed camera",502,2024,"Average speed camera",5,"unique"
"2024-05-01","2024-05-31","WA","40-64","Average speed camera",538,2024,"Average speed camera",5,"unique"
"2024-05-01","2024-05-31","WA","65 and over","Average speed camera",98,2024,"Average speed camera",5,"unique"
"2024-05-01","2024-05-31","WA","0-16","Fixed camera",9,2024,"Fixed camera",5,"unique"
"2024-05-01","2024-05-31","WA","17-25","Fixed camera",839,2024,"Fixed camera",5,"unique"
"2024-05-01","2024-05-31","WA","26-39","Fixed camera",2540,2024,"Fixed camera",5,"unique"
"2024-05-01","2024-05-31","WA","40-64","Fixed camera",3650,2024,"Fixed camera",5,"unique"
"2024-05-01","2024-05-31","WA","65 and over","Fixed camera",982,2024,"Fixed camera",5,"unique"
"2024-05-01","2024-05-31","WA","0-16","Mobile camera",13,2024,"Mobile camera",5,"unique"
"2024-05-01","2024-05-31","WA","17-25","Mobile camera",4293,2024,"Mobile camera",5,"unique"
"2024-05-01","2024-05-31","WA","26-39","Mobile camera",10051,2024,"Mobile camera",5,"unique"
"2024-05-01","2024-05-31","WA","40-64","Mobile camera",14521,2024,"Mobile camera",5,"unique"
"2024-05-01","2024-05-31","WA","65 and over","Mobile camera",3349,2024,"Mobile camera",5,"unique"
"2024-05-01","2024-05-31","WA","17-25","Police issued",1273,2024,"Police issued",5,"unique"
"2024-05-01","2024-05-31","WA","26-39","Police issued",2677,2024,"Police issued",5,"unique"
"2024-05-01","2024-05-31","WA","40-64","Police issued",3188,2024,"Police issued",5,"unique"
"2024-05-01","2024-05-31","WA","65 and over","Police issued",642,2024,"Police issued",5,"unique"
"2024-05-01","2024-05-31","WA","0-16","Red light camera",3,2024,"Red light camera",5,"unique"
"2024-05-01","2024-05-31","WA","17-25","Red light camera",727,2024,"Red light camera",5,"unique"
"2024-05-01","2024-05-31","WA","26-39","Red light camera",2315,2024,"Red light camera",5,"unique"
"2024-05-01","2024-05-31","WA","40-64","Red light camera",4778,2024,"Red light camera",5,"unique"
"2024-05-01","2024-05-31","WA","65 and over","Red light camera",1604,2024,"Red light camera",5,"unique"
"2024-05-01","2024-05-31","WA","0-16","Unknown",0,2024,"Unknown",5,"unique"
"2024-05-01","2024-05-31","WA","17-25","Unknown",0,2024,"Unknown",5,"unique"
"2024-05-01","2024-05-31","WA","26-39","Unknown",0,2024,"Unknown",5,"unique"
"2024-05-01","2024-05-31","WA","40-64","Unknown",0,2024,"Unknown",5,"unique"
"2024-05-01","2024-05-31","WA","65 and over","Unknown",0,2024,"Unknown",5,"unique"
"2024-06-01","2024-06-30","ACT","0-16","Fixed camera",1,2024,"Fixed camera",6,"unique"
"2024-06-01","2024-06-30","ACT","17-25","Fixed camera",326,2024,"Fixed camera",6,"unique"
"2024-06-01","2024-06-30","ACT","26-39","Fixed camera",685,2024,"Fixed camera",6,"unique"
"2024-06-01","2024-06-30","ACT","40-64","Fixed camera",1098,2024,"Fixed camera",6,"unique"
"2024-06-01","2024-06-30","ACT","65 and over","Fixed camera",336,2024,"Fixed camera",6,"unique"
"2024-06-01","2024-06-30","ACT","Unknown","Fixed camera",37,2024,"Fixed camera",6,"unique"
"2024-06-01","2024-06-30","ACT","17-25","Mobile camera",189,2024,"Mobile camera",6,"unique"
"2024-06-01","2024-06-30","ACT","26-39","Mobile camera",492,2024,"Mobile camera",6,"unique"
"2024-06-01","2024-06-30","ACT","40-64","Mobile camera",695,2024,"Mobile camera",6,"unique"
"2024-06-01","2024-06-30","ACT","65 and over","Mobile camera",228,2024,"Mobile camera",6,"unique"
"2024-06-01","2024-06-30","ACT","Unknown","Mobile camera",35,2024,"Mobile camera",6,"unique"
"2024-06-01","2024-06-30","ACT","0-16","Police issued",1,2024,"Police issued",6,"unique"
"2024-06-01","2024-06-30","ACT","17-25","Police issued",41,2024,"Police issued",6,"unique"
"2024-06-01","2024-06-30","ACT","26-39","Police issued",48,2024,"Police issued",6,"unique"
"2024-06-01","2024-06-30","ACT","40-64","Police issued",34,2024,"Police issued",6,"unique"
"2024-06-01","2024-06-30","ACT","65 and over","Police issued",2,2024,"Police issued",6,"unique"
"2024-06-01","2024-06-30","NSW","Unknown","Fixed camera",37747,2024,"Fixed camera",6,"unique"
"2024-06-01","2024-06-30","NSW","Unknown","Mobile camera",3312,2024,"Mobile camera",6,"unique"
"2024-06-01","2024-06-30","NSW","0-16","Police issued",5,2024,"Police issued",6,"chosen"
"2024-06-01","2024-06-30","NSW","17-25","Police issued",1564,2024,"Police issued",6,"chosen"
"2024-06-01","2024-06-30","NSW","26-39","Police issued",2374,2024,"Police issued",6,"chosen"
"2024-06-01","2024-06-30","NSW","40-64","Police issued",2544,2024,"Police issued",6,"chosen"
"2024-06-01","2024-06-30","NSW","65 and over","Police issued",636,2024,"Police issued",6,"chosen"
"2024-06-01","2024-06-30","NSW","0-16","Police issued",5,2024,"Police issued",6,"duplicate"
"2024-06-01","2024-06-30","NSW","17-25","Police issued",2232,2024,"Police issued",6,"duplicate"
"2024-06-01","2024-06-30","NSW","26-39","Police issued",2458,2024,"Police issued",6,"duplicate"
"2024-06-01","2024-06-30","NSW","40-64","Police issued",2288,2024,"Police issued",6,"duplicate"
"2024-06-01","2024-06-30","NSW","65 and over","Police issued",308,2024,"Police issued",6,"duplicate"
"2024-06-01","2024-06-30","NSW","17-25","Police issued",448,2024,"Police issued",6,"duplicate"
"2024-06-01","2024-06-30","NSW","26-39","Police issued",699,2024,"Police issued",6,"duplicate"
"2024-06-01","2024-06-30","NSW","40-64","Police issued",767,2024,"Police issued",6,"duplicate"
"2024-06-01","2024-06-30","NSW","65 and over","Police issued",194,2024,"Police issued",6,"duplicate"
"2024-06-01","2024-06-30","NSW","17-25","Police issued",35,2024,"Police issued",6,"duplicate"
"2024-06-01","2024-06-30","NSW","26-39","Police issued",68,2024,"Police issued",6,"duplicate"
"2024-06-01","2024-06-30","NSW","40-64","Police issued",76,2024,"Police issued",6,"duplicate"
"2024-06-01","2024-06-30","NSW","65 and over","Police issued",37,2024,"Police issued",6,"duplicate"
"2024-06-01","2024-06-30","NSW","17-25","Police issued",33,2024,"Police issued",6,"duplicate"
"2024-06-01","2024-06-30","NSW","26-39","Police issued",50,2024,"Police issued",6,"duplicate"
"2024-06-01","2024-06-30","NSW","40-64","Police issued",49,2024,"Police issued",6,"duplicate"
"2024-06-01","2024-06-30","NSW","65 and over","Police issued",10,2024,"Police issued",6,"duplicate"
"2024-06-01","2024-06-30","NSW","26-39","Police issued",3,2024,"Police issued",6,"duplicate"
"2024-06-01","2024-06-30","NSW","40-64","Police issued",10,2024,"Police issued",6,"duplicate"
"2024-06-01","2024-06-30","NSW","65 and over","Police issued",3,2024,"Police issued",6,"duplicate"
"2024-06-01","2024-06-30","NSW","Unknown","Red light camera",17350,2024,"Red light camera",6,"unique"
"2024-06-01","2024-06-30","NT","0-16","Fixed camera",1,2024,"Fixed camera",6,"unique"
"2024-06-01","2024-06-30","NT","17-25","Fixed camera",119,2024,"Fixed camera",6,"unique"
"2024-06-01","2024-06-30","NT","26-39","Fixed camera",383,2024,"Fixed camera",6,"unique"
"2024-06-01","2024-06-30","NT","40-64","Fixed camera",610,2024,"Fixed camera",6,"unique"
"2024-06-01","2024-06-30","NT","65 and over","Fixed camera",98,2024,"Fixed camera",6,"unique"
"2024-06-01","2024-06-30","NT","Unknown","Fixed camera",42,2024,"Fixed camera",6,"unique"
"2024-06-01","2024-06-30","NT","0-16","Mobile camera",2,2024,"Mobile camera",6,"unique"
"2024-06-01","2024-06-30","NT","17-25","Mobile camera",184,2024,"Mobile camera",6,"unique"
"2024-06-01","2024-06-30","NT","26-39","Mobile camera",508,2024,"Mobile camera",6,"unique"
"2024-06-01","2024-06-30","NT","40-64","Mobile camera",537,2024,"Mobile camera",6,"unique"
"2024-06-01","2024-06-30","NT","65 and over","Mobile camera",169,2024,"Mobile camera",6,"unique"
"2024-06-01","2024-06-30","NT","Unknown","Mobile camera",47,2024,"Mobile camera",6,"unique"
"2024-06-01","2024-06-30","NT","17-25","Other",0,2024,"Other",6,"unique"
"2024-06-01","2024-06-30","NT","26-39","Other",0,2024,"Other",6,"unique"
"2024-06-01","2024-06-30","NT","40-64","Other",0,2024,"Other",6,"unique"
"2024-06-01","2024-06-30","NT","65 and over","Other",0,2024,"Other",6,"unique"
"2024-06-01","2024-06-30","NT","0-16","Police issued",1,2024,"Police issued",6,"unique"
"2024-06-01","2024-06-30","NT","17-25","Police issued",52,2024,"Police issued",6,"unique"
"2024-06-01","2024-06-30","NT","26-39","Police issued",83,2024,"Police issued",6,"unique"
"2024-06-01","2024-06-30","NT","40-64","Police issued",98,2024,"Police issued",6,"unique"
"2024-06-01","2024-06-30","NT","65 and over","Police issued",23,2024,"Police issued",6,"unique"
"2024-06-01","2024-06-30","QLD","0-16","Fixed camera",626,2024,"Fixed camera",6,"unique"
"2024-06-01","2024-06-30","QLD","17-25","Fixed camera",2949,2024,"Fixed camera",6,"unique"
"2024-06-01","2024-06-30","QLD","26-39","Fixed camera",6273,2024,"Fixed camera",6,"unique"
"2024-06-01","2024-06-30","QLD","40-64","Fixed camera",9509,2024,"Fixed camera",6,"unique"
"2024-06-01","2024-06-30","QLD","65 and over","Fixed camera",2592,2024,"Fixed camera",6,"unique"
"2024-06-01","2024-06-30","QLD","Unknown","Fixed camera",79,2024,"Fixed camera",6,"unique"
"2024-06-01","2024-06-30","QLD","0-16","Mobile camera",886,2024,"Mobile camera",6,"unique"
"2024-06-01","2024-06-30","QLD","17-25","Mobile camera",5614,2024,"Mobile camera",6,"unique"
"2024-06-01","2024-06-30","QLD","26-39","Mobile camera",11578,2024,"Mobile camera",6,"unique"
"2024-06-01","2024-06-30","QLD","40-64","Mobile camera",16502,2024,"Mobile camera",6,"unique"
"2024-06-01","2024-06-30","QLD","65 and over","Mobile camera",4354,2024,"Mobile camera",6,"unique"
"2024-06-01","2024-06-30","QLD","Unknown","Mobile camera",114,2024,"Mobile camera",6,"unique"
"2024-06-01","2024-06-30","QLD","0-16","Police issued",2,2024,"Police issued",6,"unique"
"2024-06-01","2024-06-30","QLD","17-25","Police issued",1988,2024,"Police issued",6,"unique"
"2024-06-01","2024-06-30","QLD","26-39","Police issued",2760,2024,"Police issued",6,"unique"
"2024-06-01","2024-06-30","QLD","40-64","Police issued",3150,2024,"Police issued",6,"unique"
"2024-06-01","2024-06-30","QLD","65 and over","Police issued",591,2024,"Police issued",6,"unique"
"2024-06-01","2024-06-30","SA","17-25","Fixed camera",41,2024,"Fixed camera",6,"chosen"
"2024-06-01","2024-06-30","SA","26-39","Fixed camera",108,2024,"Fixed camera",6,"chosen"
"2024-06-01","2024-06-30","SA","40-64","Fixed camera",122,2024,"Fixed camera",6,"chosen"
"2024-06-01","2024-06-30","SA","65 and over","Fixed camera",52,2024,"Fixed camera",6,"chosen"
"2024-06-01","2024-06-30","SA","Unknown","Fixed camera",21,2024,"Fixed camera",6,"chosen"
"2024-06-01","2024-06-30","SA","17-25","Fixed camera",356,2024,"Fixed camera",6,"duplicate"
"2024-06-01","2024-06-30","SA","26-39","Fixed camera",818,2024,"Fixed camera",6,"duplicate"
"2024-06-01","2024-06-30","SA","40-64","Fixed camera",1697,2024,"Fixed camera",6,"duplicate"
"2024-06-01","2024-06-30","SA","65 and over","Fixed camera",679,2024,"Fixed camera",6,"duplicate"
"2024-06-01","2024-06-30","SA","Unknown","Fixed camera",128,2024,"Fixed camera",6,"duplicate"
"2024-06-01","2024-06-30","SA","17-25","Fixed camera",17,2024,"Fixed camera",6,"duplicate"
"2024-06-01","2024-06-30","SA","26-39","Fixed camera",36,2024,"Fixed camera",6,"duplicate"
"2024-06-01","2024-06-30","SA","40-64","Fixed camera",55,2024,"Fixed camera",6,"duplicate"
"2024-06-01","2024-06-30","SA","65 and over","Fixed camera",16,2024,"Fixed camera",6,"duplicate"
"2024-06-01","2024-06-30","SA","Unknown","Fixed camera",3,2024,"Fixed camera",6,"duplicate"
"2024-06-01","2024-06-30","SA","17-25","Mobile camera",68,2024,"Mobile camera",6,"chosen"
"2024-06-01","2024-06-30","SA","26-39","Mobile camera",193,2024,"Mobile camera",6,"chosen"
"2024-06-01","2024-06-30","SA","40-64","Mobile camera",354,2024,"Mobile camera",6,"chosen"
"2024-06-01","2024-06-30","SA","65 and over","Mobile camera",142,2024,"Mobile camera",6,"chosen"
"2024-06-01","2024-06-30","SA","Unknown","Mobile camera",28,2024,"Mobile camera",6,"chosen"
"2024-06-01","2024-06-30","SA","17-25","Mobile camera",462,2024,"Mobile camera",6,"duplicate"
"2024-06-01","2024-06-30","SA","26-39","Mobile camera",1222,2024,"Mobile camera",6,"duplicate"
"2024-06-01","2024-06-30","SA","40-64","Mobile camera",1903,2024,"Mobile camera",6,"duplicate"
"2024-06-01","2024-06-30","SA","65 and over","Mobile camera",533,2024,"Mobile camera",6,"duplicate"
"2024-06-01","2024-06-30","SA","Unknown","Mobile camera",114,2024,"Mobile camera",6,"duplicate"
"2024-06-01","2024-06-30","SA","17-25","Mobile camera",20,2024,"Mobile camera",6,"duplicate"
"2024-06-01","2024-06-30","SA","26-39","Mobile camera",57,2024,"Mobile camera",6,"duplicate"
"2024-06-01","2024-06-30","SA","40-64","Mobile camera",100,2024,"Mobile camera",6,"duplicate"
"2024-06-01","2024-06-30","SA","65 and over","Mobile camera",42,2024,"Mobile camera",6,"duplicate"
"2024-06-01","2024-06-30","SA","Unknown","Mobile camera",4,2024,"Mobile camera",6,"duplicate"
"2024-06-01","2024-06-30","SA","17-25","Mobile camera",3,2024,"Mobile camera",6,"duplicate"
"2024-06-01","2024-06-30","SA","26-39","Mobile camera",20,2024,"Mobile camera",6,"duplicate"
"2024-06-01","2024-06-30","SA","40-64","Mobile camera",49,2024,"Mobile camera",6,"duplicate"
"2024-06-01","2024-06-30","SA","65 and over","Mobile camera",28,2024,"Mobile camera",6,"duplicate"
"2024-06-01","2024-06-30","SA","40-64","Mobile camera",1,2024,"Mobile camera",6,"duplicate"
"2024-06-01","2024-06-30","SA","65 and over","Mobile camera",1,2024,"Mobile camera",6,"duplicate"
"2024-06-01","2024-06-30","SA","17-25","Police issued",183,2024,"Police issued",6,"chosen"
"2024-06-01","2024-06-30","SA","26-39","Police issued",312,2024,"Police issued",6,"chosen"
"2024-06-01","2024-06-30","SA","40-64","Police issued",399,2024,"Police issued",6,"chosen"
"2024-06-01","2024-06-30","SA","65 and over","Police issued",144,2024,"Police issued",6,"chosen"
"2024-06-01","2024-06-30","SA","Unknown","Police issued",2,2024,"Police issued",6,"chosen"
"2024-06-01","2024-06-30","SA","17-25","Police issued",279,2024,"Police issued",6,"duplicate"
"2024-06-01","2024-06-30","SA","26-39","Police issued",471,2024,"Police issued",6,"duplicate"
"2024-06-01","2024-06-30","SA","40-64","Police issued",502,2024,"Police issued",6,"duplicate"
"2024-06-01","2024-06-30","SA","65 and over","Police issued",129,2024,"Police issued",6,"duplicate"
"2024-06-01","2024-06-30","SA","Unknown","Police issued",2,2024,"Police issued",6,"duplicate"
"2024-06-01","2024-06-30","SA","0-16","Police issued",1,2024,"Police issued",6,"unique"
"2024-06-01","2024-06-30","SA","17-25","Police issued",171,2024,"Police issued",6,"duplicate"
"2024-06-01","2024-06-30","SA","26-39","Police issued",342,2024,"Police issued",6,"duplicate"
"2024-06-01","2024-06-30","SA","40-64","Police issued",479,2024,"Police issued",6,"duplicate"
"2024-06-01","2024-06-30","SA","65 and over","Police issued",146,2024,"Police issued",6,"duplicate"
"2024-06-01","2024-06-30","SA","Unknown","Police issued",1,2024,"Police issued",6,"duplicate"
"2024-06-01","2024-06-30","SA","17-25","Police issued",33,2024,"Police issued",6,"duplicate"
"2024-06-01","2024-06-30","SA","26-39","Police issued",91,2024,"Police issued",6,"duplicate"
"2024-06-01","2024-06-30","SA","40-64","Police issued",102,2024,"Police issued",6,"duplicate"
"2024-06-01","2024-06-30","SA","65 and over","Police issued",28,2024,"Police issued",6,"duplicate"
"2024-06-01","2024-06-30","SA","17-25","Police issued",22,2024,"Police issued",6,"duplicate"
"2024-06-01","2024-06-30","SA","26-39","Police issued",29,2024,"Police issued",6,"duplicate"
"2024-06-01","2024-06-30","SA","40-64","Police issued",44,2024,"Police issued",6,"duplicate"
"2024-06-01","2024-06-30","SA","65 and over","Police issued",8,2024,"Police issued",6,"duplicate"
"2024-06-01","2024-06-30","SA","17-25","Police issued",19,2024,"Police issued",6,"duplicate"
"2024-06-01","2024-06-30","SA","26-39","Police issued",48,2024,"Police issued",6,"duplicate"
"2024-06-01","2024-06-30","SA","40-64","Police issued",65,2024,"Police issued",6,"duplicate"
"2024-06-01","2024-06-30","SA","65 and over","Police issued",21,2024,"Police issued",6,"duplicate"
"2024-06-01","2024-06-30","TAS","17-25","Fixed or mobile camera",395,2024,"Camera (fixed/mobile)",6,"unique"
"2024-06-01","2024-06-30","TAS","26-39","Fixed or mobile camera",1158,2024,"Camera (fixed/mobile)",6,"unique"
"2024-06-01","2024-06-30","TAS","40-64","Fixed or mobile camera",1553,2024,"Camera (fixed/mobile)",6,"unique"
"2024-06-01","2024-06-30","TAS","65 and over","Fixed or mobile camera",599,2024,"Camera (fixed/mobile)",6,"unique"
"2024-06-01","2024-06-30","TAS","Unknown","Fixed or mobile camera",3,2024,"Camera (fixed/mobile)",6,"unique"
"2024-06-01","2024-06-30","TAS","0-16","Police issued",0,2024,"Police issued",6,"unique"
"2024-06-01","2024-06-30","TAS","17-25","Police issued",285,2024,"Police issued",6,"unique"
"2024-06-01","2024-06-30","TAS","26-39","Police issued",382,2024,"Police issued",6,"unique"
"2024-06-01","2024-06-30","TAS","40-64","Police issued",487,2024,"Police issued",6,"unique"
"2024-06-01","2024-06-30","TAS","65 and over","Police issued",120,2024,"Police issued",6,"unique"
"2024-06-01","2024-06-30","VIC","0-16","Fixed camera",0,2024,"Fixed camera",6,"chosen"
"2024-06-01","2024-06-30","VIC","17-25","Fixed camera",62,2024,"Fixed camera",6,"chosen"
"2024-06-01","2024-06-30","VIC","26-39","Fixed camera",250,2024,"Fixed camera",6,"chosen"
"2024-06-01","2024-06-30","VIC","40-64","Fixed camera",513,2024,"Fixed camera",6,"chosen"
"2024-06-01","2024-06-30","VIC","65 and over","Fixed camera",211,2024,"Fixed camera",6,"chosen"
"2024-06-01","2024-06-30","VIC","Unknown","Fixed camera",21,2024,"Fixed camera",6,"chosen"
"2024-06-01","2024-06-30","VIC","0-16","Fixed camera",0,2024,"Fixed camera",6,"duplicate"
"2024-06-01","2024-06-30","VIC","17-25","Fixed camera",2564,2024,"Fixed camera",6,"duplicate"
"2024-06-01","2024-06-30","VIC","26-39","Fixed camera",8887,2024,"Fixed camera",6,"duplicate"
"2024-06-01","2024-06-30","VIC","40-64","Fixed camera",14691,2024,"Fixed camera",6,"duplicate"
"2024-06-01","2024-06-30","VIC","65 and over","Fixed camera",4254,2024,"Fixed camera",6,"duplicate"
"2024-06-01","2024-06-30","VIC","Unknown","Fixed camera",807,2024,"Fixed camera",6,"duplicate"
"2024-06-01","2024-06-30","VIC","0-16","Fixed camera",0,2024,"Fixed camera",6,"duplicate"
"2024-06-01","2024-06-30","VIC","17-25","Fixed camera",4,2024,"Fixed camera",6,"duplicate"
"2024-06-01","2024-06-30","VIC","26-39","Fixed camera",6,2024,"Fixed camera",6,"duplicate"
"2024-06-01","2024-06-30","VIC","40-64","Fixed camera",19,2024,"Fixed camera",6,"duplicate"
"2024-06-01","2024-06-30","VIC","65 and over","Fixed camera",6,2024,"Fixed camera",6,"duplicate"
"2024-06-01","2024-06-30","VIC","Unknown","Fixed camera",0,2024,"Fixed camera",6,"duplicate"
"2024-06-01","2024-06-30","VIC","0-16","Fixed camera",0,2024,"Fixed camera",6,"duplicate"
"2024-06-01","2024-06-30","VIC","17-25","Fixed camera",0,2024,"Fixed camera",6,"duplicate"
"2024-06-01","2024-06-30","VIC","26-39","Fixed camera",0,2024,"Fixed camera",6,"duplicate"
"2024-06-01","2024-06-30","VIC","40-64","Fixed camera",0,2024,"Fixed camera",6,"duplicate"
"2024-06-01","2024-06-30","VIC","65 and over","Fixed camera",0,2024,"Fixed camera",6,"duplicate"
"2024-06-01","2024-06-30","VIC","Unknown","Fixed camera",0,2024,"Fixed camera",6,"duplicate"
"2024-06-01","2024-06-30","VIC","0-16","Fixed camera",0,2024,"Fixed camera",6,"duplicate"
"2024-06-01","2024-06-30","VIC","17-25","Fixed camera",404,2024,"Fixed camera",6,"duplicate"
"2024-06-01","2024-06-30","VIC","26-39","Fixed camera",977,2024,"Fixed camera",6,"duplicate"
"2024-06-01","2024-06-30","VIC","40-64","Fixed camera",1297,2024,"Fixed camera",6,"duplicate"
"2024-06-01","2024-06-30","VIC","65 and over","Fixed camera",293,2024,"Fixed camera",6,"duplicate"
"2024-06-01","2024-06-30","VIC","Unknown","Fixed camera",101,2024,"Fixed camera",6,"duplicate"
"2024-06-01","2024-06-30","VIC","0-16","Mobile camera",0,2024,"Mobile camera",6,"chosen"
"2024-06-01","2024-06-30","VIC","17-25","Mobile camera",495,2024,"Mobile camera",6,"chosen"
"2024-06-01","2024-06-30","VIC","26-39","Mobile camera",1544,2024,"Mobile camera",6,"chosen"
"2024-06-01","2024-06-30","VIC","40-64","Mobile camera",2519,2024,"Mobile camera",6,"chosen"
"2024-06-01","2024-06-30","VIC","65 and over","Mobile camera",1154,2024,"Mobile camera",6,"chosen"
"2024-06-01","2024-06-30","VIC","Unknown","Mobile camera",96,2024,"Mobile camera",6,"chosen"
"2024-06-01","2024-06-30","VIC","0-16","Mobile camera",0,2024,"Mobile camera",6,"duplicate"
"2024-06-01","2024-06-30","VIC","17-25","Mobile camera",1918,2024,"Mobile camera",6,"duplicate"
"2024-06-01","2024-06-30","VIC","26-39","Mobile camera",6173,2024,"Mobile camera",6,"duplicate"
"2024-06-01","2024-06-30","VIC","40-64","Mobile camera",10211,2024,"Mobile camera",6,"duplicate"
"2024-06-01","2024-06-30","VIC","65 and over","Mobile camera",2944,2024,"Mobile camera",6,"duplicate"
"2024-06-01","2024-06-30","VIC","Unknown","Mobile camera",463,2024,"Mobile camera",6,"duplicate"
"2024-06-01","2024-06-30","VIC","0-16","Mobile camera",0,2024,"Mobile camera",6,"duplicate"
"2024-06-01","2024-06-30","VIC","17-25","Mobile camera",101,2024,"Mobile camera",6,"duplicate"
"2024-06-01","2024-06-30","VIC","26-39","Mobile camera",259,2024,"Mobile camera",6,"duplicate"
"2024-06-01","2024-06-30","VIC","40-64","Mobile camera",417,2024,"Mobile camera",6,"duplicate"
"2024-06-01","2024-06-30","VIC","65 and over","Mobile camera",224,2024,"Mobile camera",6,"duplicate"
"2024-06-01","2024-06-30","VIC","Unknown","Mobile camera",38,2024,"Mobile camera",6,"duplicate"
"2024-06-01","2024-06-30","VIC","0-16","Mobile camera",0,2024,"Mobile camera",6,"duplicate"
"2024-06-01","2024-06-30","VIC","17-25","Mobile camera",0,2024,"Mobile camera",6,"duplicate"
"2024-06-01","2024-06-30","VIC","26-39","Mobile camera",0,2024,"Mobile camera",6,"duplicate"
"2024-06-01","2024-06-30","VIC","40-64","Mobile camera",1,2024,"Mobile camera",6,"duplicate"
"2024-06-01","2024-06-30","VIC","65 and over","Mobile camera",0,2024,"Mobile camera",6,"duplicate"
"2024-06-01","2024-06-30","VIC","Unknown","Mobile camera",0,2024,"Mobile camera",6,"duplicate"
"2024-06-01","2024-06-30","VIC","0-16","Mobile camera",0,2024,"Mobile camera",6,"duplicate"
"2024-06-01","2024-06-30","VIC","17-25","Mobile camera",0,2024,"Mobile camera",6,"duplicate"
"2024-06-01","2024-06-30","VIC","26-39","Mobile camera",0,2024,"Mobile camera",6,"duplicate"
"2024-06-01","2024-06-30","VIC","40-64","Mobile camera",0,2024,"Mobile camera",6,"duplicate"
"2024-06-01","2024-06-30","VIC","65 and over","Mobile camera",0,2024,"Mobile camera",6,"duplicate"
"2024-06-01","2024-06-30","VIC","Unknown","Mobile camera",0,2024,"Mobile camera",6,"duplicate"
"2024-06-01","2024-06-30","VIC","17-25","Police issued",2115,2024,"Police issued",6,"unique"
"2024-06-01","2024-06-30","VIC","26-39","Police issued",4072,2024,"Police issued",6,"unique"
"2024-06-01","2024-06-30","VIC","40-64","Police issued",5043,2024,"Police issued",6,"unique"
"2024-06-01","2024-06-30","VIC","65 and over","Police issued",1197,2024,"Police issued",6,"unique"
"2024-06-01","2024-06-30","VIC","Unknown","Police issued",6,2024,"Police issued",6,"unique"
"2024-06-01","2024-06-30","WA","0-16","Average speed camera",9,2024,"Average speed camera",6,"unique"
"2024-06-01","2024-06-30","WA","17-25","Average speed camera",155,2024,"Average speed camera",6,"unique"
"2024-06-01","2024-06-30","WA","26-39","Average speed camera",358,2024,"Average speed camera",6,"unique"
"2024-06-01","2024-06-30","WA","40-64","Average speed camera",485,2024,"Average speed camera",6,"unique"
"2024-06-01","2024-06-30","WA","65 and over","Average speed camera",66,2024,"Average speed camera",6,"unique"
"2024-06-01","2024-06-30","WA","0-16","Fixed camera",18,2024,"Fixed camera",6,"unique"
"2024-06-01","2024-06-30","WA","17-25","Fixed camera",596,2024,"Fixed camera",6,"unique"
"2024-06-01","2024-06-30","WA","26-39","Fixed camera",1754,2024,"Fixed camera",6,"unique"
"2024-06-01","2024-06-30","WA","40-64","Fixed camera",2622,2024,"Fixed camera",6,"unique"
"2024-06-01","2024-06-30","WA","65 and over","Fixed camera",676,2024,"Fixed camera",6,"unique"
"2024-06-01","2024-06-30","WA","0-16","Mobile camera",138,2024,"Mobile camera",6,"unique"
"2024-06-01","2024-06-30","WA","17-25","Mobile camera",4251,2024,"Mobile camera",6,"unique"
"2024-06-01","2024-06-30","WA","26-39","Mobile camera",10044,2024,"Mobile camera",6,"unique"
"2024-06-01","2024-06-30","WA","40-64","Mobile camera",14494,2024,"Mobile camera",6,"unique"
"2024-06-01","2024-06-30","WA","65 and over","Mobile camera",3310,2024,"Mobile camera",6,"unique"
"2024-06-01","2024-06-30","WA","0-16","Police issued",1,2024,"Police issued",6,"unique"
"2024-06-01","2024-06-30","WA","17-25","Police issued",998,2024,"Police issued",6,"unique"
"2024-06-01","2024-06-30","WA","26-39","Police issued",1764,2024,"Police issued",6,"unique"
"2024-06-01","2024-06-30","WA","40-64","Police issued",2204,2024,"Police issued",6,"unique"
"2024-06-01","2024-06-30","WA","65 and over","Police issued",460,2024,"Police issued",6,"unique"
"2024-06-01","2024-06-30","WA","0-16","Red light camera",38,2024,"Red light camera",6,"unique"
"2024-06-01","2024-06-30","WA","17-25","Red light camera",683,2024,"Red light camera",6,"unique"
"2024-06-01","2024-06-30","WA","26-39","Red light camera",2104,2024,"Red light camera",6,"unique"
"2024-06-01","2024-06-30","WA","40-64","Red light camera",4622,2024,"Red light camera",6,"unique"
"2024-06-01","2024-06-30","WA","65 and over","Red light camera",1408,2024,"Red light camera",6,"unique"
"2024-06-01","2024-06-30","WA","0-16","Unknown",0,2024,"Unknown",6,"unique"
"2024-06-01","2024-06-30","WA","17-25","Unknown",0,2024,"Unknown",6,"unique"
"2024-06-01","2024-06-30","WA","26-39","Unknown",0,2024,"Unknown",6,"unique"
"2024-06-01","2024-06-30","WA","40-64","Unknown",0,2024,"Unknown",6,"unique"
"2024-06-01","2024-06-30","WA","65 and over","Unknown",0,2024,"Unknown",6,"unique"
"2024-07-01","2024-07-31","ACT","0-16","Fixed camera",2,2024,"Fixed camera",7,"unique"
"2024-07-01","2024-07-31","ACT","17-25","Fixed camera",426,2024,"Fixed camera",7,"unique"
"2024-07-01","2024-07-31","ACT","26-39","Fixed camera",918,2024,"Fixed camera",7,"unique"
"2024-07-01","2024-07-31","ACT","40-64","Fixed camera",1340,2024,"Fixed camera",7,"unique"
"2024-07-01","2024-07-31","ACT","65 and over","Fixed camera",327,2024,"Fixed camera",7,"unique"
"2024-07-01","2024-07-31","ACT","Unknown","Fixed camera",58,2024,"Fixed camera",7,"unique"
"2024-07-01","2024-07-31","ACT","17-25","Mobile camera",188,2024,"Mobile camera",7,"unique"
"2024-07-01","2024-07-31","ACT","26-39","Mobile camera",410,2024,"Mobile camera",7,"unique"
"2024-07-01","2024-07-31","ACT","40-64","Mobile camera",573,2024,"Mobile camera",7,"unique"
"2024-07-01","2024-07-31","ACT","65 and over","Mobile camera",206,2024,"Mobile camera",7,"unique"
"2024-07-01","2024-07-31","ACT","Unknown","Mobile camera",39,2024,"Mobile camera",7,"unique"
"2024-07-01","2024-07-31","ACT","0-16","Police issued",3,2024,"Police issued",7,"unique"
"2024-07-01","2024-07-31","ACT","17-25","Police issued",52,2024,"Police issued",7,"unique"
"2024-07-01","2024-07-31","ACT","26-39","Police issued",60,2024,"Police issued",7,"unique"
"2024-07-01","2024-07-31","ACT","40-64","Police issued",54,2024,"Police issued",7,"unique"
"2024-07-01","2024-07-31","ACT","65 and over","Police issued",3,2024,"Police issued",7,"unique"
"2024-07-01","2024-07-31","NSW","Unknown","Fixed camera",40419,2024,"Fixed camera",7,"unique"
"2024-07-01","2024-07-31","NSW","Unknown","Mobile camera",4055,2024,"Mobile camera",7,"unique"
"2024-07-01","2024-07-31","NSW","0-16","Police issued",8,2024,"Police issued",7,"chosen"
"2024-07-01","2024-07-31","NSW","17-25","Police issued",1266,2024,"Police issued",7,"chosen"
"2024-07-01","2024-07-31","NSW","26-39","Police issued",1895,2024,"Police issued",7,"chosen"
"2024-07-01","2024-07-31","NSW","40-64","Police issued",2225,2024,"Police issued",7,"chosen"
"2024-07-01","2024-07-31","NSW","65 and over","Police issued",440,2024,"Police issued",7,"chosen"
"2024-07-01","2024-07-31","NSW","0-16","Police issued",8,2024,"Police issued",7,"duplicate"
"2024-07-01","2024-07-31","NSW","17-25","Police issued",1695,2024,"Police issued",7,"duplicate"
"2024-07-01","2024-07-31","NSW","26-39","Police issued",1957,2024,"Police issued",7,"duplicate"
"2024-07-01","2024-07-31","NSW","40-64","Police issued",1731,2024,"Police issued",7,"duplicate"
"2024-07-01","2024-07-31","NSW","65 and over","Police issued",243,2024,"Police issued",7,"duplicate"
"2024-07-01","2024-07-31","NSW","0-16","Police issued",1,2024,"Police issued",7,"duplicate"
"2024-07-01","2024-07-31","NSW","17-25","Police issued",317,2024,"Police issued",7,"duplicate"
"2024-07-01","2024-07-31","NSW","26-39","Police issued",516,2024,"Police issued",7,"duplicate"
"2024-07-01","2024-07-31","NSW","40-64","Police issued",603,2024,"Police issued",7,"duplicate"
"2024-07-01","2024-07-31","NSW","65 and over","Police issued",184,2024,"Police issued",7,"duplicate"
"2024-07-01","2024-07-31","NSW","17-25","Police issued",34,2024,"Police issued",7,"duplicate"
"2024-07-01","2024-07-31","NSW","26-39","Police issued",34,2024,"Police issued",7,"duplicate"
"2024-07-01","2024-07-31","NSW","40-64","Police issued",52,2024,"Police issued",7,"duplicate"
"2024-07-01","2024-07-31","NSW","65 and over","Police issued",18,2024,"Police issued",7,"duplicate"
"2024-07-01","2024-07-31","NSW","17-25","Police issued",70,2024,"Police issued",7,"duplicate"
"2024-07-01","2024-07-31","NSW","26-39","Police issued",105,2024,"Police issued",7,"duplicate"
"2024-07-01","2024-07-31","NSW","40-64","Police issued",79,2024,"Police issued",7,"duplicate"
"2024-07-01","2024-07-31","NSW","65 and over","Police issued",18,2024,"Police issued",7,"duplicate"
"2024-07-01","2024-07-31","NSW","17-25","Police issued",1,2024,"Police issued",7,"duplicate"
"2024-07-01","2024-07-31","NSW","26-39","Police issued",2,2024,"Police issued",7,"duplicate"
"2024-07-01","2024-07-31","NSW","40-64","Police issued",3,2024,"Police issued",7,"duplicate"
"2024-07-01","2024-07-31","NSW","Unknown","Red light camera",18934,2024,"Red light camera",7,"unique"
"2024-07-01","2024-07-31","NT","17-25","Fixed camera",137,2024,"Fixed camera",7,"unique"
"2024-07-01","2024-07-31","NT","26-39","Fixed camera",395,2024,"Fixed camera",7,"unique"
"2024-07-01","2024-07-31","NT","40-64","Fixed camera",635,2024,"Fixed camera",7,"unique"
"2024-07-01","2024-07-31","NT","65 and over","Fixed camera",131,2024,"Fixed camera",7,"unique"
"2024-07-01","2024-07-31","NT","Unknown","Fixed camera",60,2024,"Fixed camera",7,"unique"
"2024-07-01","2024-07-31","NT","17-25","Mobile camera",280,2024,"Mobile camera",7,"unique"
"2024-07-01","2024-07-31","NT","26-39","Mobile camera",579,2024,"Mobile camera",7,"unique"
"2024-07-01","2024-07-31","NT","40-64","Mobile camera",795,2024,"Mobile camera",7,"unique"
"2024-07-01","2024-07-31","NT","65 and over","Mobile camera",191,2024,"Mobile camera",7,"unique"
"2024-07-01","2024-07-31","NT","Unknown","Mobile camera",74,2024,"Mobile camera",7,"unique"
"2024-07-01","2024-07-31","NT","17-25","Other",0,2024,"Other",7,"unique"
"2024-07-01","2024-07-31","NT","26-39","Other",0,2024,"Other",7,"unique"
"2024-07-01","2024-07-31","NT","40-64","Other",0,2024,"Other",7,"unique"
"2024-07-01","2024-07-31","NT","0-16","Police issued",3,2024,"Police issued",7,"unique"
"2024-07-01","2024-07-31","NT","17-25","Police issued",73,2024,"Police issued",7,"unique"
"2024-07-01","2024-07-31","NT","26-39","Police issued",134,2024,"Police issued",7,"unique"
"2024-07-01","2024-07-31","NT","40-64","Police issued",135,2024,"Police issued",7,"unique"
"2024-07-01","2024-07-31","NT","65 and over","Police issued",29,2024,"Police issued",7,"unique"
"2024-07-01","2024-07-31","QLD","0-16","Fixed camera",552,2024,"Fixed camera",7,"unique"
"2024-07-01","2024-07-31","QLD","17-25","Fixed camera",2476,2024,"Fixed camera",7,"unique"
"2024-07-01","2024-07-31","QLD","26-39","Fixed camera",5691,2024,"Fixed camera",7,"unique"
"2024-07-01","2024-07-31","QLD","40-64","Fixed camera",8580,2024,"Fixed camera",7,"unique"
"2024-07-01","2024-07-31","QLD","65 and over","Fixed camera",2471,2024,"Fixed camera",7,"unique"
"2024-07-01","2024-07-31","QLD","Unknown","Fixed camera",80,2024,"Fixed camera",7,"unique"
"2024-07-01","2024-07-31","QLD","0-16","Mobile camera",883,2024,"Mobile camera",7,"unique"
"2024-07-01","2024-07-31","QLD","17-25","Mobile camera",5324,2024,"Mobile camera",7,"unique"
"2024-07-01","2024-07-31","QLD","26-39","Mobile camera",10984,2024,"Mobile camera",7,"unique"
"2024-07-01","2024-07-31","QLD","40-64","Mobile camera",16277,2024,"Mobile camera",7,"unique"
"2024-07-01","2024-07-31","QLD","65 and over","Mobile camera",4468,2024,"Mobile camera",7,"unique"
"2024-07-01","2024-07-31","QLD","Unknown","Mobile camera",115,2024,"Mobile camera",7,"unique"
"2024-07-01","2024-07-31","QLD","0-16","Police issued",2,2024,"Police issued",7,"unique"
"2024-07-01","2024-07-31","QLD","17-25","Police issued",1951,2024,"Police issued",7,"unique"
"2024-07-01","2024-07-31","QLD","26-39","Police issued",2825,2024,"Police issued",7,"unique"
"2024-07-01","2024-07-31","QLD","40-64","Police issued",3145,2024,"Police issued",7,"unique"
"2024-07-01","2024-07-31","QLD","65 and over","Police issued",637,2024,"Police issued",7,"unique"
"2024-07-01","2024-07-31","SA","17-25","Fixed camera",47,2024,"Fixed camera",7,"chosen"
"2024-07-01","2024-07-31","SA","26-39","Fixed camera",86,2024,"Fixed camera",7,"chosen"
"2024-07-01","2024-07-31","SA","40-64","Fixed camera",106,2024,"Fixed camera",7,"chosen"
"2024-07-01","2024-07-31","SA","65 and over","Fixed camera",28,2024,"Fixed camera",7,"chosen"
"2024-07-01","2024-07-31","SA","Unknown","Fixed camera",7,2024,"Fixed camera",7,"chosen"
"2024-07-01","2024-07-31","SA","0-16","Fixed camera",1,2024,"Fixed camera",7,"unique"
"2024-07-01","2024-07-31","SA","17-25","Fixed camera",406,2024,"Fixed camera",7,"duplicate"
"2024-07-01","2024-07-31","SA","26-39","Fixed camera",897,2024,"Fixed camera",7,"duplicate"
"2024-07-01","2024-07-31","SA","40-64","Fixed camera",1921,2024,"Fixed camera",7,"duplicate"
"2024-07-01","2024-07-31","SA","65 and over","Fixed camera",771,2024,"Fixed camera",7,"duplicate"
"2024-07-01","2024-07-31","SA","Unknown","Fixed camera",137,2024,"Fixed camera",7,"duplicate"
"2024-07-01","2024-07-31","SA","17-25","Fixed camera",36,2024,"Fixed camera",7,"duplicate"
"2024-07-01","2024-07-31","SA","26-39","Fixed camera",26,2024,"Fixed camera",7,"duplicate"
"2024-07-01","2024-07-31","SA","40-64","Fixed camera",45,2024,"Fixed camera",7,"duplicate"
"2024-07-01","2024-07-31","SA","65 and over","Fixed camera",18,2024,"Fixed camera",7,"duplicate"
"2024-07-01","2024-07-31","SA","Unknown","Fixed camera",7,2024,"Fixed camera",7,"duplicate"
"2024-07-01","2024-07-31","SA","17-25","Mobile camera",91,2024,"Mobile camera",7,"chosen"
"2024-07-01","2024-07-31","SA","26-39","Mobile camera",278,2024,"Mobile camera",7,"chosen"
"2024-07-01","2024-07-31","SA","40-64","Mobile camera",486,2024,"Mobile camera",7,"chosen"
"2024-07-01","2024-07-31","SA","65 and over","Mobile camera",275,2024,"Mobile camera",7,"chosen"
"2024-07-01","2024-07-31","SA","Unknown","Mobile camera",30,2024,"Mobile camera",7,"chosen"
"2024-07-01","2024-07-31","SA","17-25","Mobile camera",469,2024,"Mobile camera",7,"duplicate"
"2024-07-01","2024-07-31","SA","26-39","Mobile camera",1111,2024,"Mobile camera",7,"duplicate"
"2024-07-01","2024-07-31","SA","40-64","Mobile camera",1603,2024,"Mobile camera",7,"duplicate"
"2024-07-01","2024-07-31","SA","65 and over","Mobile camera",462,2024,"Mobile camera",7,"duplicate"
"2024-07-01","2024-07-31","SA","Unknown","Mobile camera",105,2024,"Mobile camera",7,"duplicate"
"2024-07-01","2024-07-31","SA","17-25","Mobile camera",44,2024,"Mobile camera",7,"duplicate"
"2024-07-01","2024-07-31","SA","26-39","Mobile camera",119,2024,"Mobile camera",7,"duplicate"
"2024-07-01","2024-07-31","SA","40-64","Mobile camera",276,2024,"Mobile camera",7,"duplicate"
"2024-07-01","2024-07-31","SA","65 and over","Mobile camera",146,2024,"Mobile camera",7,"duplicate"
"2024-07-01","2024-07-31","SA","Unknown","Mobile camera",11,2024,"Mobile camera",7,"duplicate"
"2024-07-01","2024-07-31","SA","17-25","Mobile camera",2,2024,"Mobile camera",7,"duplicate"
"2024-07-01","2024-07-31","SA","26-39","Mobile camera",8,2024,"Mobile camera",7,"duplicate"
"2024-07-01","2024-07-31","SA","40-64","Mobile camera",18,2024,"Mobile camera",7,"duplicate"
"2024-07-01","2024-07-31","SA","65 and over","Mobile camera",3,2024,"Mobile camera",7,"duplicate"
"2024-07-01","2024-07-31","SA","26-39","Mobile camera",1,2024,"Mobile camera",7,"duplicate"
"2024-07-01","2024-07-31","SA","40-64","Mobile camera",1,2024,"Mobile camera",7,"duplicate"
"2024-07-01","2024-07-31","SA","40-64","Other",1,2024,"Other",7,"unique"
"2024-07-01","2024-07-31","SA","0-16","Police issued",1,2024,"Police issued",7,"unique"
"2024-07-01","2024-07-31","SA","17-25","Police issued",160,2024,"Police issued",7,"chosen"
"2024-07-01","2024-07-31","SA","26-39","Police issued",306,2024,"Police issued",7,"chosen"
"2024-07-01","2024-07-31","SA","40-64","Police issued",405,2024,"Police issued",7,"chosen"
"2024-07-01","2024-07-31","SA","65 and over","Police issued",121,2024,"Police issued",7,"chosen"
"2024-07-01","2024-07-31","SA","Unknown","Police issued",2,2024,"Police issued",7,"chosen"
"2024-07-01","2024-07-31","SA","17-25","Police issued",418,2024,"Police issued",7,"duplicate"
"2024-07-01","2024-07-31","SA","26-39","Police issued",653,2024,"Police issued",7,"duplicate"
"2024-07-01","2024-07-31","SA","40-64","Police issued",711,2024,"Police issued",7,"duplicate"
"2024-07-01","2024-07-31","SA","65 and over","Police issued",151,2024,"Police issued",7,"duplicate"
"2024-07-01","2024-07-31","SA","Unknown","Police issued",5,2024,"Police issued",7,"duplicate"
"2024-07-01","2024-07-31","SA","17-25","Police issued",183,2024,"Police issued",7,"duplicate"
"2024-07-01","2024-07-31","SA","26-39","Police issued",383,2024,"Police issued",7,"duplicate"
"2024-07-01","2024-07-31","SA","40-64","Police issued",567,2024,"Police issued",7,"duplicate"
"2024-07-01","2024-07-31","SA","65 and over","Police issued",164,2024,"Police issued",7,"duplicate"
"2024-07-01","2024-07-31","SA","Unknown","Police issued",2,2024,"Police issued",7,"duplicate"
"2024-07-01","2024-07-31","SA","17-25","Police issued",43,2024,"Police issued",7,"duplicate"
"2024-07-01","2024-07-31","SA","26-39","Police issued",83,2024,"Police issued",7,"duplicate"
"2024-07-01","2024-07-31","SA","40-64","Police issued",107,2024,"Police issued",7,"duplicate"
"2024-07-01","2024-07-31","SA","65 and over","Police issued",28,2024,"Police issued",7,"duplicate"
"2024-07-01","2024-07-31","SA","17-25","Police issued",18,2024,"Police issued",7,"duplicate"
"2024-07-01","2024-07-31","SA","26-39","Police issued",40,2024,"Police issued",7,"duplicate"
"2024-07-01","2024-07-31","SA","40-64","Police issued",54,2024,"Police issued",7,"duplicate"
"2024-07-01","2024-07-31","SA","65 and over","Police issued",25,2024,"Police issued",7,"duplicate"
"2024-07-01","2024-07-31","SA","17-25","Police issued",16,2024,"Police issued",7,"duplicate"
"2024-07-01","2024-07-31","SA","26-39","Police issued",47,2024,"Police issued",7,"duplicate"
"2024-07-01","2024-07-31","SA","40-64","Police issued",60,2024,"Police issued",7,"duplicate"
"2024-07-01","2024-07-31","SA","65 and over","Police issued",20,2024,"Police issued",7,"duplicate"
"2024-07-01","2024-07-31","TAS","0-16","Fixed or mobile camera",1,2024,"Camera (fixed/mobile)",7,"unique"
"2024-07-01","2024-07-31","TAS","17-25","Fixed or mobile camera",424,2024,"Camera (fixed/mobile)",7,"unique"
"2024-07-01","2024-07-31","TAS","26-39","Fixed or mobile camera",1179,2024,"Camera (fixed/mobile)",7,"unique"
"2024-07-01","2024-07-31","TAS","40-64","Fixed or mobile camera",1718,2024,"Camera (fixed/mobile)",7,"unique"
"2024-07-01","2024-07-31","TAS","65 and over","Fixed or mobile camera",665,2024,"Camera (fixed/mobile)",7,"unique"
"2024-07-01","2024-07-31","TAS","Unknown","Fixed or mobile camera",2,2024,"Camera (fixed/mobile)",7,"unique"
"2024-07-01","2024-07-31","TAS","17-25","Police issued",325,2024,"Police issued",7,"unique"
"2024-07-01","2024-07-31","TAS","26-39","Police issued",433,2024,"Police issued",7,"unique"
"2024-07-01","2024-07-31","TAS","40-64","Police issued",500,2024,"Police issued",7,"unique"
"2024-07-01","2024-07-31","TAS","65 and over","Police issued",125,2024,"Police issued",7,"unique"
"2024-07-01","2024-07-31","VIC","0-16","Fixed camera",0,2024,"Fixed camera",7,"chosen"
"2024-07-01","2024-07-31","VIC","17-25","Fixed camera",87,2024,"Fixed camera",7,"chosen"
"2024-07-01","2024-07-31","VIC","26-39","Fixed camera",317,2024,"Fixed camera",7,"chosen"
"2024-07-01","2024-07-31","VIC","40-64","Fixed camera",606,2024,"Fixed camera",7,"chosen"
"2024-07-01","2024-07-31","VIC","65 and over","Fixed camera",279,2024,"Fixed camera",7,"chosen"
"2024-07-01","2024-07-31","VIC","Unknown","Fixed camera",15,2024,"Fixed camera",7,"chosen"
"2024-07-01","2024-07-31","VIC","0-16","Fixed camera",0,2024,"Fixed camera",7,"duplicate"
"2024-07-01","2024-07-31","VIC","17-25","Fixed camera",2891,2024,"Fixed camera",7,"duplicate"
"2024-07-01","2024-07-31","VIC","26-39","Fixed camera",9751,2024,"Fixed camera",7,"duplicate"
"2024-07-01","2024-07-31","VIC","40-64","Fixed camera",15699,2024,"Fixed camera",7,"duplicate"
"2024-07-01","2024-07-31","VIC","65 and over","Fixed camera",4587,2024,"Fixed camera",7,"duplicate"
"2024-07-01","2024-07-31","VIC","Unknown","Fixed camera",766,2024,"Fixed camera",7,"duplicate"
"2024-07-01","2024-07-31","VIC","0-16","Fixed camera",0,2024,"Fixed camera",7,"duplicate"
"2024-07-01","2024-07-31","VIC","17-25","Fixed camera",1,2024,"Fixed camera",7,"duplicate"
"2024-07-01","2024-07-31","VIC","26-39","Fixed camera",11,2024,"Fixed camera",7,"duplicate"
"2024-07-01","2024-07-31","VIC","40-64","Fixed camera",11,2024,"Fixed camera",7,"duplicate"
"2024-07-01","2024-07-31","VIC","65 and over","Fixed camera",2,2024,"Fixed camera",7,"duplicate"
"2024-07-01","2024-07-31","VIC","Unknown","Fixed camera",0,2024,"Fixed camera",7,"duplicate"
"2024-07-01","2024-07-31","VIC","0-16","Fixed camera",0,2024,"Fixed camera",7,"duplicate"
"2024-07-01","2024-07-31","VIC","17-25","Fixed camera",0,2024,"Fixed camera",7,"duplicate"
"2024-07-01","2024-07-31","VIC","26-39","Fixed camera",0,2024,"Fixed camera",7,"duplicate"
"2024-07-01","2024-07-31","VIC","40-64","Fixed camera",0,2024,"Fixed camera",7,"duplicate"
"2024-07-01","2024-07-31","VIC","65 and over","Fixed camera",0,2024,"Fixed camera",7,"duplicate"
"2024-07-01","2024-07-31","VIC","Unknown","Fixed camera",0,2024,"Fixed camera",7,"duplicate"
"2024-07-01","2024-07-31","VIC","0-16","Fixed camera",0,2024,"Fixed camera",7,"duplicate"
"2024-07-01","2024-07-31","VIC","17-25","Fixed camera",584,2024,"Fixed camera",7,"duplicate"
"2024-07-01","2024-07-31","VIC","26-39","Fixed camera",1197,2024,"Fixed camera",7,"duplicate"
"2024-07-01","2024-07-31","VIC","40-64","Fixed camera",1515,2024,"Fixed camera",7,"duplicate"
"2024-07-01","2024-07-31","VIC","65 and over","Fixed camera",336,2024,"Fixed camera",7,"duplicate"
"2024-07-01","2024-07-31","VIC","Unknown","Fixed camera",106,2024,"Fixed camera",7,"duplicate"
"2024-07-01","2024-07-31","VIC","0-16","Mobile camera",0,2024,"Mobile camera",7,"chosen"
"2024-07-01","2024-07-31","VIC","17-25","Mobile camera",671,2024,"Mobile camera",7,"chosen"
"2024-07-01","2024-07-31","VIC","26-39","Mobile camera",2246,2024,"Mobile camera",7,"chosen"
"2024-07-01","2024-07-31","VIC","40-64","Mobile camera",3665,2024,"Mobile camera",7,"chosen"
"2024-07-01","2024-07-31","VIC","65 and over","Mobile camera",1525,2024,"Mobile camera",7,"chosen"
"2024-07-01","2024-07-31","VIC","Unknown","Mobile camera",128,2024,"Mobile camera",7,"chosen"
"2024-07-01","2024-07-31","VIC","0-16","Mobile camera",0,2024,"Mobile camera",7,"duplicate"
"2024-07-01","2024-07-31","VIC","17-25","Mobile camera",2721,2024,"Mobile camera",7,"duplicate"
"2024-07-01","2024-07-31","VIC","26-39","Mobile camera",9362,2024,"Mobile camera",7,"duplicate"
"2024-07-01","2024-07-31","VIC","40-64","Mobile camera",14713,2024,"Mobile camera",7,"duplicate"
"2024-07-01","2024-07-31","VIC","65 and over","Mobile camera",4237,2024,"Mobile camera",7,"duplicate"
"2024-07-01","2024-07-31","VIC","Unknown","Mobile camera",644,2024,"Mobile camera",7,"duplicate"
"2024-07-01","2024-07-31","VIC","0-16","Mobile camera",0,2024,"Mobile camera",7,"duplicate"
"2024-07-01","2024-07-31","VIC","17-25","Mobile camera",113,2024,"Mobile camera",7,"duplicate"
"2024-07-01","2024-07-31","VIC","26-39","Mobile camera",432,2024,"Mobile camera",7,"duplicate"
"2024-07-01","2024-07-31","VIC","40-64","Mobile camera",672,2024,"Mobile camera",7,"duplicate"
"2024-07-01","2024-07-31","VIC","65 and over","Mobile camera",293,2024,"Mobile camera",7,"duplicate"
"2024-07-01","2024-07-31","VIC","Unknown","Mobile camera",42,2024,"Mobile camera",7,"duplicate"
"2024-07-01","2024-07-31","VIC","0-16","Mobile camera",0,2024,"Mobile camera",7,"duplicate"
"2024-07-01","2024-07-31","VIC","17-25","Mobile camera",0,2024,"Mobile camera",7,"duplicate"
"2024-07-01","2024-07-31","VIC","26-39","Mobile camera",0,2024,"Mobile camera",7,"duplicate"
"2024-07-01","2024-07-31","VIC","40-64","Mobile camera",0,2024,"Mobile camera",7,"duplicate"
"2024-07-01","2024-07-31","VIC","65 and over","Mobile camera",0,2024,"Mobile camera",7,"duplicate"
"2024-07-01","2024-07-31","VIC","Unknown","Mobile camera",0,2024,"Mobile camera",7,"duplicate"
"2024-07-01","2024-07-31","VIC","0-16","Mobile camera",0,2024,"Mobile camera",7,"duplicate"
"2024-07-01","2024-07-31","VIC","17-25","Mobile camera",0,2024,"Mobile camera",7,"duplicate"
"2024-07-01","2024-07-31","VIC","26-39","Mobile camera",0,2024,"Mobile camera",7,"duplicate"
"2024-07-01","2024-07-31","VIC","40-64","Mobile camera",0,2024,"Mobile camera",7,"duplicate"
"2024-07-01","2024-07-31","VIC","65 and over","Mobile camera",0,2024,"Mobile camera",7,"duplicate"
"2024-07-01","2024-07-31","VIC","Unknown","Mobile camera",0,2024,"Mobile camera",7,"duplicate"
"2024-07-01","2024-07-31","VIC","0-16","Police issued",5,2024,"Police issued",7,"unique"
"2024-07-01","2024-07-31","VIC","17-25","Police issued",1955,2024,"Police issued",7,"unique"
"2024-07-01","2024-07-31","VIC","26-39","Police issued",3871,2024,"Police issued",7,"unique"
"2024-07-01","2024-07-31","VIC","40-64","Police issued",4657,2024,"Police issued",7,"unique"
"2024-07-01","2024-07-31","VIC","65 and over","Police issued",1018,2024,"Police issued",7,"unique"
"2024-07-01","2024-07-31","VIC","Unknown","Police issued",6,2024,"Police issued",7,"unique"
"2024-07-01","2024-07-31","WA","0-16","Average speed camera",19,2024,"Average speed camera",7,"unique"
"2024-07-01","2024-07-31","WA","17-25","Average speed camera",195,2024,"Average speed camera",7,"unique"
"2024-07-01","2024-07-31","WA","26-39","Average speed camera",476,2024,"Average speed camera",7,"unique"
"2024-07-01","2024-07-31","WA","40-64","Average speed camera",552,2024,"Average speed camera",7,"unique"
"2024-07-01","2024-07-31","WA","65 and over","Average speed camera",80,2024,"Average speed camera",7,"unique"
"2024-07-01","2024-07-31","WA","0-16","Fixed camera",40,2024,"Fixed camera",7,"unique"
"2024-07-01","2024-07-31","WA","17-25","Fixed camera",445,2024,"Fixed camera",7,"unique"
"2024-07-01","2024-07-31","WA","26-39","Fixed camera",878,2024,"Fixed camera",7,"unique"
"2024-07-01","2024-07-31","WA","40-64","Fixed camera",1335,2024,"Fixed camera",7,"unique"
"2024-07-01","2024-07-31","WA","65 and over","Fixed camera",360,2024,"Fixed camera",7,"unique"
"2024-07-01","2024-07-31","WA","0-16","Mobile camera",245,2024,"Mobile camera",7,"unique"
"2024-07-01","2024-07-31","WA","17-25","Mobile camera",4168,2024,"Mobile camera",7,"unique"
"2024-07-01","2024-07-31","WA","26-39","Mobile camera",10481,2024,"Mobile camera",7,"unique"
"2024-07-01","2024-07-31","WA","40-64","Mobile camera",15191,2024,"Mobile camera",7,"unique"
"2024-07-01","2024-07-31","WA","65 and over","Mobile camera",3715,2024,"Mobile camera",7,"unique"
"2024-07-01","2024-07-31","WA","17-25","Police issued",1178,2024,"Police issued",7,"unique"
"2024-07-01","2024-07-31","WA","26-39","Police issued",2180,2024,"Police issued",7,"unique"
"2024-07-01","2024-07-31","WA","40-64","Police issued",2628,2024,"Police issued",7,"unique"
"2024-07-01","2024-07-31","WA","65 and over","Police issued",463,2024,"Police issued",7,"unique"
"2024-07-01","2024-07-31","WA","0-16","Red light camera",80,2024,"Red light camera",7,"unique"
"2024-07-01","2024-07-31","WA","17-25","Red light camera",765,2024,"Red light camera",7,"unique"
"2024-07-01","2024-07-31","WA","26-39","Red light camera",2343,2024,"Red light camera",7,"unique"
"2024-07-01","2024-07-31","WA","40-64","Red light camera",4848,2024,"Red light camera",7,"unique"
"2024-07-01","2024-07-31","WA","65 and over","Red light camera",1522,2024,"Red light camera",7,"unique"
"2024-07-01","2024-07-31","WA","0-16","Unknown",0,2024,"Unknown",7,"unique"
"2024-07-01","2024-07-31","WA","17-25","Unknown",0,2024,"Unknown",7,"unique"
"2024-07-01","2024-07-31","WA","26-39","Unknown",0,2024,"Unknown",7,"unique"
"2024-07-01","2024-07-31","WA","40-64","Unknown",0,2024,"Unknown",7,"unique"
"2024-07-01","2024-07-31","WA","65 and over","Unknown",0,2024,"Unknown",7,"unique"
"2024-08-01","2024-08-31","ACT","17-25","Fixed camera",528,2024,"Fixed camera",8,"unique"
"2024-08-01","2024-08-31","ACT","26-39","Fixed camera",1050,2024,"Fixed camera",8,"unique"
"2024-08-01","2024-08-31","ACT","40-64","Fixed camera",1548,2024,"Fixed camera",8,"unique"
"2024-08-01","2024-08-31","ACT","65 and over","Fixed camera",382,2024,"Fixed camera",8,"unique"
"2024-08-01","2024-08-31","ACT","Unknown","Fixed camera",73,2024,"Fixed camera",8,"unique"
"2024-08-01","2024-08-31","ACT","17-25","Mobile camera",235,2024,"Mobile camera",8,"unique"
"2024-08-01","2024-08-31","ACT","26-39","Mobile camera",488,2024,"Mobile camera",8,"unique"
"2024-08-01","2024-08-31","ACT","40-64","Mobile camera",671,2024,"Mobile camera",8,"unique"
"2024-08-01","2024-08-31","ACT","65 and over","Mobile camera",260,2024,"Mobile camera",8,"unique"
"2024-08-01","2024-08-31","ACT","Unknown","Mobile camera",31,2024,"Mobile camera",8,"unique"
"2024-08-01","2024-08-31","ACT","0-16","Police issued",0,2024,"Police issued",8,"unique"
"2024-08-01","2024-08-31","ACT","17-25","Police issued",62,2024,"Police issued",8,"unique"
"2024-08-01","2024-08-31","ACT","26-39","Police issued",74,2024,"Police issued",8,"unique"
"2024-08-01","2024-08-31","ACT","40-64","Police issued",61,2024,"Police issued",8,"unique"
"2024-08-01","2024-08-31","ACT","65 and over","Police issued",6,2024,"Police issued",8,"unique"
"2024-08-01","2024-08-31","NSW","Unknown","Fixed camera",41220,2024,"Fixed camera",8,"unique"
"2024-08-01","2024-08-31","NSW","Unknown","Mobile camera",3356,2024,"Mobile camera",8,"unique"
"2024-08-01","2024-08-31","NSW","0-16","Police issued",7,2024,"Police issued",8,"chosen"
"2024-08-01","2024-08-31","NSW","17-25","Police issued",1612,2024,"Police issued",8,"chosen"
"2024-08-01","2024-08-31","NSW","26-39","Police issued",2322,2024,"Police issued",8,"chosen"
"2024-08-01","2024-08-31","NSW","40-64","Police issued",2465,2024,"Police issued",8,"chosen"
"2024-08-01","2024-08-31","NSW","65 and over","Police issued",602,2024,"Police issued",8,"chosen"
"2024-08-01","2024-08-31","NSW","0-16","Police issued",2,2024,"Police issued",8,"duplicate"
"2024-08-01","2024-08-31","NSW","17-25","Police issued",2121,2024,"Police issued",8,"duplicate"
"2024-08-01","2024-08-31","NSW","26-39","Police issued",2161,2024,"Police issued",8,"duplicate"
"2024-08-01","2024-08-31","NSW","40-64","Police issued",1914,2024,"Police issued",8,"duplicate"
"2024-08-01","2024-08-31","NSW","65 and over","Police issued",281,2024,"Police issued",8,"duplicate"
"2024-08-01","2024-08-31","NSW","0-16","Police issued",1,2024,"Police issued",8,"duplicate"
"2024-08-01","2024-08-31","NSW","17-25","Police issued",446,2024,"Police issued",8,"duplicate"
"2024-08-01","2024-08-31","NSW","26-39","Police issued",746,2024,"Police issued",8,"duplicate"
"2024-08-01","2024-08-31","NSW","40-64","Police issued",883,2024,"Police issued",8,"duplicate"
"2024-08-01","2024-08-31","NSW","65 and over","Police issued",224,2024,"Police issued",8,"duplicate"
"2024-08-01","2024-08-31","NSW","0-16","Police issued",1,2024,"Police issued",8,"duplicate"
"2024-08-01","2024-08-31","NSW","17-25","Police issued",18,2024,"Police issued",8,"duplicate"
"2024-08-01","2024-08-31","NSW","26-39","Police issued",59,2024,"Police issued",8,"duplicate"
"2024-08-01","2024-08-31","NSW","40-64","Police issued",75,2024,"Police issued",8,"duplicate"
"2024-08-01","2024-08-31","NSW","65 and over","Police issued",18,2024,"Police issued",8,"duplicate"
"2024-08-01","2024-08-31","NSW","17-25","Police issued",23,2024,"Police issued",8,"duplicate"
"2024-08-01","2024-08-31","NSW","26-39","Police issued",31,2024,"Police issued",8,"duplicate"
"2024-08-01","2024-08-31","NSW","40-64","Police issued",29,2024,"Police issued",8,"duplicate"
"2024-08-01","2024-08-31","NSW","65 and over","Police issued",5,2024,"Police issued",8,"duplicate"
"2024-08-01","2024-08-31","NSW","17-25","Police issued",4,2024,"Police issued",8,"duplicate"
"2024-08-01","2024-08-31","NSW","26-39","Police issued",8,2024,"Police issued",8,"duplicate"
"2024-08-01","2024-08-31","NSW","40-64","Police issued",10,2024,"Police issued",8,"duplicate"
"2024-08-01","2024-08-31","NSW","65 and over","Police issued",1,2024,"Police issued",8,"duplicate"
"2024-08-01","2024-08-31","NSW","Unknown","Red light camera",19596,2024,"Red light camera",8,"unique"
"2024-08-01","2024-08-31","NT","0-16","Fixed camera",2,2024,"Fixed camera",8,"unique"
"2024-08-01","2024-08-31","NT","17-25","Fixed camera",95,2024,"Fixed camera",8,"unique"
"2024-08-01","2024-08-31","NT","26-39","Fixed camera",287,2024,"Fixed camera",8,"unique"
"2024-08-01","2024-08-31","NT","40-64","Fixed camera",465,2024,"Fixed camera",8,"unique"
"2024-08-01","2024-08-31","NT","65 and over","Fixed camera",101,2024,"Fixed camera",8,"unique"
"2024-08-01","2024-08-31","NT","Unknown","Fixed camera",28,2024,"Fixed camera",8,"unique"
"2024-08-01","2024-08-31","NT","0-16","Mobile camera",1,2024,"Mobile camera",8,"unique"
"2024-08-01","2024-08-31","NT","17-25","Mobile camera",350,2024,"Mobile camera",8,"unique"
"2024-08-01","2024-08-31","NT","26-39","Mobile camera",960,2024,"Mobile camera",8,"unique"
"2024-08-01","2024-08-31","NT","40-64","Mobile camera",1150,2024,"Mobile camera",8,"unique"
"2024-08-01","2024-08-31","NT","65 and over","Mobile camera",303,2024,"Mobile camera",8,"unique"
"2024-08-01","2024-08-31","NT","Unknown","Mobile camera",69,2024,"Mobile camera",8,"unique"
"2024-08-01","2024-08-31","NT","17-25","Other",0,2024,"Other",8,"unique"
"2024-08-01","2024-08-31","NT","26-39","Other",0,2024,"Other",8,"unique"
"2024-08-01","2024-08-31","NT","40-64","Other",0,2024,"Other",8,"unique"
"2024-08-01","2024-08-31","NT","65 and over","Other",0,2024,"Other",8,"unique"
"2024-08-01","2024-08-31","NT","0-16","Police issued",2,2024,"Police issued",8,"unique"
"2024-08-01","2024-08-31","NT","17-25","Police issued",62,2024,"Police issued",8,"unique"
"2024-08-01","2024-08-31","NT","26-39","Police issued",111,2024,"Police issued",8,"unique"
"2024-08-01","2024-08-31","NT","40-64","Police issued",161,2024,"Police issued",8,"unique"
"2024-08-01","2024-08-31","NT","65 and over","Police issued",27,2024,"Police issued",8,"unique"
"2024-08-01","2024-08-31","QLD","0-16","Fixed camera",664,2024,"Fixed camera",8,"unique"
"2024-08-01","2024-08-31","QLD","17-25","Fixed camera",2788,2024,"Fixed camera",8,"unique"
"2024-08-01","2024-08-31","QLD","26-39","Fixed camera",6308,2024,"Fixed camera",8,"unique"
"2024-08-01","2024-08-31","QLD","40-64","Fixed camera",9186,2024,"Fixed camera",8,"unique"
"2024-08-01","2024-08-31","QLD","65 and over","Fixed camera",2708,2024,"Fixed camera",8,"unique"
"2024-08-01","2024-08-31","QLD","Unknown","Fixed camera",69,2024,"Fixed camera",8,"unique"
"2024-08-01","2024-08-31","QLD","0-16","Mobile camera",813,2024,"Mobile camera",8,"unique"
"2024-08-01","2024-08-31","QLD","17-25","Mobile camera",5066,2024,"Mobile camera",8,"unique"
"2024-08-01","2024-08-31","QLD","26-39","Mobile camera",10291,2024,"Mobile camera",8,"unique"
"2024-08-01","2024-08-31","QLD","40-64","Mobile camera",14875,2024,"Mobile camera",8,"unique"
"2024-08-01","2024-08-31","QLD","65 and over","Mobile camera",4063,2024,"Mobile camera",8,"unique"
"2024-08-01","2024-08-31","QLD","Unknown","Mobile camera",91,2024,"Mobile camera",8,"unique"
"2024-08-01","2024-08-31","QLD","0-16","Police issued",5,2024,"Police issued",8,"unique"
"2024-08-01","2024-08-31","QLD","17-25","Police issued",2150,2024,"Police issued",8,"unique"
"2024-08-01","2024-08-31","QLD","26-39","Police issued",3111,2024,"Police issued",8,"unique"
"2024-08-01","2024-08-31","QLD","40-64","Police issued",3345,2024,"Police issued",8,"unique"
"2024-08-01","2024-08-31","QLD","65 and over","Police issued",719,2024,"Police issued",8,"unique"
"2024-08-01","2024-08-31","SA","17-25","Fixed camera",19,2024,"Fixed camera",8,"chosen"
"2024-08-01","2024-08-31","SA","26-39","Fixed camera",65,2024,"Fixed camera",8,"chosen"
"2024-08-01","2024-08-31","SA","40-64","Fixed camera",87,2024,"Fixed camera",8,"chosen"
"2024-08-01","2024-08-31","SA","65 and over","Fixed camera",33,2024,"Fixed camera",8,"chosen"
"2024-08-01","2024-08-31","SA","Unknown","Fixed camera",17,2024,"Fixed camera",8,"chosen"
"2024-08-01","2024-08-31","SA","0-16","Fixed camera",1,2024,"Fixed camera",8,"unique"
"2024-08-01","2024-08-31","SA","17-25","Fixed camera",383,2024,"Fixed camera",8,"duplicate"
"2024-08-01","2024-08-31","SA","26-39","Fixed camera",856,2024,"Fixed camera",8,"duplicate"
"2024-08-01","2024-08-31","SA","40-64","Fixed camera",1699,2024,"Fixed camera",8,"duplicate"
"2024-08-01","2024-08-31","SA","65 and over","Fixed camera",649,2024,"Fixed camera",8,"duplicate"
"2024-08-01","2024-08-31","SA","Unknown","Fixed camera",124,2024,"Fixed camera",8,"duplicate"
"2024-08-01","2024-08-31","SA","17-25","Fixed camera",23,2024,"Fixed camera",8,"duplicate"
"2024-08-01","2024-08-31","SA","26-39","Fixed camera",18,2024,"Fixed camera",8,"duplicate"
"2024-08-01","2024-08-31","SA","40-64","Fixed camera",29,2024,"Fixed camera",8,"duplicate"
"2024-08-01","2024-08-31","SA","65 and over","Fixed camera",16,2024,"Fixed camera",8,"duplicate"
"2024-08-01","2024-08-31","SA","Unknown","Fixed camera",3,2024,"Fixed camera",8,"duplicate"
"2024-08-01","2024-08-31","SA","17-25","Mobile camera",85,2024,"Mobile camera",8,"chosen"
"2024-08-01","2024-08-31","SA","26-39","Mobile camera",239,2024,"Mobile camera",8,"chosen"
"2024-08-01","2024-08-31","SA","40-64","Mobile camera",507,2024,"Mobile camera",8,"chosen"
"2024-08-01","2024-08-31","SA","65 and over","Mobile camera",234,2024,"Mobile camera",8,"chosen"
"2024-08-01","2024-08-31","SA","Unknown","Mobile camera",24,2024,"Mobile camera",8,"chosen"
"2024-08-01","2024-08-31","SA","17-25","Mobile camera",432,2024,"Mobile camera",8,"duplicate"
"2024-08-01","2024-08-31","SA","26-39","Mobile camera",1121,2024,"Mobile camera",8,"duplicate"
"2024-08-01","2024-08-31","SA","40-64","Mobile camera",1856,2024,"Mobile camera",8,"duplicate"
"2024-08-01","2024-08-31","SA","65 and over","Mobile camera",486,2024,"Mobile camera",8,"duplicate"
"2024-08-01","2024-08-31","SA","Unknown","Mobile camera",97,2024,"Mobile camera",8,"duplicate"
"2024-08-01","2024-08-31","SA","17-25","Mobile camera",43,2024,"Mobile camera",8,"duplicate"
"2024-08-01","2024-08-31","SA","26-39","Mobile camera",111,2024,"Mobile camera",8,"duplicate"
"2024-08-01","2024-08-31","SA","40-64","Mobile camera",239,2024,"Mobile camera",8,"duplicate"
"2024-08-01","2024-08-31","SA","65 and over","Mobile camera",116,2024,"Mobile camera",8,"duplicate"
"2024-08-01","2024-08-31","SA","Unknown","Mobile camera",8,2024,"Mobile camera",8,"duplicate"
"2024-08-01","2024-08-31","SA","17-25","Mobile camera",6,2024,"Mobile camera",8,"duplicate"
"2024-08-01","2024-08-31","SA","26-39","Mobile camera",21,2024,"Mobile camera",8,"duplicate"
"2024-08-01","2024-08-31","SA","40-64","Mobile camera",30,2024,"Mobile camera",8,"duplicate"
"2024-08-01","2024-08-31","SA","65 and over","Mobile camera",16,2024,"Mobile camera",8,"duplicate"
"2024-08-01","2024-08-31","SA","Unknown","Mobile camera",3,2024,"Mobile camera",8,"duplicate"
"2024-08-01","2024-08-31","SA","17-25","Police issued",193,2024,"Police issued",8,"chosen"
"2024-08-01","2024-08-31","SA","26-39","Police issued",370,2024,"Police issued",8,"chosen"
"2024-08-01","2024-08-31","SA","40-64","Police issued",481,2024,"Police issued",8,"chosen"
"2024-08-01","2024-08-31","SA","65 and over","Police issued",135,2024,"Police issued",8,"chosen"
"2024-08-01","2024-08-31","SA","0-16","Police issued",1,2024,"Police issued",8,"unique"
"2024-08-01","2024-08-31","SA","17-25","Police issued",364,2024,"Police issued",8,"duplicate"
"2024-08-01","2024-08-31","SA","26-39","Police issued",608,2024,"Police issued",8,"duplicate"
"2024-08-01","2024-08-31","SA","40-64","Police issued",708,2024,"Police issued",8,"duplicate"
"2024-08-01","2024-08-31","SA","65 and over","Police issued",175,2024,"Police issued",8,"duplicate"
"2024-08-01","2024-08-31","SA","Unknown","Police issued",3,2024,"Police issued",8,"chosen"
"2024-08-01","2024-08-31","SA","17-25","Police issued",240,2024,"Police issued",8,"duplicate"
"2024-08-01","2024-08-31","SA","26-39","Police issued",457,2024,"Police issued",8,"duplicate"
"2024-08-01","2024-08-31","SA","40-64","Police issued",620,2024,"Police issued",8,"duplicate"
"2024-08-01","2024-08-31","SA","65 and over","Police issued",204,2024,"Police issued",8,"duplicate"
"2024-08-01","2024-08-31","SA","Unknown","Police issued",1,2024,"Police issued",8,"duplicate"
"2024-08-01","2024-08-31","SA","17-25","Police issued",33,2024,"Police issued",8,"duplicate"
"2024-08-01","2024-08-31","SA","26-39","Police issued",68,2024,"Police issued",8,"duplicate"
"2024-08-01","2024-08-31","SA","40-64","Police issued",82,2024,"Police issued",8,"duplicate"
"2024-08-01","2024-08-31","SA","65 and over","Police issued",24,2024,"Police issued",8,"duplicate"
"2024-08-01","2024-08-31","SA","17-25","Police issued",30,2024,"Police issued",8,"duplicate"
"2024-08-01","2024-08-31","SA","26-39","Police issued",45,2024,"Police issued",8,"duplicate"
"2024-08-01","2024-08-31","SA","40-64","Police issued",60,2024,"Police issued",8,"duplicate"
"2024-08-01","2024-08-31","SA","65 and over","Police issued",30,2024,"Police issued",8,"duplicate"
"2024-08-01","2024-08-31","SA","17-25","Police issued",25,2024,"Police issued",8,"duplicate"
"2024-08-01","2024-08-31","SA","26-39","Police issued",44,2024,"Police issued",8,"duplicate"
"2024-08-01","2024-08-31","SA","40-64","Police issued",52,2024,"Police issued",8,"duplicate"
"2024-08-01","2024-08-31","SA","65 and over","Police issued",13,2024,"Police issued",8,"duplicate"
"2024-08-01","2024-08-31","TAS","0-16","Fixed or mobile camera",3,2024,"Camera (fixed/mobile)",8,"unique"
"2024-08-01","2024-08-31","TAS","17-25","Fixed or mobile camera",526,2024,"Camera (fixed/mobile)",8,"unique"
"2024-08-01","2024-08-31","TAS","26-39","Fixed or mobile camera",1260,2024,"Camera (fixed/mobile)",8,"unique"
"2024-08-01","2024-08-31","TAS","40-64","Fixed or mobile camera",1780,2024,"Camera (fixed/mobile)",8,"unique"
"2024-08-01","2024-08-31","TAS","65 and over","Fixed or mobile camera",635,2024,"Camera (fixed/mobile)",8,"unique"
"2024-08-01","2024-08-31","TAS","0-16","Police issued",0,2024,"Police issued",8,"unique"
"2024-08-01","2024-08-31","TAS","17-25","Police issued",377,2024,"Police issued",8,"unique"
"2024-08-01","2024-08-31","TAS","26-39","Police issued",589,2024,"Police issued",8,"unique"
"2024-08-01","2024-08-31","TAS","40-64","Police issued",698,2024,"Police issued",8,"unique"
"2024-08-01","2024-08-31","TAS","65 and over","Police issued",194,2024,"Police issued",8,"unique"
"2024-08-01","2024-08-31","VIC","0-16","Fixed camera",0,2024,"Fixed camera",8,"chosen"
"2024-08-01","2024-08-31","VIC","17-25","Fixed camera",83,2024,"Fixed camera",8,"chosen"
"2024-08-01","2024-08-31","VIC","26-39","Fixed camera",279,2024,"Fixed camera",8,"chosen"
"2024-08-01","2024-08-31","VIC","40-64","Fixed camera",609,2024,"Fixed camera",8,"chosen"
"2024-08-01","2024-08-31","VIC","65 and over","Fixed camera",265,2024,"Fixed camera",8,"chosen"
"2024-08-01","2024-08-31","VIC","Unknown","Fixed camera",28,2024,"Fixed camera",8,"chosen"
"2024-08-01","2024-08-31","VIC","0-16","Fixed camera",0,2024,"Fixed camera",8,"duplicate"
"2024-08-01","2024-08-31","VIC","17-25","Fixed camera",3079,2024,"Fixed camera",8,"duplicate"
"2024-08-01","2024-08-31","VIC","26-39","Fixed camera",9235,2024,"Fixed camera",8,"duplicate"
"2024-08-01","2024-08-31","VIC","40-64","Fixed camera",15324,2024,"Fixed camera",8,"duplicate"
"2024-08-01","2024-08-31","VIC","65 and over","Fixed camera",4515,2024,"Fixed camera",8,"duplicate"
"2024-08-01","2024-08-31","VIC","Unknown","Fixed camera",793,2024,"Fixed camera",8,"duplicate"
"2024-08-01","2024-08-31","VIC","0-16","Fixed camera",0,2024,"Fixed camera",8,"duplicate"
"2024-08-01","2024-08-31","VIC","17-25","Fixed camera",2,2024,"Fixed camera",8,"duplicate"
"2024-08-01","2024-08-31","VIC","26-39","Fixed camera",9,2024,"Fixed camera",8,"duplicate"
"2024-08-01","2024-08-31","VIC","40-64","Fixed camera",9,2024,"Fixed camera",8,"duplicate"
"2024-08-01","2024-08-31","VIC","65 and over","Fixed camera",3,2024,"Fixed camera",8,"duplicate"
"2024-08-01","2024-08-31","VIC","Unknown","Fixed camera",0,2024,"Fixed camera",8,"duplicate"
"2024-08-01","2024-08-31","VIC","0-16","Fixed camera",0,2024,"Fixed camera",8,"duplicate"
"2024-08-01","2024-08-31","VIC","17-25","Fixed camera",0,2024,"Fixed camera",8,"duplicate"
"2024-08-01","2024-08-31","VIC","26-39","Fixed camera",0,2024,"Fixed camera",8,"duplicate"
"2024-08-01","2024-08-31","VIC","40-64","Fixed camera",0,2024,"Fixed camera",8,"duplicate"
"2024-08-01","2024-08-31","VIC","65 and over","Fixed camera",0,2024,"Fixed camera",8,"duplicate"
"2024-08-01","2024-08-31","VIC","Unknown","Fixed camera",0,2024,"Fixed camera",8,"duplicate"
"2024-08-01","2024-08-31","VIC","0-16","Fixed camera",0,2024,"Fixed camera",8,"duplicate"
"2024-08-01","2024-08-31","VIC","17-25","Fixed camera",755,2024,"Fixed camera",8,"duplicate"
"2024-08-01","2024-08-31","VIC","26-39","Fixed camera",1687,2024,"Fixed camera",8,"duplicate"
"2024-08-01","2024-08-31","VIC","40-64","Fixed camera",1805,2024,"Fixed camera",8,"duplicate"
"2024-08-01","2024-08-31","VIC","65 and over","Fixed camera",343,2024,"Fixed camera",8,"duplicate"
"2024-08-01","2024-08-31","VIC","Unknown","Fixed camera",124,2024,"Fixed camera",8,"duplicate"
"2024-08-01","2024-08-31","VIC","0-16","Mobile camera",0,2024,"Mobile camera",8,"chosen"
"2024-08-01","2024-08-31","VIC","17-25","Mobile camera",579,2024,"Mobile camera",8,"chosen"
"2024-08-01","2024-08-31","VIC","26-39","Mobile camera",1616,2024,"Mobile camera",8,"chosen"
"2024-08-01","2024-08-31","VIC","40-64","Mobile camera",2722,2024,"Mobile camera",8,"chosen"
"2024-08-01","2024-08-31","VIC","65 and over","Mobile camera",1358,2024,"Mobile camera",8,"chosen"
"2024-08-01","2024-08-31","VIC","Unknown","Mobile camera",87,2024,"Mobile camera",8,"chosen"
"2024-08-01","2024-08-31","VIC","0-16","Mobile camera",0,2024,"Mobile camera",8,"duplicate"
"2024-08-01","2024-08-31","VIC","17-25","Mobile camera",2240,2024,"Mobile camera",8,"duplicate"
"2024-08-01","2024-08-31","VIC","26-39","Mobile camera",7624,2024,"Mobile camera",8,"duplicate"
"2024-08-01","2024-08-31","VIC","40-64","Mobile camera",12379,2024,"Mobile camera",8,"duplicate"
"2024-08-01","2024-08-31","VIC","65 and over","Mobile camera",3344,2024,"Mobile camera",8,"duplicate"
"2024-08-01","2024-08-31","VIC","Unknown","Mobile camera",523,2024,"Mobile camera",8,"duplicate"
"2024-08-01","2024-08-31","VIC","0-16","Mobile camera",0,2024,"Mobile camera",8,"duplicate"
"2024-08-01","2024-08-31","VIC","17-25","Mobile camera",98,2024,"Mobile camera",8,"duplicate"
"2024-08-01","2024-08-31","VIC","26-39","Mobile camera",384,2024,"Mobile camera",8,"duplicate"
"2024-08-01","2024-08-31","VIC","40-64","Mobile camera",614,2024,"Mobile camera",8,"duplicate"
"2024-08-01","2024-08-31","VIC","65 and over","Mobile camera",292,2024,"Mobile camera",8,"duplicate"
"2024-08-01","2024-08-31","VIC","Unknown","Mobile camera",36,2024,"Mobile camera",8,"duplicate"
"2024-08-01","2024-08-31","VIC","0-16","Mobile camera",0,2024,"Mobile camera",8,"duplicate"
"2024-08-01","2024-08-31","VIC","17-25","Mobile camera",0,2024,"Mobile camera",8,"duplicate"
"2024-08-01","2024-08-31","VIC","26-39","Mobile camera",1,2024,"Mobile camera",8,"duplicate"
"2024-08-01","2024-08-31","VIC","40-64","Mobile camera",0,2024,"Mobile camera",8,"duplicate"
"2024-08-01","2024-08-31","VIC","65 and over","Mobile camera",0,2024,"Mobile camera",8,"duplicate"
"2024-08-01","2024-08-31","VIC","Unknown","Mobile camera",0,2024,"Mobile camera",8,"duplicate"
"2024-08-01","2024-08-31","VIC","0-16","Mobile camera",0,2024,"Mobile camera",8,"duplicate"
"2024-08-01","2024-08-31","VIC","17-25","Mobile camera",0,2024,"Mobile camera",8,"duplicate"
"2024-08-01","2024-08-31","VIC","26-39","Mobile camera",0,2024,"Mobile camera",8,"duplicate"
"2024-08-01","2024-08-31","VIC","40-64","Mobile camera",0,2024,"Mobile camera",8,"duplicate"
"2024-08-01","2024-08-31","VIC","65 and over","Mobile camera",0,2024,"Mobile camera",8,"duplicate"
"2024-08-01","2024-08-31","VIC","Unknown","Mobile camera",0,2024,"Mobile camera",8,"duplicate"
"2024-08-01","2024-08-31","VIC","0-16","Police issued",4,2024,"Police issued",8,"unique"
"2024-08-01","2024-08-31","VIC","17-25","Police issued",2187,2024,"Police issued",8,"unique"
"2024-08-01","2024-08-31","VIC","26-39","Police issued",4068,2024,"Police issued",8,"unique"
"2024-08-01","2024-08-31","VIC","40-64","Police issued",5064,2024,"Police issued",8,"unique"
"2024-08-01","2024-08-31","VIC","65 and over","Police issued",1172,2024,"Police issued",8,"unique"
"2024-08-01","2024-08-31","VIC","Unknown","Police issued",3,2024,"Police issued",8,"unique"
"2024-08-01","2024-08-31","WA","0-16","Average speed camera",8,2024,"Average speed camera",8,"unique"
"2024-08-01","2024-08-31","WA","17-25","Average speed camera",216,2024,"Average speed camera",8,"unique"
"2024-08-01","2024-08-31","WA","26-39","Average speed camera",480,2024,"Average speed camera",8,"unique"
"2024-08-01","2024-08-31","WA","40-64","Average speed camera",562,2024,"Average speed camera",8,"unique"
"2024-08-01","2024-08-31","WA","65 and over","Average speed camera",78,2024,"Average speed camera",8,"unique"
"2024-08-01","2024-08-31","WA","0-16","Fixed camera",46,2024,"Fixed camera",8,"unique"
"2024-08-01","2024-08-31","WA","17-25","Fixed camera",468,2024,"Fixed camera",8,"unique"
"2024-08-01","2024-08-31","WA","26-39","Fixed camera",1062,2024,"Fixed camera",8,"unique"
"2024-08-01","2024-08-31","WA","40-64","Fixed camera",1436,2024,"Fixed camera",8,"unique"
"2024-08-01","2024-08-31","WA","65 and over","Fixed camera",406,2024,"Fixed camera",8,"unique"
"2024-08-01","2024-08-31","WA","0-16","Mobile camera",268,2024,"Mobile camera",8,"unique"
"2024-08-01","2024-08-31","WA","17-25","Mobile camera",5101,2024,"Mobile camera",8,"unique"
"2024-08-01","2024-08-31","WA","26-39","Mobile camera",11130,2024,"Mobile camera",8,"unique"
"2024-08-01","2024-08-31","WA","40-64","Mobile camera",16064,2024,"Mobile camera",8,"unique"
"2024-08-01","2024-08-31","WA","65 and over","Mobile camera",3643,2024,"Mobile camera",8,"unique"
"2024-08-01","2024-08-31","WA","0-16","Police issued",1,2024,"Police issued",8,"unique"
"2024-08-01","2024-08-31","WA","17-25","Police issued",1233,2024,"Police issued",8,"unique"
"2024-08-01","2024-08-31","WA","26-39","Police issued",2341,2024,"Police issued",8,"unique"
"2024-08-01","2024-08-31","WA","40-64","Police issued",2746,2024,"Police issued",8,"unique"
"2024-08-01","2024-08-31","WA","65 and over","Police issued",498,2024,"Police issued",8,"unique"
"2024-08-01","2024-08-31","WA","0-16","Red light camera",86,2024,"Red light camera",8,"unique"
"2024-08-01","2024-08-31","WA","17-25","Red light camera",778,2024,"Red light camera",8,"unique"
"2024-08-01","2024-08-31","WA","26-39","Red light camera",2417,2024,"Red light camera",8,"unique"
"2024-08-01","2024-08-31","WA","40-64","Red light camera",4923,2024,"Red light camera",8,"unique"
"2024-08-01","2024-08-31","WA","65 and over","Red light camera",1487,2024,"Red light camera",8,"unique"
"2024-08-01","2024-08-31","WA","0-16","Unknown",0,2024,"Unknown",8,"unique"
"2024-08-01","2024-08-31","WA","17-25","Unknown",0,2024,"Unknown",8,"unique"
"2024-08-01","2024-08-31","WA","26-39","Unknown",0,2024,"Unknown",8,"unique"
"2024-08-01","2024-08-31","WA","40-64","Unknown",0,2024,"Unknown",8,"unique"
"2024-08-01","2024-08-31","WA","65 and over","Unknown",0,2024,"Unknown",8,"unique"
"2024-09-01","2024-09-30","ACT","0-16","Fixed camera",1,2024,"Fixed camera",9,"unique"
"2024-09-01","2024-09-30","ACT","17-25","Fixed camera",493,2024,"Fixed camera",9,"unique"
"2024-09-01","2024-09-30","ACT","26-39","Fixed camera",999,2024,"Fixed camera",9,"unique"
"2024-09-01","2024-09-30","ACT","40-64","Fixed camera",1712,2024,"Fixed camera",9,"unique"
"2024-09-01","2024-09-30","ACT","65 and over","Fixed camera",529,2024,"Fixed camera",9,"unique"
"2024-09-01","2024-09-30","ACT","Unknown","Fixed camera",60,2024,"Fixed camera",9,"unique"
"2024-09-01","2024-09-30","ACT","17-25","Mobile camera",184,2024,"Mobile camera",9,"unique"
"2024-09-01","2024-09-30","ACT","26-39","Mobile camera",416,2024,"Mobile camera",9,"unique"
"2024-09-01","2024-09-30","ACT","40-64","Mobile camera",596,2024,"Mobile camera",9,"unique"
"2024-09-01","2024-09-30","ACT","65 and over","Mobile camera",242,2024,"Mobile camera",9,"unique"
"2024-09-01","2024-09-30","ACT","Unknown","Mobile camera",30,2024,"Mobile camera",9,"unique"
"2024-09-01","2024-09-30","ACT","17-25","Police issued",62,2024,"Police issued",9,"unique"
"2024-09-01","2024-09-30","ACT","26-39","Police issued",63,2024,"Police issued",9,"unique"
"2024-09-01","2024-09-30","ACT","40-64","Police issued",42,2024,"Police issued",9,"unique"
"2024-09-01","2024-09-30","ACT","65 and over","Police issued",6,2024,"Police issued",9,"unique"
"2024-09-01","2024-09-30","NSW","Unknown","Fixed camera",39227,2024,"Fixed camera",9,"unique"
"2024-09-01","2024-09-30","NSW","Unknown","Mobile camera",3074,2024,"Mobile camera",9,"unique"
"2024-09-01","2024-09-30","NSW","0-16","Police issued",6,2024,"Police issued",9,"chosen"
"2024-09-01","2024-09-30","NSW","17-25","Police issued",1546,2024,"Police issued",9,"chosen"
"2024-09-01","2024-09-30","NSW","26-39","Police issued",2261,2024,"Police issued",9,"chosen"
"2024-09-01","2024-09-30","NSW","40-64","Police issued",2498,2024,"Police issued",9,"chosen"
"2024-09-01","2024-09-30","NSW","65 and over","Police issued",592,2024,"Police issued",9,"chosen"
"2024-09-01","2024-09-30","NSW","0-16","Police issued",4,2024,"Police issued",9,"duplicate"
"2024-09-01","2024-09-30","NSW","17-25","Police issued",2060,2024,"Police issued",9,"duplicate"
"2024-09-01","2024-09-30","NSW","26-39","Police issued",2075,2024,"Police issued",9,"duplicate"
"2024-09-01","2024-09-30","NSW","40-64","Police issued",1744,2024,"Police issued",9,"duplicate"
"2024-09-01","2024-09-30","NSW","65 and over","Police issued",222,2024,"Police issued",9,"duplicate"
"2024-09-01","2024-09-30","NSW","0-16","Police issued",3,2024,"Police issued",9,"duplicate"
"2024-09-01","2024-09-30","NSW","17-25","Police issued",357,2024,"Police issued",9,"duplicate"
"2024-09-01","2024-09-30","NSW","26-39","Police issued",611,2024,"Police issued",9,"duplicate"
"2024-09-01","2024-09-30","NSW","40-64","Police issued",697,2024,"Police issued",9,"duplicate"
"2024-09-01","2024-09-30","NSW","65 and over","Police issued",217,2024,"Police issued",9,"duplicate"
"2024-09-01","2024-09-30","NSW","17-25","Police issued",37,2024,"Police issued",9,"duplicate"
"2024-09-01","2024-09-30","NSW","26-39","Police issued",57,2024,"Police issued",9,"duplicate"
"2024-09-01","2024-09-30","NSW","40-64","Police issued",49,2024,"Police issued",9,"duplicate"
"2024-09-01","2024-09-30","NSW","65 and over","Police issued",12,2024,"Police issued",9,"duplicate"
"2024-09-01","2024-09-30","NSW","17-25","Police issued",30,2024,"Police issued",9,"duplicate"
"2024-09-01","2024-09-30","NSW","26-39","Police issued",50,2024,"Police issued",9,"duplicate"
"2024-09-01","2024-09-30","NSW","40-64","Police issued",39,2024,"Police issued",9,"duplicate"
"2024-09-01","2024-09-30","NSW","65 and over","Police issued",8,2024,"Police issued",9,"duplicate"
"2024-09-01","2024-09-30","NSW","17-25","Police issued",5,2024,"Police issued",9,"duplicate"
"2024-09-01","2024-09-30","NSW","26-39","Police issued",5,2024,"Police issued",9,"duplicate"
"2024-09-01","2024-09-30","NSW","40-64","Police issued",6,2024,"Police issued",9,"duplicate"
"2024-09-01","2024-09-30","NSW","65 and over","Police issued",1,2024,"Police issued",9,"duplicate"
"2024-09-01","2024-09-30","NSW","Unknown","Red light camera",19145,2024,"Red light camera",9,"unique"
"2024-09-01","2024-09-30","NT","0-16","Fixed camera",1,2024,"Fixed camera",9,"unique"
"2024-09-01","2024-09-30","NT","17-25","Fixed camera",102,2024,"Fixed camera",9,"unique"
"2024-09-01","2024-09-30","NT","26-39","Fixed camera",207,2024,"Fixed camera",9,"unique"
"2024-09-01","2024-09-30","NT","40-64","Fixed camera",311,2024,"Fixed camera",9,"unique"
"2024-09-01","2024-09-30","NT","65 and over","Fixed camera",62,2024,"Fixed camera",9,"unique"
"2024-09-01","2024-09-30","NT","Unknown","Fixed camera",34,2024,"Fixed camera",9,"unique"
"2024-09-01","2024-09-30","NT","0-16","Mobile camera",4,2024,"Mobile camera",9,"unique"
"2024-09-01","2024-09-30","NT","17-25","Mobile camera",348,2024,"Mobile camera",9,"unique"
"2024-09-01","2024-09-30","NT","26-39","Mobile camera",754,2024,"Mobile camera",9,"unique"
"2024-09-01","2024-09-30","NT","40-64","Mobile camera",915,2024,"Mobile camera",9,"unique"
"2024-09-01","2024-09-30","NT","65 and over","Mobile camera",212,2024,"Mobile camera",9,"unique"
"2024-09-01","2024-09-30","NT","Unknown","Mobile camera",68,2024,"Mobile camera",9,"unique"
"2024-09-01","2024-09-30","NT","17-25","Other",0,2024,"Other",9,"unique"
"2024-09-01","2024-09-30","NT","26-39","Other",0,2024,"Other",9,"unique"
"2024-09-01","2024-09-30","NT","40-64","Other",0,2024,"Other",9,"unique"
"2024-09-01","2024-09-30","NT","65 and over","Other",0,2024,"Other",9,"unique"
"2024-09-01","2024-09-30","NT","0-16","Police issued",1,2024,"Police issued",9,"unique"
"2024-09-01","2024-09-30","NT","17-25","Police issued",103,2024,"Police issued",9,"unique"
"2024-09-01","2024-09-30","NT","26-39","Police issued",210,2024,"Police issued",9,"unique"
"2024-09-01","2024-09-30","NT","40-64","Police issued",191,2024,"Police issued",9,"unique"
"2024-09-01","2024-09-30","NT","65 and over","Police issued",29,2024,"Police issued",9,"unique"
"2024-09-01","2024-09-30","QLD","0-16","Fixed camera",651,2024,"Fixed camera",9,"unique"
"2024-09-01","2024-09-30","QLD","17-25","Fixed camera",2728,2024,"Fixed camera",9,"unique"
"2024-09-01","2024-09-30","QLD","26-39","Fixed camera",6314,2024,"Fixed camera",9,"unique"
"2024-09-01","2024-09-30","QLD","40-64","Fixed camera",8846,2024,"Fixed camera",9,"unique"
"2024-09-01","2024-09-30","QLD","65 and over","Fixed camera",2452,2024,"Fixed camera",9,"unique"
"2024-09-01","2024-09-30","QLD","Unknown","Fixed camera",75,2024,"Fixed camera",9,"unique"
"2024-09-01","2024-09-30","QLD","0-16","Mobile camera",805,2024,"Mobile camera",9,"unique"
"2024-09-01","2024-09-30","QLD","17-25","Mobile camera",5093,2024,"Mobile camera",9,"unique"
"2024-09-01","2024-09-30","QLD","26-39","Mobile camera",10140,2024,"Mobile camera",9,"unique"
"2024-09-01","2024-09-30","QLD","40-64","Mobile camera",14661,2024,"Mobile camera",9,"unique"
"2024-09-01","2024-09-30","QLD","65 and over","Mobile camera",4013,2024,"Mobile camera",9,"unique"
"2024-09-01","2024-09-30","QLD","Unknown","Mobile camera",84,2024,"Mobile camera",9,"unique"
"2024-09-01","2024-09-30","QLD","0-16","Police issued",3,2024,"Police issued",9,"unique"
"2024-09-01","2024-09-30","QLD","17-25","Police issued",2028,2024,"Police issued",9,"unique"
"2024-09-01","2024-09-30","QLD","26-39","Police issued",2801,2024,"Police issued",9,"unique"
"2024-09-01","2024-09-30","QLD","40-64","Police issued",3303,2024,"Police issued",9,"unique"
"2024-09-01","2024-09-30","QLD","65 and over","Police issued",624,2024,"Police issued",9,"unique"
"2024-09-01","2024-09-30","QLD","Unknown","Police issued",2,2024,"Police issued",9,"unique"
"2024-09-01","2024-09-30","SA","17-25","Fixed camera",36,2024,"Fixed camera",9,"chosen"
"2024-09-01","2024-09-30","SA","26-39","Fixed camera",100,2024,"Fixed camera",9,"chosen"
"2024-09-01","2024-09-30","SA","40-64","Fixed camera",113,2024,"Fixed camera",9,"chosen"
"2024-09-01","2024-09-30","SA","65 and over","Fixed camera",28,2024,"Fixed camera",9,"chosen"
"2024-09-01","2024-09-30","SA","Unknown","Fixed camera",11,2024,"Fixed camera",9,"chosen"
"2024-09-01","2024-09-30","SA","17-25","Fixed camera",328,2024,"Fixed camera",9,"duplicate"
"2024-09-01","2024-09-30","SA","26-39","Fixed camera",799,2024,"Fixed camera",9,"duplicate"
"2024-09-01","2024-09-30","SA","40-64","Fixed camera",1572,2024,"Fixed camera",9,"duplicate"
"2024-09-01","2024-09-30","SA","65 and over","Fixed camera",621,2024,"Fixed camera",9,"duplicate"
"2024-09-01","2024-09-30","SA","Unknown","Fixed camera",127,2024,"Fixed camera",9,"duplicate"
"2024-09-01","2024-09-30","SA","17-25","Fixed camera",20,2024,"Fixed camera",9,"duplicate"
"2024-09-01","2024-09-30","SA","26-39","Fixed camera",47,2024,"Fixed camera",9,"duplicate"
"2024-09-01","2024-09-30","SA","40-64","Fixed camera",44,2024,"Fixed camera",9,"duplicate"
"2024-09-01","2024-09-30","SA","65 and over","Fixed camera",13,2024,"Fixed camera",9,"duplicate"
"2024-09-01","2024-09-30","SA","Unknown","Fixed camera",5,2024,"Fixed camera",9,"duplicate"
"2024-09-01","2024-09-30","SA","17-25","Mobile camera",88,2024,"Mobile camera",9,"chosen"
"2024-09-01","2024-09-30","SA","26-39","Mobile camera",306,2024,"Mobile camera",9,"chosen"
"2024-09-01","2024-09-30","SA","40-64","Mobile camera",617,2024,"Mobile camera",9,"chosen"
"2024-09-01","2024-09-30","SA","65 and over","Mobile camera",423,2024,"Mobile camera",9,"chosen"
"2024-09-01","2024-09-30","SA","Unknown","Mobile camera",30,2024,"Mobile camera",9,"chosen"
"2024-09-01","2024-09-30","SA","0-16","Mobile camera",1,2024,"Mobile camera",9,"unique"
"2024-09-01","2024-09-30","SA","17-25","Mobile camera",390,2024,"Mobile camera",9,"duplicate"
"2024-09-01","2024-09-30","SA","26-39","Mobile camera",955,2024,"Mobile camera",9,"duplicate"
"2024-09-01","2024-09-30","SA","40-64","Mobile camera",1454,2024,"Mobile camera",9,"duplicate"
"2024-09-01","2024-09-30","SA","65 and over","Mobile camera",424,2024,"Mobile camera",9,"duplicate"
"2024-09-01","2024-09-30","SA","Unknown","Mobile camera",83,2024,"Mobile camera",9,"duplicate"
"2024-09-01","2024-09-30","SA","17-25","Mobile camera",23,2024,"Mobile camera",9,"duplicate"
"2024-09-01","2024-09-30","SA","26-39","Mobile camera",49,2024,"Mobile camera",9,"duplicate"
"2024-09-01","2024-09-30","SA","40-64","Mobile camera",88,2024,"Mobile camera",9,"duplicate"
"2024-09-01","2024-09-30","SA","65 and over","Mobile camera",34,2024,"Mobile camera",9,"duplicate"
"2024-09-01","2024-09-30","SA","Unknown","Mobile camera",2,2024,"Mobile camera",9,"duplicate"
"2024-09-01","2024-09-30","SA","17-25","Mobile camera",2,2024,"Mobile camera",9,"duplicate"
"2024-09-01","2024-09-30","SA","26-39","Mobile camera",10,2024,"Mobile camera",9,"duplicate"
"2024-09-01","2024-09-30","SA","40-64","Mobile camera",18,2024,"Mobile camera",9,"duplicate"
"2024-09-01","2024-09-30","SA","65 and over","Mobile camera",3,2024,"Mobile camera",9,"duplicate"
"2024-09-01","2024-09-30","SA","40-64","Mobile camera",2,2024,"Mobile camera",9,"duplicate"
"2024-09-01","2024-09-30","SA","17-25","Police issued",183,2024,"Police issued",9,"chosen"
"2024-09-01","2024-09-30","SA","26-39","Police issued",333,2024,"Police issued",9,"chosen"
"2024-09-01","2024-09-30","SA","40-64","Police issued",442,2024,"Police issued",9,"chosen"
"2024-09-01","2024-09-30","SA","65 and over","Police issued",149,2024,"Police issued",9,"chosen"
"2024-09-01","2024-09-30","SA","Unknown","Police issued",4,2024,"Police issued",9,"chosen"
"2024-09-01","2024-09-30","SA","17-25","Police issued",351,2024,"Police issued",9,"duplicate"
"2024-09-01","2024-09-30","SA","26-39","Police issued",621,2024,"Police issued",9,"duplicate"
"2024-09-01","2024-09-30","SA","40-64","Police issued",632,2024,"Police issued",9,"duplicate"
"2024-09-01","2024-09-30","SA","65 and over","Police issued",150,2024,"Police issued",9,"duplicate"
"2024-09-01","2024-09-30","SA","Unknown","Police issued",1,2024,"Police issued",9,"duplicate"
"2024-09-01","2024-09-30","SA","0-16","Police issued",1,2024,"Police issued",9,"chosen"
"2024-09-01","2024-09-30","SA","17-25","Police issued",156,2024,"Police issued",9,"duplicate"
"2024-09-01","2024-09-30","SA","26-39","Police issued",332,2024,"Police issued",9,"duplicate"
"2024-09-01","2024-09-30","SA","40-64","Police issued",425,2024,"Police issued",9,"duplicate"
"2024-09-01","2024-09-30","SA","65 and over","Police issued",147,2024,"Police issued",9,"duplicate"
"2024-09-01","2024-09-30","SA","Unknown","Police issued",1,2024,"Police issued",9,"duplicate"
"2024-09-01","2024-09-30","SA","0-16","Police issued",1,2024,"Police issued",9,"duplicate"
"2024-09-01","2024-09-30","SA","17-25","Police issued",33,2024,"Police issued",9,"duplicate"
"2024-09-01","2024-09-30","SA","26-39","Police issued",81,2024,"Police issued",9,"duplicate"
"2024-09-01","2024-09-30","SA","40-64","Police issued",92,2024,"Police issued",9,"duplicate"
"2024-09-01","2024-09-30","SA","65 and over","Police issued",18,2024,"Police issued",9,"duplicate"
"2024-09-01","2024-09-30","SA","17-25","Police issued",22,2024,"Police issued",9,"duplicate"
"2024-09-01","2024-09-30","SA","26-39","Police issued",36,2024,"Police issued",9,"duplicate"
"2024-09-01","2024-09-30","SA","40-64","Police issued",51,2024,"Police issued",9,"duplicate"
"2024-09-01","2024-09-30","SA","65 and over","Police issued",13,2024,"Police issued",9,"duplicate"
"2024-09-01","2024-09-30","SA","17-25","Police issued",16,2024,"Police issued",9,"duplicate"
"2024-09-01","2024-09-30","SA","26-39","Police issued",56,2024,"Police issued",9,"duplicate"
"2024-09-01","2024-09-30","SA","40-64","Police issued",46,2024,"Police issued",9,"duplicate"
"2024-09-01","2024-09-30","SA","65 and over","Police issued",11,2024,"Police issued",9,"duplicate"
"2024-09-01","2024-09-30","TAS","0-16","Fixed or mobile camera",1,2024,"Camera (fixed/mobile)",9,"unique"
"2024-09-01","2024-09-30","TAS","17-25","Fixed or mobile camera",482,2024,"Camera (fixed/mobile)",9,"unique"
"2024-09-01","2024-09-30","TAS","26-39","Fixed or mobile camera",1208,2024,"Camera (fixed/mobile)",9,"unique"
"2024-09-01","2024-09-30","TAS","40-64","Fixed or mobile camera",1834,2024,"Camera (fixed/mobile)",9,"unique"
"2024-09-01","2024-09-30","TAS","65 and over","Fixed or mobile camera",818,2024,"Camera (fixed/mobile)",9,"unique"
"2024-09-01","2024-09-30","TAS","Unknown","Fixed or mobile camera",2,2024,"Camera (fixed/mobile)",9,"unique"
"2024-09-01","2024-09-30","TAS","17-25","Police issued",371,2024,"Police issued",9,"unique"
"2024-09-01","2024-09-30","TAS","26-39","Police issued",523,2024,"Police issued",9,"unique"
"2024-09-01","2024-09-30","TAS","40-64","Police issued",584,2024,"Police issued",9,"unique"
"2024-09-01","2024-09-30","TAS","65 and over","Police issued",178,2024,"Police issued",9,"unique"
"2024-09-01","2024-09-30","VIC","0-16","Fixed camera",0,2024,"Fixed camera",9,"chosen"
"2024-09-01","2024-09-30","VIC","17-25","Fixed camera",47,2024,"Fixed camera",9,"chosen"
"2024-09-01","2024-09-30","VIC","26-39","Fixed camera",185,2024,"Fixed camera",9,"chosen"
"2024-09-01","2024-09-30","VIC","40-64","Fixed camera",382,2024,"Fixed camera",9,"chosen"
"2024-09-01","2024-09-30","VIC","65 and over","Fixed camera",177,2024,"Fixed camera",9,"chosen"
"2024-09-01","2024-09-30","VIC","Unknown","Fixed camera",16,2024,"Fixed camera",9,"chosen"
"2024-09-01","2024-09-30","VIC","0-16","Fixed camera",0,2024,"Fixed camera",9,"duplicate"
"2024-09-01","2024-09-30","VIC","17-25","Fixed camera",2223,2024,"Fixed camera",9,"duplicate"
"2024-09-01","2024-09-30","VIC","26-39","Fixed camera",6834,2024,"Fixed camera",9,"duplicate"
"2024-09-01","2024-09-30","VIC","40-64","Fixed camera",11346,2024,"Fixed camera",9,"duplicate"
"2024-09-01","2024-09-30","VIC","65 and over","Fixed camera",3402,2024,"Fixed camera",9,"duplicate"
"2024-09-01","2024-09-30","VIC","Unknown","Fixed camera",588,2024,"Fixed camera",9,"duplicate"
"2024-09-01","2024-09-30","VIC","0-16","Fixed camera",0,2024,"Fixed camera",9,"duplicate"
"2024-09-01","2024-09-30","VIC","17-25","Fixed camera",2,2024,"Fixed camera",9,"duplicate"
"2024-09-01","2024-09-30","VIC","26-39","Fixed camera",0,2024,"Fixed camera",9,"duplicate"
"2024-09-01","2024-09-30","VIC","40-64","Fixed camera",9,2024,"Fixed camera",9,"duplicate"
"2024-09-01","2024-09-30","VIC","65 and over","Fixed camera",3,2024,"Fixed camera",9,"duplicate"
"2024-09-01","2024-09-30","VIC","Unknown","Fixed camera",0,2024,"Fixed camera",9,"duplicate"
"2024-09-01","2024-09-30","VIC","0-16","Fixed camera",0,2024,"Fixed camera",9,"duplicate"
"2024-09-01","2024-09-30","VIC","17-25","Fixed camera",0,2024,"Fixed camera",9,"duplicate"
"2024-09-01","2024-09-30","VIC","26-39","Fixed camera",0,2024,"Fixed camera",9,"duplicate"
"2024-09-01","2024-09-30","VIC","40-64","Fixed camera",0,2024,"Fixed camera",9,"duplicate"
"2024-09-01","2024-09-30","VIC","65 and over","Fixed camera",0,2024,"Fixed camera",9,"duplicate"
"2024-09-01","2024-09-30","VIC","Unknown","Fixed camera",0,2024,"Fixed camera",9,"duplicate"
"2024-09-01","2024-09-30","VIC","0-16","Fixed camera",1,2024,"Fixed camera",9,"duplicate"
"2024-09-01","2024-09-30","VIC","17-25","Fixed camera",500,2024,"Fixed camera",9,"duplicate"
"2024-09-01","2024-09-30","VIC","26-39","Fixed camera",962,2024,"Fixed camera",9,"duplicate"
"2024-09-01","2024-09-30","VIC","40-64","Fixed camera",1116,2024,"Fixed camera",9,"duplicate"
"2024-09-01","2024-09-30","VIC","65 and over","Fixed camera",195,2024,"Fixed camera",9,"duplicate"
"2024-09-01","2024-09-30","VIC","Unknown","Fixed camera",64,2024,"Fixed camera",9,"duplicate"
"2024-09-01","2024-09-30","VIC","0-16","Mobile camera",2,2024,"Mobile camera",9,"chosen"
"2024-09-01","2024-09-30","VIC","17-25","Mobile camera",361,2024,"Mobile camera",9,"chosen"
"2024-09-01","2024-09-30","VIC","26-39","Mobile camera",1190,2024,"Mobile camera",9,"chosen"
"2024-09-01","2024-09-30","VIC","40-64","Mobile camera",1741,2024,"Mobile camera",9,"chosen"
"2024-09-01","2024-09-30","VIC","65 and over","Mobile camera",898,2024,"Mobile camera",9,"chosen"
"2024-09-01","2024-09-30","VIC","Unknown","Mobile camera",72,2024,"Mobile camera",9,"chosen"
"2024-09-01","2024-09-30","VIC","0-16","Mobile camera",0,2024,"Mobile camera",9,"duplicate"
"2024-09-01","2024-09-30","VIC","17-25","Mobile camera",1666,2024,"Mobile camera",9,"duplicate"
"2024-09-01","2024-09-30","VIC","26-39","Mobile camera",5120,2024,"Mobile camera",9,"duplicate"
"2024-09-01","2024-09-30","VIC","40-64","Mobile camera",8239,2024,"Mobile camera",9,"duplicate"
"2024-09-01","2024-09-30","VIC","65 and over","Mobile camera",2407,2024,"Mobile camera",9,"duplicate"
"2024-09-01","2024-09-30","VIC","Unknown","Mobile camera",315,2024,"Mobile camera",9,"duplicate"
"2024-09-01","2024-09-30","VIC","0-16","Mobile camera",0,2024,"Mobile camera",9,"duplicate"
"2024-09-01","2024-09-30","VIC","17-25","Mobile camera",65,2024,"Mobile camera",9,"duplicate"
"2024-09-01","2024-09-30","VIC","26-39","Mobile camera",221,2024,"Mobile camera",9,"duplicate"
"2024-09-01","2024-09-30","VIC","40-64","Mobile camera",413,2024,"Mobile camera",9,"duplicate"
"2024-09-01","2024-09-30","VIC","65 and over","Mobile camera",211,2024,"Mobile camera",9,"duplicate"
"2024-09-01","2024-09-30","VIC","Unknown","Mobile camera",27,2024,"Mobile camera",9,"duplicate"
"2024-09-01","2024-09-30","VIC","0-16","Mobile camera",0,2024,"Mobile camera",9,"duplicate"
"2024-09-01","2024-09-30","VIC","17-25","Mobile camera",0,2024,"Mobile camera",9,"duplicate"
"2024-09-01","2024-09-30","VIC","26-39","Mobile camera",1,2024,"Mobile camera",9,"duplicate"
"2024-09-01","2024-09-30","VIC","40-64","Mobile camera",0,2024,"Mobile camera",9,"duplicate"
"2024-09-01","2024-09-30","VIC","65 and over","Mobile camera",0,2024,"Mobile camera",9,"duplicate"
"2024-09-01","2024-09-30","VIC","Unknown","Mobile camera",0,2024,"Mobile camera",9,"duplicate"
"2024-09-01","2024-09-30","VIC","0-16","Mobile camera",0,2024,"Mobile camera",9,"duplicate"
"2024-09-01","2024-09-30","VIC","17-25","Mobile camera",0,2024,"Mobile camera",9,"duplicate"
"2024-09-01","2024-09-30","VIC","26-39","Mobile camera",0,2024,"Mobile camera",9,"duplicate"
"2024-09-01","2024-09-30","VIC","40-64","Mobile camera",0,2024,"Mobile camera",9,"duplicate"
"2024-09-01","2024-09-30","VIC","65 and over","Mobile camera",0,2024,"Mobile camera",9,"duplicate"
"2024-09-01","2024-09-30","VIC","Unknown","Mobile camera",0,2024,"Mobile camera",9,"duplicate"
"2024-09-01","2024-09-30","VIC","0-16","Police issued",2,2024,"Police issued",9,"unique"
"2024-09-01","2024-09-30","VIC","17-25","Police issued",1162,2024,"Police issued",9,"unique"
"2024-09-01","2024-09-30","VIC","26-39","Police issued",2180,2024,"Police issued",9,"unique"
"2024-09-01","2024-09-30","VIC","40-64","Police issued",2528,2024,"Police issued",9,"unique"
"2024-09-01","2024-09-30","VIC","65 and over","Police issued",584,2024,"Police issued",9,"unique"
"2024-09-01","2024-09-30","VIC","Unknown","Police issued",3,2024,"Police issued",9,"unique"
"2024-09-01","2024-09-30","WA","0-16","Fixed camera",2,2024,"Fixed camera",9,"unique"
"2024-09-01","2024-09-30","WA","26-39","Fixed camera",1,2024,"Fixed camera",9,"unique"
"2024-09-01","2024-09-30","WA","40-64","Fixed camera",3,2024,"Fixed camera",9,"unique"
"2024-09-01","2024-09-30","WA","65 and over","Fixed camera",1,2024,"Fixed camera",9,"unique"
"2024-09-01","2024-09-30","WA","0-16","Mobile camera",14,2024,"Mobile camera",9,"unique"
"2024-09-01","2024-09-30","WA","26-39","Mobile camera",2,2024,"Mobile camera",9,"unique"
"2024-09-01","2024-09-30","WA","40-64","Mobile camera",2,2024,"Mobile camera",9,"unique"
"2024-09-01","2024-09-30","WA","0-16","Police issued",2,2024,"Police issued",9,"unique"
"2024-09-01","2024-09-30","WA","17-25","Police issued",1154,2024,"Police issued",9,"unique"
"2024-09-01","2024-09-30","WA","26-39","Police issued",2162,2024,"Police issued",9,"unique"
"2024-09-01","2024-09-30","WA","40-64","Police issued",2570,2024,"Police issued",9,"unique"
"2024-09-01","2024-09-30","WA","65 and over","Police issued",517,2024,"Police issued",9,"unique"
"2024-09-01","2024-09-30","WA","17-25","Unknown",0,2024,"Unknown",9,"unique"
"2024-09-01","2024-09-30","WA","26-39","Unknown",0,2024,"Unknown",9,"unique"
"2024-09-01","2024-09-30","WA","40-64","Unknown",0,2024,"Unknown",9,"unique"
"2024-09-01","2024-09-30","WA","65 and over","Unknown",0,2024,"Unknown",9,"unique"
"2024-10-01","2024-10-31","ACT","0-16","Fixed camera",1,2024,"Fixed camera",10,"unique"
"2024-10-01","2024-10-31","ACT","17-25","Fixed camera",539,2024,"Fixed camera",10,"unique"
"2024-10-01","2024-10-31","ACT","26-39","Fixed camera",1066,2024,"Fixed camera",10,"unique"
"2024-10-01","2024-10-31","ACT","40-64","Fixed camera",1708,2024,"Fixed camera",10,"unique"
"2024-10-01","2024-10-31","ACT","65 and over","Fixed camera",524,2024,"Fixed camera",10,"unique"
"2024-10-01","2024-10-31","ACT","Unknown","Fixed camera",131,2024,"Fixed camera",10,"unique"
"2024-10-01","2024-10-31","ACT","17-25","Mobile camera",158,2024,"Mobile camera",10,"unique"
"2024-10-01","2024-10-31","ACT","26-39","Mobile camera",396,2024,"Mobile camera",10,"unique"
"2024-10-01","2024-10-31","ACT","40-64","Mobile camera",513,2024,"Mobile camera",10,"unique"
"2024-10-01","2024-10-31","ACT","65 and over","Mobile camera",188,2024,"Mobile camera",10,"unique"
"2024-10-01","2024-10-31","ACT","Unknown","Mobile camera",24,2024,"Mobile camera",10,"unique"
"2024-10-01","2024-10-31","ACT","0-16","Police issued",1,2024,"Police issued",10,"unique"
"2024-10-01","2024-10-31","ACT","17-25","Police issued",48,2024,"Police issued",10,"unique"
"2024-10-01","2024-10-31","ACT","26-39","Police issued",79,2024,"Police issued",10,"unique"
"2024-10-01","2024-10-31","ACT","40-64","Police issued",74,2024,"Police issued",10,"unique"
"2024-10-01","2024-10-31","ACT","65 and over","Police issued",13,2024,"Police issued",10,"unique"
"2024-10-01","2024-10-31","NSW","Unknown","Fixed camera",34180,2024,"Fixed camera",10,"unique"
"2024-10-01","2024-10-31","NSW","Unknown","Mobile camera",3161,2024,"Mobile camera",10,"unique"
"2024-10-01","2024-10-31","NSW","0-16","Police issued",8,2024,"Police issued",10,"chosen"
"2024-10-01","2024-10-31","NSW","17-25","Police issued",1762,2024,"Police issued",10,"chosen"
"2024-10-01","2024-10-31","NSW","26-39","Police issued",2586,2024,"Police issued",10,"chosen"
"2024-10-01","2024-10-31","NSW","40-64","Police issued",2793,2024,"Police issued",10,"chosen"
"2024-10-01","2024-10-31","NSW","65 and over","Police issued",688,2024,"Police issued",10,"chosen"
"2024-10-01","2024-10-31","NSW","0-16","Police issued",3,2024,"Police issued",10,"duplicate"
"2024-10-01","2024-10-31","NSW","17-25","Police issued",2047,2024,"Police issued",10,"duplicate"
"2024-10-01","2024-10-31","NSW","26-39","Police issued",2227,2024,"Police issued",10,"duplicate"
"2024-10-01","2024-10-31","NSW","40-64","Police issued",1997,2024,"Police issued",10,"duplicate"
"2024-10-01","2024-10-31","NSW","65 and over","Police issued",301,2024,"Police issued",10,"duplicate"
"2024-10-01","2024-10-31","NSW","17-25","Police issued",400,2024,"Police issued",10,"duplicate"
"2024-10-01","2024-10-31","NSW","26-39","Police issued",582,2024,"Police issued",10,"duplicate"
"2024-10-01","2024-10-31","NSW","40-64","Police issued",706,2024,"Police issued",10,"duplicate"
"2024-10-01","2024-10-31","NSW","65 and over","Police issued",205,2024,"Police issued",10,"duplicate"
"2024-10-01","2024-10-31","NSW","17-25","Police issued",22,2024,"Police issued",10,"duplicate"
"2024-10-01","2024-10-31","NSW","26-39","Police issued",41,2024,"Police issued",10,"duplicate"
"2024-10-01","2024-10-31","NSW","40-64","Police issued",47,2024,"Police issued",10,"duplicate"
"2024-10-01","2024-10-31","NSW","65 and over","Police issued",20,2024,"Police issued",10,"duplicate"
"2024-10-01","2024-10-31","NSW","17-25","Police issued",35,2024,"Police issued",10,"duplicate"
"2024-10-01","2024-10-31","NSW","26-39","Police issued",38,2024,"Police issued",10,"duplicate"
"2024-10-01","2024-10-31","NSW","40-64","Police issued",42,2024,"Police issued",10,"duplicate"
"2024-10-01","2024-10-31","NSW","65 and over","Police issued",14,2024,"Police issued",10,"duplicate"
"2024-10-01","2024-10-31","NSW","26-39","Police issued",2,2024,"Police issued",10,"duplicate"
"2024-10-01","2024-10-31","NSW","40-64","Police issued",1,2024,"Police issued",10,"duplicate"
"2024-10-01","2024-10-31","NSW","Unknown","Red light camera",18227,2024,"Red light camera",10,"unique"
"2024-10-01","2024-10-31","NT","0-16","Fixed camera",2,2024,"Fixed camera",10,"unique"
"2024-10-01","2024-10-31","NT","17-25","Fixed camera",79,2024,"Fixed camera",10,"unique"
"2024-10-01","2024-10-31","NT","26-39","Fixed camera",280,2024,"Fixed camera",10,"unique"
"2024-10-01","2024-10-31","NT","40-64","Fixed camera",395,2024,"Fixed camera",10,"unique"
"2024-10-01","2024-10-31","NT","65 and over","Fixed camera",79,2024,"Fixed camera",10,"unique"
"2024-10-01","2024-10-31","NT","Unknown","Fixed camera",37,2024,"Fixed camera",10,"unique"
"2024-10-01","2024-10-31","NT","0-16","Mobile camera",2,2024,"Mobile camera",10,"unique"
"2024-10-01","2024-10-31","NT","17-25","Mobile camera",367,2024,"Mobile camera",10,"unique"
"2024-10-01","2024-10-31","NT","26-39","Mobile camera",1037,2024,"Mobile camera",10,"unique"
"2024-10-01","2024-10-31","NT","40-64","Mobile camera",1226,2024,"Mobile camera",10,"unique"
"2024-10-01","2024-10-31","NT","65 and over","Mobile camera",236,2024,"Mobile camera",10,"unique"
"2024-10-01","2024-10-31","NT","Unknown","Mobile camera",109,2024,"Mobile camera",10,"unique"
"2024-10-01","2024-10-31","NT","17-25","Other",0,2024,"Other",10,"unique"
"2024-10-01","2024-10-31","NT","26-39","Other",0,2024,"Other",10,"unique"
"2024-10-01","2024-10-31","NT","40-64","Other",0,2024,"Other",10,"unique"
"2024-10-01","2024-10-31","NT","65 and over","Other",0,2024,"Other",10,"unique"
"2024-10-01","2024-10-31","NT","0-16","Police issued",2,2024,"Police issued",10,"unique"
"2024-10-01","2024-10-31","NT","17-25","Police issued",101,2024,"Police issued",10,"unique"
"2024-10-01","2024-10-31","NT","26-39","Police issued",188,2024,"Police issued",10,"unique"
"2024-10-01","2024-10-31","NT","40-64","Police issued",181,2024,"Police issued",10,"unique"
"2024-10-01","2024-10-31","NT","65 and over","Police issued",22,2024,"Police issued",10,"unique"
"2024-10-01","2024-10-31","QLD","0-16","Fixed camera",625,2024,"Fixed camera",10,"unique"
"2024-10-01","2024-10-31","QLD","17-25","Fixed camera",2856,2024,"Fixed camera",10,"unique"
"2024-10-01","2024-10-31","QLD","26-39","Fixed camera",6188,2024,"Fixed camera",10,"unique"
"2024-10-01","2024-10-31","QLD","40-64","Fixed camera",8782,2024,"Fixed camera",10,"unique"
"2024-10-01","2024-10-31","QLD","65 and over","Fixed camera",2547,2024,"Fixed camera",10,"unique"
"2024-10-01","2024-10-31","QLD","Unknown","Fixed camera",100,2024,"Fixed camera",10,"unique"
"2024-10-01","2024-10-31","QLD","0-16","Mobile camera",950,2024,"Mobile camera",10,"unique"
"2024-10-01","2024-10-31","QLD","17-25","Mobile camera",5395,2024,"Mobile camera",10,"unique"
"2024-10-01","2024-10-31","QLD","26-39","Mobile camera",10330,2024,"Mobile camera",10,"unique"
"2024-10-01","2024-10-31","QLD","40-64","Mobile camera",14944,2024,"Mobile camera",10,"unique"
"2024-10-01","2024-10-31","QLD","65 and over","Mobile camera",3941,2024,"Mobile camera",10,"unique"
"2024-10-01","2024-10-31","QLD","Unknown","Mobile camera",92,2024,"Mobile camera",10,"unique"
"2024-10-01","2024-10-31","QLD","0-16","Police issued",7,2024,"Police issued",10,"unique"
"2024-10-01","2024-10-31","QLD","17-25","Police issued",2316,2024,"Police issued",10,"unique"
"2024-10-01","2024-10-31","QLD","26-39","Police issued",3200,2024,"Police issued",10,"unique"
"2024-10-01","2024-10-31","QLD","40-64","Police issued",3706,2024,"Police issued",10,"unique"
"2024-10-01","2024-10-31","QLD","65 and over","Police issued",813,2024,"Police issued",10,"unique"
"2024-10-01","2024-10-31","QLD","Unknown","Police issued",2,2024,"Police issued",10,"unique"
"2024-10-01","2024-10-31","SA","17-25","Fixed camera",40,2024,"Fixed camera",10,"chosen"
"2024-10-01","2024-10-31","SA","26-39","Fixed camera",93,2024,"Fixed camera",10,"chosen"
"2024-10-01","2024-10-31","SA","40-64","Fixed camera",102,2024,"Fixed camera",10,"chosen"
"2024-10-01","2024-10-31","SA","65 and over","Fixed camera",41,2024,"Fixed camera",10,"chosen"
"2024-10-01","2024-10-31","SA","Unknown","Fixed camera",13,2024,"Fixed camera",10,"chosen"
"2024-10-01","2024-10-31","SA","0-16","Fixed camera",1,2024,"Fixed camera",10,"unique"
"2024-10-01","2024-10-31","SA","17-25","Fixed camera",406,2024,"Fixed camera",10,"duplicate"
"2024-10-01","2024-10-31","SA","26-39","Fixed camera",892,2024,"Fixed camera",10,"duplicate"
"2024-10-01","2024-10-31","SA","40-64","Fixed camera",1874,2024,"Fixed camera",10,"duplicate"
"2024-10-01","2024-10-31","SA","65 and over","Fixed camera",826,2024,"Fixed camera",10,"duplicate"
"2024-10-01","2024-10-31","SA","Unknown","Fixed camera",153,2024,"Fixed camera",10,"duplicate"
"2024-10-01","2024-10-31","SA","17-25","Fixed camera",21,2024,"Fixed camera",10,"duplicate"
"2024-10-01","2024-10-31","SA","26-39","Fixed camera",40,2024,"Fixed camera",10,"duplicate"
"2024-10-01","2024-10-31","SA","40-64","Fixed camera",47,2024,"Fixed camera",10,"duplicate"
"2024-10-01","2024-10-31","SA","65 and over","Fixed camera",15,2024,"Fixed camera",10,"duplicate"
"2024-10-01","2024-10-31","SA","Unknown","Fixed camera",5,2024,"Fixed camera",10,"duplicate"
"2024-10-01","2024-10-31","SA","17-25","Mobile camera",138,2024,"Mobile camera",10,"chosen"
"2024-10-01","2024-10-31","SA","26-39","Mobile camera",451,2024,"Mobile camera",10,"chosen"
"2024-10-01","2024-10-31","SA","40-64","Mobile camera",929,2024,"Mobile camera",10,"chosen"
"2024-10-01","2024-10-31","SA","65 and over","Mobile camera",458,2024,"Mobile camera",10,"chosen"
"2024-10-01","2024-10-31","SA","Unknown","Mobile camera",49,2024,"Mobile camera",10,"chosen"
"2024-10-01","2024-10-31","SA","0-16","Mobile camera",3,2024,"Mobile camera",10,"unique"
"2024-10-01","2024-10-31","SA","17-25","Mobile camera",472,2024,"Mobile camera",10,"duplicate"
"2024-10-01","2024-10-31","SA","26-39","Mobile camera",1233,2024,"Mobile camera",10,"duplicate"
"2024-10-01","2024-10-31","SA","40-64","Mobile camera",2056,2024,"Mobile camera",10,"duplicate"
"2024-10-01","2024-10-31","SA","65 and over","Mobile camera",646,2024,"Mobile camera",10,"duplicate"
"2024-10-01","2024-10-31","SA","Unknown","Mobile camera",128,2024,"Mobile camera",10,"duplicate"
"2024-10-01","2024-10-31","SA","17-25","Mobile camera",43,2024,"Mobile camera",10,"duplicate"
"2024-10-01","2024-10-31","SA","26-39","Mobile camera",148,2024,"Mobile camera",10,"duplicate"
"2024-10-01","2024-10-31","SA","40-64","Mobile camera",296,2024,"Mobile camera",10,"duplicate"
"2024-10-01","2024-10-31","SA","65 and over","Mobile camera",159,2024,"Mobile camera",10,"duplicate"
"2024-10-01","2024-10-31","SA","Unknown","Mobile camera",14,2024,"Mobile camera",10,"duplicate"
"2024-10-01","2024-10-31","SA","26-39","Mobile camera",5,2024,"Mobile camera",10,"duplicate"
"2024-10-01","2024-10-31","SA","40-64","Mobile camera",11,2024,"Mobile camera",10,"duplicate"
"2024-10-01","2024-10-31","SA","65 and over","Mobile camera",3,2024,"Mobile camera",10,"duplicate"
"2024-10-01","2024-10-31","SA","Unknown","Mobile camera",1,2024,"Mobile camera",10,"duplicate"
"2024-10-01","2024-10-31","SA","0-16","Police issued",1,2024,"Police issued",10,"chosen"
"2024-10-01","2024-10-31","SA","17-25","Police issued",204,2024,"Police issued",10,"chosen"
"2024-10-01","2024-10-31","SA","26-39","Police issued",363,2024,"Police issued",10,"chosen"
"2024-10-01","2024-10-31","SA","40-64","Police issued",518,2024,"Police issued",10,"chosen"
"2024-10-01","2024-10-31","SA","65 and over","Police issued",161,2024,"Police issued",10,"chosen"
"2024-10-01","2024-10-31","SA","Unknown","Police issued",7,2024,"Police issued",10,"chosen"
"2024-10-01","2024-10-31","SA","0-16","Police issued",0,2024,"Police issued",10,"duplicate"
"2024-10-01","2024-10-31","SA","17-25","Police issued",337,2024,"Police issued",10,"duplicate"
"2024-10-01","2024-10-31","SA","26-39","Police issued",508,2024,"Police issued",10,"duplicate"
"2024-10-01","2024-10-31","SA","40-64","Police issued",529,2024,"Police issued",10,"duplicate"
"2024-10-01","2024-10-31","SA","65 and over","Police issued",129,2024,"Police issued",10,"duplicate"
"2024-10-01","2024-10-31","SA","Unknown","Police issued",13,2024,"Police issued",10,"duplicate"
"2024-10-01","2024-10-31","SA","0-16","Police issued",0,2024,"Police issued",10,"duplicate"
"2024-10-01","2024-10-31","SA","17-25","Police issued",193,2024,"Police issued",10,"duplicate"
"2024-10-01","2024-10-31","SA","26-39","Police issued",379,2024,"Police issued",10,"duplicate"
"2024-10-01","2024-10-31","SA","40-64","Police issued",508,2024,"Police issued",10,"duplicate"
"2024-10-01","2024-10-31","SA","65 and over","Police issued",155,2024,"Police issued",10,"duplicate"
"2024-10-01","2024-10-31","SA","Unknown","Police issued",1,2024,"Police issued",10,"duplicate"
"2024-10-01","2024-10-31","SA","17-25","Police issued",39,2024,"Police issued",10,"duplicate"
"2024-10-01","2024-10-31","SA","26-39","Police issued",66,2024,"Police issued",10,"duplicate"
"2024-10-01","2024-10-31","SA","40-64","Police issued",99,2024,"Police issued",10,"duplicate"
"2024-10-01","2024-10-31","SA","65 and over","Police issued",24,2024,"Police issued",10,"duplicate"
"2024-10-01","2024-10-31","SA","17-25","Police issued",27,2024,"Police issued",10,"duplicate"
"2024-10-01","2024-10-31","SA","26-39","Police issued",42,2024,"Police issued",10,"duplicate"
"2024-10-01","2024-10-31","SA","40-64","Police issued",43,2024,"Police issued",10,"duplicate"
"2024-10-01","2024-10-31","SA","65 and over","Police issued",6,2024,"Police issued",10,"duplicate"
"2024-10-01","2024-10-31","SA","17-25","Police issued",23,2024,"Police issued",10,"duplicate"
"2024-10-01","2024-10-31","SA","26-39","Police issued",52,2024,"Police issued",10,"duplicate"
"2024-10-01","2024-10-31","SA","40-64","Police issued",78,2024,"Police issued",10,"duplicate"
"2024-10-01","2024-10-31","SA","65 and over","Police issued",20,2024,"Police issued",10,"duplicate"
"2024-10-01","2024-10-31","TAS","0-16","Fixed or mobile camera",1,2024,"Camera (fixed/mobile)",10,"unique"
"2024-10-01","2024-10-31","TAS","17-25","Fixed or mobile camera",466,2024,"Camera (fixed/mobile)",10,"unique"
"2024-10-01","2024-10-31","TAS","26-39","Fixed or mobile camera",1265,2024,"Camera (fixed/mobile)",10,"unique"
"2024-10-01","2024-10-31","TAS","40-64","Fixed or mobile camera",1824,2024,"Camera (fixed/mobile)",10,"unique"
"2024-10-01","2024-10-31","TAS","65 and over","Fixed or mobile camera",699,2024,"Camera (fixed/mobile)",10,"unique"
"2024-10-01","2024-10-31","TAS","Unknown","Fixed or mobile camera",1,2024,"Camera (fixed/mobile)",10,"unique"
"2024-10-01","2024-10-31","TAS","17-25","Police issued",477,2024,"Police issued",10,"unique"
"2024-10-01","2024-10-31","TAS","26-39","Police issued",780,2024,"Police issued",10,"unique"
"2024-10-01","2024-10-31","TAS","40-64","Police issued",794,2024,"Police issued",10,"unique"
"2024-10-01","2024-10-31","TAS","65 and over","Police issued",262,2024,"Police issued",10,"unique"
"2024-10-01","2024-10-31","VIC","0-16","Fixed camera",0,2024,"Fixed camera",10,"chosen"
"2024-10-01","2024-10-31","VIC","17-25","Fixed camera",7,2024,"Fixed camera",10,"chosen"
"2024-10-01","2024-10-31","VIC","26-39","Fixed camera",4,2024,"Fixed camera",10,"chosen"
"2024-10-01","2024-10-31","VIC","40-64","Fixed camera",11,2024,"Fixed camera",10,"chosen"
"2024-10-01","2024-10-31","VIC","65 and over","Fixed camera",0,2024,"Fixed camera",10,"chosen"
"2024-10-01","2024-10-31","VIC","Unknown","Fixed camera",1,2024,"Fixed camera",10,"chosen"
"2024-10-01","2024-10-31","VIC","0-16","Fixed camera",0,2024,"Fixed camera",10,"duplicate"
"2024-10-01","2024-10-31","VIC","17-25","Fixed camera",110,2024,"Fixed camera",10,"duplicate"
"2024-10-01","2024-10-31","VIC","26-39","Fixed camera",190,2024,"Fixed camera",10,"duplicate"
"2024-10-01","2024-10-31","VIC","40-64","Fixed camera",194,2024,"Fixed camera",10,"duplicate"
"2024-10-01","2024-10-31","VIC","65 and over","Fixed camera",39,2024,"Fixed camera",10,"duplicate"
"2024-10-01","2024-10-31","VIC","Unknown","Fixed camera",24,2024,"Fixed camera",10,"duplicate"
"2024-10-01","2024-10-31","VIC","0-16","Fixed camera",0,2024,"Fixed camera",10,"duplicate"
"2024-10-01","2024-10-31","VIC","17-25","Fixed camera",0,2024,"Fixed camera",10,"duplicate"
"2024-10-01","2024-10-31","VIC","26-39","Fixed camera",0,2024,"Fixed camera",10,"duplicate"
"2024-10-01","2024-10-31","VIC","40-64","Fixed camera",0,2024,"Fixed camera",10,"duplicate"
"2024-10-01","2024-10-31","VIC","65 and over","Fixed camera",0,2024,"Fixed camera",10,"duplicate"
"2024-10-01","2024-10-31","VIC","Unknown","Fixed camera",0,2024,"Fixed camera",10,"duplicate"
"2024-10-01","2024-10-31","VIC","0-16","Fixed camera",0,2024,"Fixed camera",10,"duplicate"
"2024-10-01","2024-10-31","VIC","17-25","Fixed camera",0,2024,"Fixed camera",10,"duplicate"
"2024-10-01","2024-10-31","VIC","26-39","Fixed camera",0,2024,"Fixed camera",10,"duplicate"
"2024-10-01","2024-10-31","VIC","40-64","Fixed camera",0,2024,"Fixed camera",10,"duplicate"
"2024-10-01","2024-10-31","VIC","65 and over","Fixed camera",0,2024,"Fixed camera",10,"duplicate"
"2024-10-01","2024-10-31","VIC","Unknown","Fixed camera",0,2024,"Fixed camera",10,"duplicate"
"2024-10-01","2024-10-31","VIC","0-16","Fixed camera",0,2024,"Fixed camera",10,"duplicate"
"2024-10-01","2024-10-31","VIC","17-25","Fixed camera",23,2024,"Fixed camera",10,"duplicate"
"2024-10-01","2024-10-31","VIC","26-39","Fixed camera",26,2024,"Fixed camera",10,"duplicate"
"2024-10-01","2024-10-31","VIC","40-64","Fixed camera",22,2024,"Fixed camera",10,"duplicate"
"2024-10-01","2024-10-31","VIC","65 and over","Fixed camera",9,2024,"Fixed camera",10,"duplicate"
"2024-10-01","2024-10-31","VIC","Unknown","Fixed camera",0,2024,"Fixed camera",10,"duplicate"
"2024-10-01","2024-10-31","VIC","0-16","Mobile camera",0,2024,"Mobile camera",10,"chosen"
"2024-10-01","2024-10-31","VIC","17-25","Mobile camera",17,2024,"Mobile camera",10,"chosen"
"2024-10-01","2024-10-31","VIC","26-39","Mobile camera",23,2024,"Mobile camera",10,"chosen"
"2024-10-01","2024-10-31","VIC","40-64","Mobile camera",21,2024,"Mobile camera",10,"chosen"
"2024-10-01","2024-10-31","VIC","65 and over","Mobile camera",8,2024,"Mobile camera",10,"chosen"
"2024-10-01","2024-10-31","VIC","Unknown","Mobile camera",3,2024,"Mobile camera",10,"chosen"
"2024-10-01","2024-10-31","VIC","0-16","Mobile camera",0,2024,"Mobile camera",10,"duplicate"
"2024-10-01","2024-10-31","VIC","17-25","Mobile camera",60,2024,"Mobile camera",10,"duplicate"
"2024-10-01","2024-10-31","VIC","26-39","Mobile camera",98,2024,"Mobile camera",10,"duplicate"
"2024-10-01","2024-10-31","VIC","40-64","Mobile camera",99,2024,"Mobile camera",10,"duplicate"
"2024-10-01","2024-10-31","VIC","65 and over","Mobile camera",30,2024,"Mobile camera",10,"duplicate"
"2024-10-01","2024-10-31","VIC","Unknown","Mobile camera",13,2024,"Mobile camera",10,"duplicate"
"2024-10-01","2024-10-31","VIC","0-16","Mobile camera",0,2024,"Mobile camera",10,"duplicate"
"2024-10-01","2024-10-31","VIC","17-25","Mobile camera",1,2024,"Mobile camera",10,"duplicate"
"2024-10-01","2024-10-31","VIC","26-39","Mobile camera",6,2024,"Mobile camera",10,"duplicate"
"2024-10-01","2024-10-31","VIC","40-64","Mobile camera",4,2024,"Mobile camera",10,"duplicate"
"2024-10-01","2024-10-31","VIC","65 and over","Mobile camera",2,2024,"Mobile camera",10,"duplicate"
"2024-10-01","2024-10-31","VIC","Unknown","Mobile camera",1,2024,"Mobile camera",10,"duplicate"
"2024-10-01","2024-10-31","VIC","0-16","Mobile camera",0,2024,"Mobile camera",10,"duplicate"
"2024-10-01","2024-10-31","VIC","17-25","Mobile camera",0,2024,"Mobile camera",10,"duplicate"
"2024-10-01","2024-10-31","VIC","26-39","Mobile camera",0,2024,"Mobile camera",10,"duplicate"
"2024-10-01","2024-10-31","VIC","40-64","Mobile camera",0,2024,"Mobile camera",10,"duplicate"
"2024-10-01","2024-10-31","VIC","65 and over","Mobile camera",0,2024,"Mobile camera",10,"duplicate"
"2024-10-01","2024-10-31","VIC","Unknown","Mobile camera",0,2024,"Mobile camera",10,"duplicate"
"2024-10-01","2024-10-31","VIC","0-16","Mobile camera",0,2024,"Mobile camera",10,"duplicate"
"2024-10-01","2024-10-31","VIC","17-25","Mobile camera",0,2024,"Mobile camera",10,"duplicate"
"2024-10-01","2024-10-31","VIC","26-39","Mobile camera",0,2024,"Mobile camera",10,"duplicate"
"2024-10-01","2024-10-31","VIC","40-64","Mobile camera",0,2024,"Mobile camera",10,"duplicate"
"2024-10-01","2024-10-31","VIC","65 and over","Mobile camera",0,2024,"Mobile camera",10,"duplicate"
"2024-10-01","2024-10-31","VIC","Unknown","Mobile camera",0,2024,"Mobile camera",10,"duplicate"
"2024-10-01","2024-10-31","VIC","17-25","Police issued",408,2024,"Police issued",10,"unique"
"2024-10-01","2024-10-31","VIC","26-39","Police issued",503,2024,"Police issued",10,"unique"
"2024-10-01","2024-10-31","VIC","40-64","Police issued",512,2024,"Police issued",10,"unique"
"2024-10-01","2024-10-31","VIC","65 and over","Police issued",88,2024,"Police issued",10,"unique"
"2024-10-01","2024-10-31","VIC","Unknown","Police issued",1,2024,"Police issued",10,"unique"
"2024-10-01","2024-10-31","WA","17-25","Police issued",495,2024,"Police issued",10,"unique"
"2024-10-01","2024-10-31","WA","26-39","Police issued",828,2024,"Police issued",10,"unique"
"2024-10-01","2024-10-31","WA","40-64","Police issued",1016,2024,"Police issued",10,"unique"
"2024-10-01","2024-10-31","WA","65 and over","Police issued",186,2024,"Police issued",10,"unique"
"2024-10-01","2024-10-31","WA","0-16","Unknown",0,2024,"Unknown",10,"unique"
"2024-10-01","2024-10-31","WA","17-25","Unknown",0,2024,"Unknown",10,"unique"
"2024-10-01","2024-10-31","WA","26-39","Unknown",0,2024,"Unknown",10,"unique"
"2024-10-01","2024-10-31","WA","40-64","Unknown",0,2024,"Unknown",10,"unique"
"2024-10-01","2024-10-31","WA","65 and over","Unknown",0,2024,"Unknown",10,"unique"
"2024-11-01","2024-11-30","ACT","0-16","Fixed camera",1,2024,"Fixed camera",11,"unique"
"2024-11-01","2024-11-30","ACT","17-25","Fixed camera",531,2024,"Fixed camera",11,"unique"
"2024-11-01","2024-11-30","ACT","26-39","Fixed camera",1066,2024,"Fixed camera",11,"unique"
"2024-11-01","2024-11-30","ACT","40-64","Fixed camera",1727,2024,"Fixed camera",11,"unique"
"2024-11-01","2024-11-30","ACT","65 and over","Fixed camera",488,2024,"Fixed camera",11,"unique"
"2024-11-01","2024-11-30","ACT","Unknown","Fixed camera",119,2024,"Fixed camera",11,"unique"
"2024-11-01","2024-11-30","ACT","17-25","Mobile camera",186,2024,"Mobile camera",11,"unique"
"2024-11-01","2024-11-30","ACT","26-39","Mobile camera",458,2024,"Mobile camera",11,"unique"
"2024-11-01","2024-11-30","ACT","40-64","Mobile camera",664,2024,"Mobile camera",11,"unique"
"2024-11-01","2024-11-30","ACT","65 and over","Mobile camera",224,2024,"Mobile camera",11,"unique"
"2024-11-01","2024-11-30","ACT","Unknown","Mobile camera",39,2024,"Mobile camera",11,"unique"
"2024-11-01","2024-11-30","ACT","17-25","Police issued",142,2024,"Police issued",11,"unique"
"2024-11-01","2024-11-30","ACT","26-39","Police issued",226,2024,"Police issued",11,"unique"
"2024-11-01","2024-11-30","ACT","40-64","Police issued",168,2024,"Police issued",11,"unique"
"2024-11-01","2024-11-30","ACT","65 and over","Police issued",14,2024,"Police issued",11,"unique"
"2024-11-01","2024-11-30","NSW","Unknown","Fixed camera",42822,2024,"Fixed camera",11,"unique"
"2024-11-01","2024-11-30","NSW","Unknown","Mobile camera",3179,2024,"Mobile camera",11,"unique"
"2024-11-01","2024-11-30","NSW","0-16","Police issued",3,2024,"Police issued",11,"chosen"
"2024-11-01","2024-11-30","NSW","17-25","Police issued",1405,2024,"Police issued",11,"chosen"
"2024-11-01","2024-11-30","NSW","26-39","Police issued",1992,2024,"Police issued",11,"chosen"
"2024-11-01","2024-11-30","NSW","40-64","Police issued",2136,2024,"Police issued",11,"chosen"
"2024-11-01","2024-11-30","NSW","65 and over","Police issued",520,2024,"Police issued",11,"chosen"
"2024-11-01","2024-11-30","NSW","0-16","Police issued",2,2024,"Police issued",11,"duplicate"
"2024-11-01","2024-11-30","NSW","17-25","Police issued",1683,2024,"Police issued",11,"duplicate"
"2024-11-01","2024-11-30","NSW","26-39","Police issued",1851,2024,"Police issued",11,"duplicate"
"2024-11-01","2024-11-30","NSW","40-64","Police issued",1602,2024,"Police issued",11,"duplicate"
"2024-11-01","2024-11-30","NSW","65 and over","Police issued",237,2024,"Police issued",11,"duplicate"
"2024-11-01","2024-11-30","NSW","0-16","Police issued",2,2024,"Police issued",11,"duplicate"
"2024-11-01","2024-11-30","NSW","17-25","Police issued",338,2024,"Police issued",11,"duplicate"
"2024-11-01","2024-11-30","NSW","26-39","Police issued",545,2024,"Police issued",11,"duplicate"
"2024-11-01","2024-11-30","NSW","40-64","Police issued",633,2024,"Police issued",11,"duplicate"
"2024-11-01","2024-11-30","NSW","65 and over","Police issued",163,2024,"Police issued",11,"duplicate"
"2024-11-01","2024-11-30","NSW","17-25","Police issued",28,2024,"Police issued",11,"duplicate"
"2024-11-01","2024-11-30","NSW","26-39","Police issued",32,2024,"Police issued",11,"duplicate"
"2024-11-01","2024-11-30","NSW","40-64","Police issued",47,2024,"Police issued",11,"duplicate"
"2024-11-01","2024-11-30","NSW","65 and over","Police issued",8,2024,"Police issued",11,"duplicate"
"2024-11-01","2024-11-30","NSW","17-25","Police issued",120,2024,"Police issued",11,"duplicate"
"2024-11-01","2024-11-30","NSW","26-39","Police issued",142,2024,"Police issued",11,"duplicate"
"2024-11-01","2024-11-30","NSW","40-64","Police issued",155,2024,"Police issued",11,"duplicate"
"2024-11-01","2024-11-30","NSW","65 and over","Police issued",24,2024,"Police issued",11,"duplicate"
"2024-11-01","2024-11-30","NSW","17-25","Police issued",3,2024,"Police issued",11,"duplicate"
"2024-11-01","2024-11-30","NSW","26-39","Police issued",5,2024,"Police issued",11,"duplicate"
"2024-11-01","2024-11-30","NSW","40-64","Police issued",5,2024,"Police issued",11,"duplicate"
"2024-11-01","2024-11-30","NSW","65 and over","Police issued",4,2024,"Police issued",11,"duplicate"
"2024-11-01","2024-11-30","NSW","Unknown","Red light camera",20267,2024,"Red light camera",11,"unique"
"2024-11-01","2024-11-30","NT","17-25","Fixed camera",83,2024,"Fixed camera",11,"unique"
"2024-11-01","2024-11-30","NT","26-39","Fixed camera",186,2024,"Fixed camera",11,"unique"
"2024-11-01","2024-11-30","NT","40-64","Fixed camera",337,2024,"Fixed camera",11,"unique"
"2024-11-01","2024-11-30","NT","65 and over","Fixed camera",66,2024,"Fixed camera",11,"unique"
"2024-11-01","2024-11-30","NT","Unknown","Fixed camera",39,2024,"Fixed camera",11,"unique"
"2024-11-01","2024-11-30","NT","0-16","Mobile camera",1,2024,"Mobile camera",11,"unique"
"2024-11-01","2024-11-30","NT","17-25","Mobile camera",271,2024,"Mobile camera",11,"unique"
"2024-11-01","2024-11-30","NT","26-39","Mobile camera",847,2024,"Mobile camera",11,"unique"
"2024-11-01","2024-11-30","NT","40-64","Mobile camera",906,2024,"Mobile camera",11,"unique"
"2024-11-01","2024-11-30","NT","65 and over","Mobile camera",165,2024,"Mobile camera",11,"unique"
"2024-11-01","2024-11-30","NT","Unknown","Mobile camera",102,2024,"Mobile camera",11,"unique"
"2024-11-01","2024-11-30","NT","0-16","Other",0,2024,"Other",11,"unique"
"2024-11-01","2024-11-30","NT","17-25","Other",0,2024,"Other",11,"unique"
"2024-11-01","2024-11-30","NT","26-39","Other",0,2024,"Other",11,"unique"
"2024-11-01","2024-11-30","NT","40-64","Other",0,2024,"Other",11,"unique"
"2024-11-01","2024-11-30","NT","65 and over","Other",0,2024,"Other",11,"unique"
"2024-11-01","2024-11-30","NT","17-25","Police issued",66,2024,"Police issued",11,"unique"
"2024-11-01","2024-11-30","NT","26-39","Police issued",136,2024,"Police issued",11,"unique"
"2024-11-01","2024-11-30","NT","40-64","Police issued",153,2024,"Police issued",11,"unique"
"2024-11-01","2024-11-30","NT","65 and over","Police issued",20,2024,"Police issued",11,"unique"
"2024-11-01","2024-11-30","QLD","0-16","Fixed camera",840,2024,"Fixed camera",11,"unique"
"2024-11-01","2024-11-30","QLD","17-25","Fixed camera",3092,2024,"Fixed camera",11,"unique"
"2024-11-01","2024-11-30","QLD","26-39","Fixed camera",6329,2024,"Fixed camera",11,"unique"
"2024-11-01","2024-11-30","QLD","40-64","Fixed camera",8775,2024,"Fixed camera",11,"unique"
"2024-11-01","2024-11-30","QLD","65 and over","Fixed camera",2336,2024,"Fixed camera",11,"unique"
"2024-11-01","2024-11-30","QLD","Unknown","Fixed camera",99,2024,"Fixed camera",11,"unique"
"2024-11-01","2024-11-30","QLD","0-16","Mobile camera",930,2024,"Mobile camera",11,"unique"
"2024-11-01","2024-11-30","QLD","17-25","Mobile camera",5066,2024,"Mobile camera",11,"unique"
"2024-11-01","2024-11-30","QLD","26-39","Mobile camera",9612,2024,"Mobile camera",11,"unique"
"2024-11-01","2024-11-30","QLD","40-64","Mobile camera",13949,2024,"Mobile camera",11,"unique"
"2024-11-01","2024-11-30","QLD","65 and over","Mobile camera",3666,2024,"Mobile camera",11,"unique"
"2024-11-01","2024-11-30","QLD","Unknown","Mobile camera",97,2024,"Mobile camera",11,"unique"
"2024-11-01","2024-11-30","QLD","0-16","Police issued",7,2024,"Police issued",11,"unique"
"2024-11-01","2024-11-30","QLD","17-25","Police issued",2385,2024,"Police issued",11,"unique"
"2024-11-01","2024-11-30","QLD","26-39","Police issued",3339,2024,"Police issued",11,"unique"
"2024-11-01","2024-11-30","QLD","40-64","Police issued",3752,2024,"Police issued",11,"unique"
"2024-11-01","2024-11-30","QLD","65 and over","Police issued",776,2024,"Police issued",11,"unique"
"2024-11-01","2024-11-30","QLD","Unknown","Police issued",2,2024,"Police issued",11,"unique"
"2024-11-01","2024-11-30","SA","17-25","Fixed camera",44,2024,"Fixed camera",11,"chosen"
"2024-11-01","2024-11-30","SA","26-39","Fixed camera",111,2024,"Fixed camera",11,"chosen"
"2024-11-01","2024-11-30","SA","40-64","Fixed camera",101,2024,"Fixed camera",11,"chosen"
"2024-11-01","2024-11-30","SA","65 and over","Fixed camera",35,2024,"Fixed camera",11,"chosen"
"2024-11-01","2024-11-30","SA","Unknown","Fixed camera",11,2024,"Fixed camera",11,"chosen"
"2024-11-01","2024-11-30","SA","0-16","Fixed camera",1,2024,"Fixed camera",11,"unique"
"2024-11-01","2024-11-30","SA","17-25","Fixed camera",377,2024,"Fixed camera",11,"duplicate"
"2024-11-01","2024-11-30","SA","26-39","Fixed camera",843,2024,"Fixed camera",11,"duplicate"
"2024-11-01","2024-11-30","SA","40-64","Fixed camera",1700,2024,"Fixed camera",11,"duplicate"
"2024-11-01","2024-11-30","SA","65 and over","Fixed camera",703,2024,"Fixed camera",11,"duplicate"
"2024-11-01","2024-11-30","SA","Unknown","Fixed camera",154,2024,"Fixed camera",11,"duplicate"
"2024-11-01","2024-11-30","SA","17-25","Fixed camera",29,2024,"Fixed camera",11,"duplicate"
"2024-11-01","2024-11-30","SA","26-39","Fixed camera",33,2024,"Fixed camera",11,"duplicate"
"2024-11-01","2024-11-30","SA","40-64","Fixed camera",56,2024,"Fixed camera",11,"duplicate"
"2024-11-01","2024-11-30","SA","65 and over","Fixed camera",15,2024,"Fixed camera",11,"duplicate"
"2024-11-01","2024-11-30","SA","Unknown","Fixed camera",11,2024,"Fixed camera",11,"duplicate"
"2024-11-01","2024-11-30","SA","17-25","Mobile camera",158,2024,"Mobile camera",11,"chosen"
"2024-11-01","2024-11-30","SA","26-39","Mobile camera",414,2024,"Mobile camera",11,"chosen"
"2024-11-01","2024-11-30","SA","40-64","Mobile camera",825,2024,"Mobile camera",11,"chosen"
"2024-11-01","2024-11-30","SA","65 and over","Mobile camera",374,2024,"Mobile camera",11,"chosen"
"2024-11-01","2024-11-30","SA","Unknown","Mobile camera",51,2024,"Mobile camera",11,"chosen"
"2024-11-01","2024-11-30","SA","0-16","Mobile camera",2,2024,"Mobile camera",11,"unique"
"2024-11-01","2024-11-30","SA","17-25","Mobile camera",524,2024,"Mobile camera",11,"duplicate"
"2024-11-01","2024-11-30","SA","26-39","Mobile camera",1371,2024,"Mobile camera",11,"duplicate"
"2024-11-01","2024-11-30","SA","40-64","Mobile camera",2330,2024,"Mobile camera",11,"duplicate"
"2024-11-01","2024-11-30","SA","65 and over","Mobile camera",756,2024,"Mobile camera",11,"duplicate"
"2024-11-01","2024-11-30","SA","Unknown","Mobile camera",148,2024,"Mobile camera",11,"duplicate"
"2024-11-01","2024-11-30","SA","17-25","Mobile camera",33,2024,"Mobile camera",11,"duplicate"
"2024-11-01","2024-11-30","SA","26-39","Mobile camera",103,2024,"Mobile camera",11,"duplicate"
"2024-11-01","2024-11-30","SA","40-64","Mobile camera",184,2024,"Mobile camera",11,"duplicate"
"2024-11-01","2024-11-30","SA","65 and over","Mobile camera",74,2024,"Mobile camera",11,"duplicate"
"2024-11-01","2024-11-30","SA","Unknown","Mobile camera",4,2024,"Mobile camera",11,"duplicate"
"2024-11-01","2024-11-30","SA","26-39","Mobile camera",7,2024,"Mobile camera",11,"duplicate"
"2024-11-01","2024-11-30","SA","40-64","Mobile camera",21,2024,"Mobile camera",11,"duplicate"
"2024-11-01","2024-11-30","SA","65 and over","Mobile camera",7,2024,"Mobile camera",11,"duplicate"
"2024-11-01","2024-11-30","SA","Unknown","Mobile camera",2,2024,"Mobile camera",11,"duplicate"
"2024-11-01","2024-11-30","SA","0-16","Police issued",1,2024,"Police issued",11,"chosen"
"2024-11-01","2024-11-30","SA","17-25","Police issued",217,2024,"Police issued",11,"chosen"
"2024-11-01","2024-11-30","SA","26-39","Police issued",374,2024,"Police issued",11,"chosen"
"2024-11-01","2024-11-30","SA","40-64","Police issued",496,2024,"Police issued",11,"chosen"
"2024-11-01","2024-11-30","SA","65 and over","Police issued",179,2024,"Police issued",11,"chosen"
"2024-11-01","2024-11-30","SA","Unknown","Police issued",5,2024,"Police issued",11,"chosen"
"2024-11-01","2024-11-30","SA","17-25","Police issued",262,2024,"Police issued",11,"duplicate"
"2024-11-01","2024-11-30","SA","26-39","Police issued",398,2024,"Police issued",11,"duplicate"
"2024-11-01","2024-11-30","SA","40-64","Police issued",386,2024,"Police issued",11,"duplicate"
"2024-11-01","2024-11-30","SA","65 and over","Police issued",110,2024,"Police issued",11,"duplicate"
"2024-11-01","2024-11-30","SA","Unknown","Police issued",1,2024,"Police issued",11,"duplicate"
"2024-11-01","2024-11-30","SA","0-16","Police issued",2,2024,"Police issued",11,"duplicate"
"2024-11-01","2024-11-30","SA","17-25","Police issued",189,2024,"Police issued",11,"duplicate"
"2024-11-01","2024-11-30","SA","26-39","Police issued",358,2024,"Police issued",11,"duplicate"
"2024-11-01","2024-11-30","SA","40-64","Police issued",463,2024,"Police issued",11,"duplicate"
"2024-11-01","2024-11-30","SA","65 and over","Police issued",127,2024,"Police issued",11,"duplicate"
"2024-11-01","2024-11-30","SA","Unknown","Police issued",1,2024,"Police issued",11,"duplicate"
"2024-11-01","2024-11-30","SA","17-25","Police issued",32,2024,"Police issued",11,"duplicate"
"2024-11-01","2024-11-30","SA","26-39","Police issued",58,2024,"Police issued",11,"duplicate"
"2024-11-01","2024-11-30","SA","40-64","Police issued",75,2024,"Police issued",11,"duplicate"
"2024-11-01","2024-11-30","SA","65 and over","Police issued",21,2024,"Police issued",11,"duplicate"
"2024-11-01","2024-11-30","SA","Unknown","Police issued",1,2024,"Police issued",11,"duplicate"
"2024-11-01","2024-11-30","SA","17-25","Police issued",14,2024,"Police issued",11,"duplicate"
"2024-11-01","2024-11-30","SA","26-39","Police issued",29,2024,"Police issued",11,"duplicate"
"2024-11-01","2024-11-30","SA","40-64","Police issued",36,2024,"Police issued",11,"duplicate"
"2024-11-01","2024-11-30","SA","65 and over","Police issued",11,2024,"Police issued",11,"duplicate"
"2024-11-01","2024-11-30","SA","0-16","Police issued",0,2024,"Police issued",11,"duplicate"
"2024-11-01","2024-11-30","SA","17-25","Police issued",15,2024,"Police issued",11,"duplicate"
"2024-11-01","2024-11-30","SA","26-39","Police issued",41,2024,"Police issued",11,"duplicate"
"2024-11-01","2024-11-30","SA","40-64","Police issued",42,2024,"Police issued",11,"duplicate"
"2024-11-01","2024-11-30","SA","65 and over","Police issued",9,2024,"Police issued",11,"duplicate"
"2024-11-01","2024-11-30","TAS","17-25","Fixed or mobile camera",619,2024,"Camera (fixed/mobile)",11,"unique"
"2024-11-01","2024-11-30","TAS","26-39","Fixed or mobile camera",1611,2024,"Camera (fixed/mobile)",11,"unique"
"2024-11-01","2024-11-30","TAS","40-64","Fixed or mobile camera",2311,2024,"Camera (fixed/mobile)",11,"unique"
"2024-11-01","2024-11-30","TAS","65 and over","Fixed or mobile camera",975,2024,"Camera (fixed/mobile)",11,"unique"
"2024-11-01","2024-11-30","TAS","Unknown","Fixed or mobile camera",3,2024,"Camera (fixed/mobile)",11,"unique"
"2024-11-01","2024-11-30","TAS","0-16","Police issued",0,2024,"Police issued",11,"unique"
"2024-11-01","2024-11-30","TAS","17-25","Police issued",401,2024,"Police issued",11,"unique"
"2024-11-01","2024-11-30","TAS","26-39","Police issued",607,2024,"Police issued",11,"unique"
"2024-11-01","2024-11-30","TAS","40-64","Police issued",668,2024,"Police issued",11,"unique"
"2024-11-01","2024-11-30","TAS","65 and over","Police issued",220,2024,"Police issued",11,"unique"
"2024-11-01","2024-11-30","VIC","0-16","Fixed camera",0,2024,"Fixed camera",11,"chosen"
"2024-11-01","2024-11-30","VIC","17-25","Fixed camera",8,2024,"Fixed camera",11,"chosen"
"2024-11-01","2024-11-30","VIC","26-39","Fixed camera",4,2024,"Fixed camera",11,"chosen"
"2024-11-01","2024-11-30","VIC","40-64","Fixed camera",9,2024,"Fixed camera",11,"chosen"
"2024-11-01","2024-11-30","VIC","65 and over","Fixed camera",5,2024,"Fixed camera",11,"chosen"
"2024-11-01","2024-11-30","VIC","Unknown","Fixed camera",0,2024,"Fixed camera",11,"chosen"
"2024-11-01","2024-11-30","VIC","0-16","Fixed camera",0,2024,"Fixed camera",11,"duplicate"
"2024-11-01","2024-11-30","VIC","17-25","Fixed camera",98,2024,"Fixed camera",11,"duplicate"
"2024-11-01","2024-11-30","VIC","26-39","Fixed camera",120,2024,"Fixed camera",11,"duplicate"
"2024-11-01","2024-11-30","VIC","40-64","Fixed camera",174,2024,"Fixed camera",11,"duplicate"
"2024-11-01","2024-11-30","VIC","65 and over","Fixed camera",28,2024,"Fixed camera",11,"duplicate"
"2024-11-01","2024-11-30","VIC","Unknown","Fixed camera",39,2024,"Fixed camera",11,"duplicate"
"2024-11-01","2024-11-30","VIC","0-16","Fixed camera",0,2024,"Fixed camera",11,"duplicate"
"2024-11-01","2024-11-30","VIC","17-25","Fixed camera",0,2024,"Fixed camera",11,"duplicate"
"2024-11-01","2024-11-30","VIC","26-39","Fixed camera",0,2024,"Fixed camera",11,"duplicate"
"2024-11-01","2024-11-30","VIC","40-64","Fixed camera",1,2024,"Fixed camera",11,"duplicate"
"2024-11-01","2024-11-30","VIC","65 and over","Fixed camera",0,2024,"Fixed camera",11,"duplicate"
"2024-11-01","2024-11-30","VIC","Unknown","Fixed camera",0,2024,"Fixed camera",11,"duplicate"
"2024-11-01","2024-11-30","VIC","0-16","Fixed camera",0,2024,"Fixed camera",11,"duplicate"
"2024-11-01","2024-11-30","VIC","17-25","Fixed camera",0,2024,"Fixed camera",11,"duplicate"
"2024-11-01","2024-11-30","VIC","26-39","Fixed camera",0,2024,"Fixed camera",11,"duplicate"
"2024-11-01","2024-11-30","VIC","40-64","Fixed camera",0,2024,"Fixed camera",11,"duplicate"
"2024-11-01","2024-11-30","VIC","65 and over","Fixed camera",0,2024,"Fixed camera",11,"duplicate"
"2024-11-01","2024-11-30","VIC","Unknown","Fixed camera",0,2024,"Fixed camera",11,"duplicate"
"2024-11-01","2024-11-30","VIC","0-16","Fixed camera",0,2024,"Fixed camera",11,"duplicate"
"2024-11-01","2024-11-30","VIC","17-25","Fixed camera",21,2024,"Fixed camera",11,"duplicate"
"2024-11-01","2024-11-30","VIC","26-39","Fixed camera",17,2024,"Fixed camera",11,"duplicate"
"2024-11-01","2024-11-30","VIC","40-64","Fixed camera",22,2024,"Fixed camera",11,"duplicate"
"2024-11-01","2024-11-30","VIC","65 and over","Fixed camera",3,2024,"Fixed camera",11,"duplicate"
"2024-11-01","2024-11-30","VIC","Unknown","Fixed camera",5,2024,"Fixed camera",11,"duplicate"
"2024-11-01","2024-11-30","VIC","0-16","Mobile camera",0,2024,"Mobile camera",11,"chosen"
"2024-11-01","2024-11-30","VIC","17-25","Mobile camera",10,2024,"Mobile camera",11,"chosen"
"2024-11-01","2024-11-30","VIC","26-39","Mobile camera",21,2024,"Mobile camera",11,"chosen"
"2024-11-01","2024-11-30","VIC","40-64","Mobile camera",21,2024,"Mobile camera",11,"chosen"
"2024-11-01","2024-11-30","VIC","65 and over","Mobile camera",8,2024,"Mobile camera",11,"chosen"
"2024-11-01","2024-11-30","VIC","Unknown","Mobile camera",1,2024,"Mobile camera",11,"chosen"
"2024-11-01","2024-11-30","VIC","0-16","Mobile camera",0,2024,"Mobile camera",11,"duplicate"
"2024-11-01","2024-11-30","VIC","17-25","Mobile camera",43,2024,"Mobile camera",11,"duplicate"
"2024-11-01","2024-11-30","VIC","26-39","Mobile camera",58,2024,"Mobile camera",11,"duplicate"
"2024-11-01","2024-11-30","VIC","40-64","Mobile camera",93,2024,"Mobile camera",11,"duplicate"
"2024-11-01","2024-11-30","VIC","65 and over","Mobile camera",14,2024,"Mobile camera",11,"duplicate"
"2024-11-01","2024-11-30","VIC","Unknown","Mobile camera",11,2024,"Mobile camera",11,"duplicate"
"2024-11-01","2024-11-30","VIC","0-16","Mobile camera",0,2024,"Mobile camera",11,"duplicate"
"2024-11-01","2024-11-30","VIC","17-25","Mobile camera",0,2024,"Mobile camera",11,"duplicate"
"2024-11-01","2024-11-30","VIC","26-39","Mobile camera",5,2024,"Mobile camera",11,"duplicate"
"2024-11-01","2024-11-30","VIC","40-64","Mobile camera",10,2024,"Mobile camera",11,"duplicate"
"2024-11-01","2024-11-30","VIC","65 and over","Mobile camera",2,2024,"Mobile camera",11,"duplicate"
"2024-11-01","2024-11-30","VIC","Unknown","Mobile camera",0,2024,"Mobile camera",11,"duplicate"
"2024-11-01","2024-11-30","VIC","0-16","Mobile camera",0,2024,"Mobile camera",11,"duplicate"
"2024-11-01","2024-11-30","VIC","17-25","Mobile camera",0,2024,"Mobile camera",11,"duplicate"
"2024-11-01","2024-11-30","VIC","26-39","Mobile camera",0,2024,"Mobile camera",11,"duplicate"
"2024-11-01","2024-11-30","VIC","40-64","Mobile camera",0,2024,"Mobile camera",11,"duplicate"
"2024-11-01","2024-11-30","VIC","65 and over","Mobile camera",0,2024,"Mobile camera",11,"duplicate"
"2024-11-01","2024-11-30","VIC","Unknown","Mobile camera",0,2024,"Mobile camera",11,"duplicate"
"2024-11-01","2024-11-30","VIC","0-16","Mobile camera",0,2024,"Mobile camera",11,"duplicate"
"2024-11-01","2024-11-30","VIC","17-25","Mobile camera",0,2024,"Mobile camera",11,"duplicate"
"2024-11-01","2024-11-30","VIC","26-39","Mobile camera",0,2024,"Mobile camera",11,"duplicate"
"2024-11-01","2024-11-30","VIC","40-64","Mobile camera",0,2024,"Mobile camera",11,"duplicate"
"2024-11-01","2024-11-30","VIC","65 and over","Mobile camera",0,2024,"Mobile camera",11,"duplicate"
"2024-11-01","2024-11-30","VIC","Unknown","Mobile camera",0,2024,"Mobile camera",11,"duplicate"
"2024-11-01","2024-11-30","VIC","0-16","Police issued",1,2024,"Police issued",11,"unique"
"2024-11-01","2024-11-30","VIC","17-25","Police issued",513,2024,"Police issued",11,"unique"
"2024-11-01","2024-11-30","VIC","26-39","Police issued",636,2024,"Police issued",11,"unique"
"2024-11-01","2024-11-30","VIC","40-64","Police issued",569,2024,"Police issued",11,"unique"
"2024-11-01","2024-11-30","VIC","65 and over","Police issued",104,2024,"Police issued",11,"unique"
"2024-11-01","2024-11-30","WA","17-25","Police issued",8,2024,"Police issued",11,"unique"
"2024-11-01","2024-11-30","WA","26-39","Police issued",23,2024,"Police issued",11,"unique"
"2024-11-01","2024-11-30","WA","40-64","Police issued",28,2024,"Police issued",11,"unique"
"2024-11-01","2024-11-30","WA","65 and over","Police issued",2,2024,"Police issued",11,"unique"
"2024-11-01","2024-11-30","WA","0-16","Unknown",0,2024,"Unknown",11,"unique"
"2024-11-01","2024-11-30","WA","17-25","Unknown",0,2024,"Unknown",11,"unique"
"2024-11-01","2024-11-30","WA","26-39","Unknown",0,2024,"Unknown",11,"unique"
"2024-11-01","2024-11-30","WA","40-64","Unknown",0,2024,"Unknown",11,"unique"
"2024-11-01","2024-11-30","WA","65 and over","Unknown",0,2024,"Unknown",11,"unique"
"2024-12-01","2024-12-31","ACT","0-16","Fixed camera",1,2024,"Fixed camera",12,"unique"
"2024-12-01","2024-12-31","ACT","17-25","Fixed camera",468,2024,"Fixed camera",12,"unique"
"2024-12-01","2024-12-31","ACT","26-39","Fixed camera",1233,2024,"Fixed camera",12,"unique"
"2024-12-01","2024-12-31","ACT","40-64","Fixed camera",1971,2024,"Fixed camera",12,"unique"
"2024-12-01","2024-12-31","ACT","65 and over","Fixed camera",606,2024,"Fixed camera",12,"unique"
"2024-12-01","2024-12-31","ACT","Unknown","Fixed camera",169,2024,"Fixed camera",12,"unique"
"2024-12-01","2024-12-31","ACT","17-25","Mobile camera",159,2024,"Mobile camera",12,"unique"
"2024-12-01","2024-12-31","ACT","26-39","Mobile camera",370,2024,"Mobile camera",12,"unique"
"2024-12-01","2024-12-31","ACT","40-64","Mobile camera",522,2024,"Mobile camera",12,"unique"
"2024-12-01","2024-12-31","ACT","65 and over","Mobile camera",172,2024,"Mobile camera",12,"unique"
"2024-12-01","2024-12-31","ACT","Unknown","Mobile camera",43,2024,"Mobile camera",12,"unique"
"2024-12-01","2024-12-31","ACT","0-16","Police issued",1,2024,"Police issued",12,"unique"
"2024-12-01","2024-12-31","ACT","17-25","Police issued",80,2024,"Police issued",12,"unique"
"2024-12-01","2024-12-31","ACT","26-39","Police issued",108,2024,"Police issued",12,"unique"
"2024-12-01","2024-12-31","ACT","40-64","Police issued",103,2024,"Police issued",12,"unique"
"2024-12-01","2024-12-31","ACT","65 and over","Police issued",12,2024,"Police issued",12,"unique"
"2024-12-01","2024-12-31","ACT","Unknown","Police issued",1,2024,"Police issued",12,"unique"
"2024-12-01","2024-12-31","NSW","Unknown","Fixed camera",43889,2024,"Fixed camera",12,"unique"
"2024-12-01","2024-12-31","NSW","Unknown","Mobile camera",3214,2024,"Mobile camera",12,"unique"
"2024-12-01","2024-12-31","NSW","0-16","Police issued",9,2024,"Police issued",12,"chosen"
"2024-12-01","2024-12-31","NSW","17-25","Police issued",1815,2024,"Police issued",12,"chosen"
"2024-12-01","2024-12-31","NSW","26-39","Police issued",3010,2024,"Police issued",12,"chosen"
"2024-12-01","2024-12-31","NSW","40-64","Police issued",2986,2024,"Police issued",12,"chosen"
"2024-12-01","2024-12-31","NSW","65 and over","Police issued",725,2024,"Police issued",12,"chosen"
"2024-12-01","2024-12-31","NSW","0-16","Police issued",11,2024,"Police issued",12,"duplicate"
"2024-12-01","2024-12-31","NSW","17-25","Police issued",2424,2024,"Police issued",12,"duplicate"
"2024-12-01","2024-12-31","NSW","26-39","Police issued",2584,2024,"Police issued",12,"duplicate"
"2024-12-01","2024-12-31","NSW","40-64","Police issued",2291,2024,"Police issued",12,"duplicate"
"2024-12-01","2024-12-31","NSW","65 and over","Police issued",372,2024,"Police issued",12,"duplicate"
"2024-12-01","2024-12-31","NSW","17-25","Police issued",468,2024,"Police issued",12,"duplicate"
"2024-12-01","2024-12-31","NSW","26-39","Police issued",705,2024,"Police issued",12,"duplicate"
"2024-12-01","2024-12-31","NSW","40-64","Police issued",825,2024,"Police issued",12,"duplicate"
"2024-12-01","2024-12-31","NSW","65 and over","Police issued",229,2024,"Police issued",12,"duplicate"
"2024-12-01","2024-12-31","NSW","0-16","Police issued",1,2024,"Police issued",12,"duplicate"
"2024-12-01","2024-12-31","NSW","17-25","Police issued",59,2024,"Police issued",12,"duplicate"
"2024-12-01","2024-12-31","NSW","26-39","Police issued",68,2024,"Police issued",12,"duplicate"
"2024-12-01","2024-12-31","NSW","40-64","Police issued",88,2024,"Police issued",12,"duplicate"
"2024-12-01","2024-12-31","NSW","65 and over","Police issued",13,2024,"Police issued",12,"duplicate"
"2024-12-01","2024-12-31","NSW","17-25","Police issued",88,2024,"Police issued",12,"duplicate"
"2024-12-01","2024-12-31","NSW","26-39","Police issued",102,2024,"Police issued",12,"duplicate"
"2024-12-01","2024-12-31","NSW","40-64","Police issued",109,2024,"Police issued",12,"duplicate"
"2024-12-01","2024-12-31","NSW","65 and over","Police issued",16,2024,"Police issued",12,"duplicate"
"2024-12-01","2024-12-31","NSW","17-25","Police issued",6,2024,"Police issued",12,"duplicate"
"2024-12-01","2024-12-31","NSW","26-39","Police issued",7,2024,"Police issued",12,"duplicate"
"2024-12-01","2024-12-31","NSW","40-64","Police issued",11,2024,"Police issued",12,"duplicate"
"2024-12-01","2024-12-31","NSW","65 and over","Police issued",3,2024,"Police issued",12,"duplicate"
"2024-12-01","2024-12-31","NSW","Unknown","Red light camera",21383,2024,"Red light camera",12,"unique"
"2024-12-01","2024-12-31","NT","0-16","Fixed camera",1,2024,"Fixed camera",12,"unique"
"2024-12-01","2024-12-31","NT","17-25","Fixed camera",53,2024,"Fixed camera",12,"unique"
"2024-12-01","2024-12-31","NT","26-39","Fixed camera",196,2024,"Fixed camera",12,"unique"
"2024-12-01","2024-12-31","NT","40-64","Fixed camera",245,2024,"Fixed camera",12,"unique"
"2024-12-01","2024-12-31","NT","65 and over","Fixed camera",63,2024,"Fixed camera",12,"unique"
"2024-12-01","2024-12-31","NT","Unknown","Fixed camera",33,2024,"Fixed camera",12,"unique"
"2024-12-01","2024-12-31","NT","0-16","Mobile camera",1,2024,"Mobile camera",12,"unique"
"2024-12-01","2024-12-31","NT","17-25","Mobile camera",338,2024,"Mobile camera",12,"unique"
"2024-12-01","2024-12-31","NT","26-39","Mobile camera",848,2024,"Mobile camera",12,"unique"
"2024-12-01","2024-12-31","NT","40-64","Mobile camera",1033,2024,"Mobile camera",12,"unique"
"2024-12-01","2024-12-31","NT","65 and over","Mobile camera",246,2024,"Mobile camera",12,"unique"
"2024-12-01","2024-12-31","NT","Unknown","Mobile camera",129,2024,"Mobile camera",12,"unique"
"2024-12-01","2024-12-31","NT","0-16","Other",0,2024,"Other",12,"unique"
"2024-12-01","2024-12-31","NT","17-25","Other",0,2024,"Other",12,"unique"
"2024-12-01","2024-12-31","NT","26-39","Other",0,2024,"Other",12,"unique"
"2024-12-01","2024-12-31","NT","40-64","Other",0,2024,"Other",12,"unique"
"2024-12-01","2024-12-31","NT","65 and over","Other",0,2024,"Other",12,"unique"
"2024-12-01","2024-12-31","NT","17-25","Police issued",101,2024,"Police issued",12,"unique"
"2024-12-01","2024-12-31","NT","26-39","Police issued",185,2024,"Police issued",12,"unique"
"2024-12-01","2024-12-31","NT","40-64","Police issued",159,2024,"Police issued",12,"unique"
"2024-12-01","2024-12-31","NT","65 and over","Police issued",21,2024,"Police issued",12,"unique"
"2024-12-01","2024-12-31","QLD","0-16","Fixed camera",893,2024,"Fixed camera",12,"unique"
"2024-12-01","2024-12-31","QLD","17-25","Fixed camera",3404,2024,"Fixed camera",12,"unique"
"2024-12-01","2024-12-31","QLD","26-39","Fixed camera",7497,2024,"Fixed camera",12,"unique"
"2024-12-01","2024-12-31","QLD","40-64","Fixed camera",10171,2024,"Fixed camera",12,"unique"
"2024-12-01","2024-12-31","QLD","65 and over","Fixed camera",2705,2024,"Fixed camera",12,"unique"
"2024-12-01","2024-12-31","QLD","Unknown","Fixed camera",108,2024,"Fixed camera",12,"unique"
"2024-12-01","2024-12-31","QLD","0-16","Mobile camera",1024,2024,"Mobile camera",12,"unique"
"2024-12-01","2024-12-31","QLD","17-25","Mobile camera",5492,2024,"Mobile camera",12,"unique"
"2024-12-01","2024-12-31","QLD","26-39","Mobile camera",11027,2024,"Mobile camera",12,"unique"
"2024-12-01","2024-12-31","QLD","40-64","Mobile camera",15374,2024,"Mobile camera",12,"unique"
"2024-12-01","2024-12-31","QLD","65 and over","Mobile camera",4072,2024,"Mobile camera",12,"unique"
"2024-12-01","2024-12-31","QLD","Unknown","Mobile camera",116,2024,"Mobile camera",12,"unique"
"2024-12-01","2024-12-31","QLD","0-16","Police issued",5,2024,"Police issued",12,"unique"
"2024-12-01","2024-12-31","QLD","17-25","Police issued",2611,2024,"Police issued",12,"unique"
"2024-12-01","2024-12-31","QLD","26-39","Police issued",3390,2024,"Police issued",12,"unique"
"2024-12-01","2024-12-31","QLD","40-64","Police issued",3627,2024,"Police issued",12,"unique"
"2024-12-01","2024-12-31","QLD","65 and over","Police issued",698,2024,"Police issued",12,"unique"
"2024-12-01","2024-12-31","QLD","Unknown","Police issued",1,2024,"Police issued",12,"unique"
"2024-12-01","2024-12-31","SA","17-25","Fixed camera",50,2024,"Fixed camera",12,"chosen"
"2024-12-01","2024-12-31","SA","26-39","Fixed camera",113,2024,"Fixed camera",12,"chosen"
"2024-12-01","2024-12-31","SA","40-64","Fixed camera",132,2024,"Fixed camera",12,"chosen"
"2024-12-01","2024-12-31","SA","65 and over","Fixed camera",33,2024,"Fixed camera",12,"chosen"
"2024-12-01","2024-12-31","SA","Unknown","Fixed camera",17,2024,"Fixed camera",12,"chosen"
"2024-12-01","2024-12-31","SA","0-16","Fixed camera",1,2024,"Fixed camera",12,"unique"
"2024-12-01","2024-12-31","SA","17-25","Fixed camera",410,2024,"Fixed camera",12,"duplicate"
"2024-12-01","2024-12-31","SA","26-39","Fixed camera",1035,2024,"Fixed camera",12,"duplicate"
"2024-12-01","2024-12-31","SA","40-64","Fixed camera",1982,2024,"Fixed camera",12,"duplicate"
"2024-12-01","2024-12-31","SA","65 and over","Fixed camera",832,2024,"Fixed camera",12,"duplicate"
"2024-12-01","2024-12-31","SA","Unknown","Fixed camera",196,2024,"Fixed camera",12,"duplicate"
"2024-12-01","2024-12-31","SA","17-25","Fixed camera",17,2024,"Fixed camera",12,"duplicate"
"2024-12-01","2024-12-31","SA","26-39","Fixed camera",39,2024,"Fixed camera",12,"duplicate"
"2024-12-01","2024-12-31","SA","40-64","Fixed camera",55,2024,"Fixed camera",12,"duplicate"
"2024-12-01","2024-12-31","SA","65 and over","Fixed camera",16,2024,"Fixed camera",12,"duplicate"
"2024-12-01","2024-12-31","SA","Unknown","Fixed camera",2,2024,"Fixed camera",12,"duplicate"
"2024-12-01","2024-12-31","SA","17-25","Mobile camera",114,2024,"Mobile camera",12,"chosen"
"2024-12-01","2024-12-31","SA","26-39","Mobile camera",350,2024,"Mobile camera",12,"chosen"
"2024-12-01","2024-12-31","SA","40-64","Mobile camera",620,2024,"Mobile camera",12,"chosen"
"2024-12-01","2024-12-31","SA","65 and over","Mobile camera",313,2024,"Mobile camera",12,"chosen"
"2024-12-01","2024-12-31","SA","Unknown","Mobile camera",43,2024,"Mobile camera",12,"chosen"
"2024-12-01","2024-12-31","SA","17-25","Mobile camera",530,2024,"Mobile camera",12,"duplicate"
"2024-12-01","2024-12-31","SA","26-39","Mobile camera",1284,2024,"Mobile camera",12,"duplicate"
"2024-12-01","2024-12-31","SA","40-64","Mobile camera",2306,2024,"Mobile camera",12,"duplicate"
"2024-12-01","2024-12-31","SA","65 and over","Mobile camera",715,2024,"Mobile camera",12,"duplicate"
"2024-12-01","2024-12-31","SA","Unknown","Mobile camera",162,2024,"Mobile camera",12,"duplicate"
"2024-12-01","2024-12-31","SA","17-25","Mobile camera",24,2024,"Mobile camera",12,"duplicate"
"2024-12-01","2024-12-31","SA","26-39","Mobile camera",88,2024,"Mobile camera",12,"duplicate"
"2024-12-01","2024-12-31","SA","40-64","Mobile camera",182,2024,"Mobile camera",12,"duplicate"
"2024-12-01","2024-12-31","SA","65 and over","Mobile camera",93,2024,"Mobile camera",12,"duplicate"
"2024-12-01","2024-12-31","SA","Unknown","Mobile camera",9,2024,"Mobile camera",12,"duplicate"
"2024-12-01","2024-12-31","SA","26-39","Mobile camera",10,2024,"Mobile camera",12,"duplicate"
"2024-12-01","2024-12-31","SA","40-64","Mobile camera",2,2024,"Mobile camera",12,"duplicate"
"2024-12-01","2024-12-31","SA","65 and over","Mobile camera",1,2024,"Mobile camera",12,"duplicate"
"2024-12-01","2024-12-31","SA","Unknown","Mobile camera",1,2024,"Mobile camera",12,"duplicate"
"2024-12-01","2024-12-31","SA","0-16","Police issued",2,2024,"Police issued",12,"chosen"
"2024-12-01","2024-12-31","SA","17-25","Police issued",253,2024,"Police issued",12,"chosen"
"2024-12-01","2024-12-31","SA","26-39","Police issued",532,2024,"Police issued",12,"chosen"
"2024-12-01","2024-12-31","SA","40-64","Police issued",694,2024,"Police issued",12,"chosen"
"2024-12-01","2024-12-31","SA","65 and over","Police issued",191,2024,"Police issued",12,"chosen"
"2024-12-01","2024-12-31","SA","Unknown","Police issued",3,2024,"Police issued",12,"chosen"
"2024-12-01","2024-12-31","SA","17-25","Police issued",325,2024,"Police issued",12,"duplicate"
"2024-12-01","2024-12-31","SA","26-39","Police issued",474,2024,"Police issued",12,"duplicate"
"2024-12-01","2024-12-31","SA","40-64","Police issued",563,2024,"Police issued",12,"duplicate"
"2024-12-01","2024-12-31","SA","65 and over","Police issued",133,2024,"Police issued",12,"duplicate"
"2024-12-01","2024-12-31","SA","0-16","Police issued",1,2024,"Police issued",12,"duplicate"
"2024-12-01","2024-12-31","SA","17-25","Police issued",251,2024,"Police issued",12,"duplicate"
"2024-12-01","2024-12-31","SA","26-39","Police issued",500,2024,"Police issued",12,"duplicate"
"2024-12-01","2024-12-31","SA","40-64","Police issued",634,2024,"Police issued",12,"duplicate"
"2024-12-01","2024-12-31","SA","65 and over","Police issued",160,2024,"Police issued",12,"duplicate"
"2024-12-01","2024-12-31","SA","17-25","Police issued",48,2024,"Police issued",12,"duplicate"
"2024-12-01","2024-12-31","SA","26-39","Police issued",104,2024,"Police issued",12,"duplicate"
"2024-12-01","2024-12-31","SA","40-64","Police issued",126,2024,"Police issued",12,"duplicate"
"2024-12-01","2024-12-31","SA","65 and over","Police issued",23,2024,"Police issued",12,"duplicate"
"2024-12-01","2024-12-31","SA","17-25","Police issued",21,2024,"Police issued",12,"duplicate"
"2024-12-01","2024-12-31","SA","26-39","Police issued",50,2024,"Police issued",12,"duplicate"
"2024-12-01","2024-12-31","SA","40-64","Police issued",58,2024,"Police issued",12,"duplicate"
"2024-12-01","2024-12-31","SA","65 and over","Police issued",21,2024,"Police issued",12,"duplicate"
"2024-12-01","2024-12-31","SA","Unknown","Police issued",1,2024,"Police issued",12,"duplicate"
"2024-12-01","2024-12-31","SA","17-25","Police issued",22,2024,"Police issued",12,"duplicate"
"2024-12-01","2024-12-31","SA","26-39","Police issued",69,2024,"Police issued",12,"duplicate"
"2024-12-01","2024-12-31","SA","40-64","Police issued",56,2024,"Police issued",12,"duplicate"
"2024-12-01","2024-12-31","SA","65 and over","Police issued",9,2024,"Police issued",12,"duplicate"
"2024-12-01","2024-12-31","TAS","17-25","Fixed or mobile camera",621,2024,"Camera (fixed/mobile)",12,"unique"
"2024-12-01","2024-12-31","TAS","26-39","Fixed or mobile camera",1570,2024,"Camera (fixed/mobile)",12,"unique"
"2024-12-01","2024-12-31","TAS","40-64","Fixed or mobile camera",2323,2024,"Camera (fixed/mobile)",12,"unique"
"2024-12-01","2024-12-31","TAS","65 and over","Fixed or mobile camera",1041,2024,"Camera (fixed/mobile)",12,"unique"
"2024-12-01","2024-12-31","TAS","Unknown","Fixed or mobile camera",1,2024,"Camera (fixed/mobile)",12,"unique"
"2024-12-01","2024-12-31","TAS","0-16","Police issued",0,2024,"Police issued",12,"unique"
"2024-12-01","2024-12-31","TAS","17-25","Police issued",470,2024,"Police issued",12,"unique"
"2024-12-01","2024-12-31","TAS","26-39","Police issued",812,2024,"Police issued",12,"unique"
"2024-12-01","2024-12-31","TAS","40-64","Police issued",817,2024,"Police issued",12,"unique"
"2024-12-01","2024-12-31","TAS","65 and over","Police issued",289,2024,"Police issued",12,"unique"
"2024-12-01","2024-12-31","VIC","0-16","Fixed camera",0,2024,"Fixed camera",12,"chosen"
"2024-12-01","2024-12-31","VIC","17-25","Fixed camera",9,2024,"Fixed camera",12,"chosen"
"2024-12-01","2024-12-31","VIC","26-39","Fixed camera",15,2024,"Fixed camera",12,"chosen"
"2024-12-01","2024-12-31","VIC","40-64","Fixed camera",4,2024,"Fixed camera",12,"chosen"
"2024-12-01","2024-12-31","VIC","65 and over","Fixed camera",5,2024,"Fixed camera",12,"chosen"
"2024-12-01","2024-12-31","VIC","Unknown","Fixed camera",1,2024,"Fixed camera",12,"chosen"
"2024-12-01","2024-12-31","VIC","0-16","Fixed camera",0,2024,"Fixed camera",12,"duplicate"
"2024-12-01","2024-12-31","VIC","17-25","Fixed camera",59,2024,"Fixed camera",12,"duplicate"
"2024-12-01","2024-12-31","VIC","26-39","Fixed camera",89,2024,"Fixed camera",12,"duplicate"
"2024-12-01","2024-12-31","VIC","40-64","Fixed camera",90,2024,"Fixed camera",12,"duplicate"
"2024-12-01","2024-12-31","VIC","65 and over","Fixed camera",28,2024,"Fixed camera",12,"duplicate"
"2024-12-01","2024-12-31","VIC","Unknown","Fixed camera",20,2024,"Fixed camera",12,"duplicate"
"2024-12-01","2024-12-31","VIC","0-16","Fixed camera",0,2024,"Fixed camera",12,"duplicate"
"2024-12-01","2024-12-31","VIC","17-25","Fixed camera",0,2024,"Fixed camera",12,"duplicate"
"2024-12-01","2024-12-31","VIC","26-39","Fixed camera",1,2024,"Fixed camera",12,"duplicate"
"2024-12-01","2024-12-31","VIC","40-64","Fixed camera",0,2024,"Fixed camera",12,"duplicate"
"2024-12-01","2024-12-31","VIC","65 and over","Fixed camera",0,2024,"Fixed camera",12,"duplicate"
"2024-12-01","2024-12-31","VIC","Unknown","Fixed camera",0,2024,"Fixed camera",12,"duplicate"
"2024-12-01","2024-12-31","VIC","0-16","Fixed camera",0,2024,"Fixed camera",12,"duplicate"
"2024-12-01","2024-12-31","VIC","17-25","Fixed camera",0,2024,"Fixed camera",12,"duplicate"
"2024-12-01","2024-12-31","VIC","26-39","Fixed camera",0,2024,"Fixed camera",12,"duplicate"
"2024-12-01","2024-12-31","VIC","40-64","Fixed camera",0,2024,"Fixed camera",12,"duplicate"
"2024-12-01","2024-12-31","VIC","65 and over","Fixed camera",0,2024,"Fixed camera",12,"duplicate"
"2024-12-01","2024-12-31","VIC","Unknown","Fixed camera",0,2024,"Fixed camera",12,"duplicate"
"2024-12-01","2024-12-31","VIC","0-16","Fixed camera",0,2024,"Fixed camera",12,"duplicate"
"2024-12-01","2024-12-31","VIC","17-25","Fixed camera",17,2024,"Fixed camera",12,"duplicate"
"2024-12-01","2024-12-31","VIC","26-39","Fixed camera",11,2024,"Fixed camera",12,"duplicate"
"2024-12-01","2024-12-31","VIC","40-64","Fixed camera",26,2024,"Fixed camera",12,"duplicate"
"2024-12-01","2024-12-31","VIC","65 and over","Fixed camera",3,2024,"Fixed camera",12,"duplicate"
"2024-12-01","2024-12-31","VIC","Unknown","Fixed camera",3,2024,"Fixed camera",12,"duplicate"
"2024-12-01","2024-12-31","VIC","0-16","Mobile camera",0,2024,"Mobile camera",12,"chosen"
"2024-12-01","2024-12-31","VIC","17-25","Mobile camera",24,2024,"Mobile camera",12,"chosen"
"2024-12-01","2024-12-31","VIC","26-39","Mobile camera",21,2024,"Mobile camera",12,"chosen"
"2024-12-01","2024-12-31","VIC","40-64","Mobile camera",45,2024,"Mobile camera",12,"chosen"
"2024-12-01","2024-12-31","VIC","65 and over","Mobile camera",8,2024,"Mobile camera",12,"chosen"
"2024-12-01","2024-12-31","VIC","Unknown","Mobile camera",1,2024,"Mobile camera",12,"chosen"
"2024-12-01","2024-12-31","VIC","0-16","Mobile camera",0,2024,"Mobile camera",12,"duplicate"
"2024-12-01","2024-12-31","VIC","17-25","Mobile camera",85,2024,"Mobile camera",12,"duplicate"
"2024-12-01","2024-12-31","VIC","26-39","Mobile camera",91,2024,"Mobile camera",12,"duplicate"
"2024-12-01","2024-12-31","VIC","40-64","Mobile camera",158,2024,"Mobile camera",12,"duplicate"
"2024-12-01","2024-12-31","VIC","65 and over","Mobile camera",20,2024,"Mobile camera",12,"duplicate"
"2024-12-01","2024-12-31","VIC","Unknown","Mobile camera",22,2024,"Mobile camera",12,"duplicate"
"2024-12-01","2024-12-31","VIC","0-16","Mobile camera",0,2024,"Mobile camera",12,"duplicate"
"2024-12-01","2024-12-31","VIC","17-25","Mobile camera",6,2024,"Mobile camera",12,"duplicate"
"2024-12-01","2024-12-31","VIC","26-39","Mobile camera",3,2024,"Mobile camera",12,"duplicate"
"2024-12-01","2024-12-31","VIC","40-64","Mobile camera",2,2024,"Mobile camera",12,"duplicate"
"2024-12-01","2024-12-31","VIC","65 and over","Mobile camera",1,2024,"Mobile camera",12,"duplicate"
"2024-12-01","2024-12-31","VIC","Unknown","Mobile camera",1,2024,"Mobile camera",12,"duplicate"
"2024-12-01","2024-12-31","VIC","0-16","Mobile camera",0,2024,"Mobile camera",12,"duplicate"
"2024-12-01","2024-12-31","VIC","17-25","Mobile camera",0,2024,"Mobile camera",12,"duplicate"
"2024-12-01","2024-12-31","VIC","26-39","Mobile camera",0,2024,"Mobile camera",12,"duplicate"
"2024-12-01","2024-12-31","VIC","40-64","Mobile camera",0,2024,"Mobile camera",12,"duplicate"
"2024-12-01","2024-12-31","VIC","65 and over","Mobile camera",0,2024,"Mobile camera",12,"duplicate"
"2024-12-01","2024-12-31","VIC","Unknown","Mobile camera",0,2024,"Mobile camera",12,"duplicate"
"2024-12-01","2024-12-31","VIC","0-16","Mobile camera",0,2024,"Mobile camera",12,"duplicate"
"2024-12-01","2024-12-31","VIC","17-25","Mobile camera",0,2024,"Mobile camera",12,"duplicate"
"2024-12-01","2024-12-31","VIC","26-39","Mobile camera",0,2024,"Mobile camera",12,"duplicate"
"2024-12-01","2024-12-31","VIC","40-64","Mobile camera",0,2024,"Mobile camera",12,"duplicate"
"2024-12-01","2024-12-31","VIC","65 and over","Mobile camera",0,2024,"Mobile camera",12,"duplicate"
"2024-12-01","2024-12-31","VIC","Unknown","Mobile camera",0,2024,"Mobile camera",12,"duplicate"
"2024-12-01","2024-12-31","VIC","0-16","Police issued",5,2024,"Police issued",12,"unique"
"2024-12-01","2024-12-31","VIC","17-25","Police issued",608,2024,"Police issued",12,"unique"
"2024-12-01","2024-12-31","VIC","26-39","Police issued",750,2024,"Police issued",12,"unique"
"2024-12-01","2024-12-31","VIC","40-64","Police issued",661,2024,"Police issued",12,"unique"
"2024-12-01","2024-12-31","VIC","65 and over","Police issued",115,2024,"Police issued",12,"unique"
"2024-12-01","2024-12-31","VIC","Unknown","Police issued",1,2024,"Police issued",12,"unique"
"2024-12-01","2024-12-31","WA","17-25","Police issued",1,2024,"Police issued",12,"unique"
"2024-12-01","2024-12-31","WA","26-39","Police issued",2,2024,"Police issued",12,"unique"
"2024-12-01","2024-12-31","WA","40-64","Police issued",2,2024,"Police issued",12,"unique"
"2024-12-01","2024-12-31","WA","17-25","Unknown",0,2024,"Unknown",12,"unique"
"2024-12-01","2024-12-31","WA","26-39","Unknown",0,2024,"Unknown",12,"unique"
"2024-12-01","2024-12-31","WA","40-64","Unknown",0,2024,"Unknown",12,"unique"
"2024-12-01","2024-12-31","WA","65 and over","Unknown",0,2024,"Unknown",12,"unique"
